Kabupaten/Kota;bahan makanan lainnya_2018;bahan makanan lainnya_2019;bahan makanan lainnya_2020;bahan makanan lainnya_2021;bahan makanan lainnya_2022;bahan makanan lainnya_2023;bahan makanan lainnya_2024;buah_2018;buah_2019;buah_2020;buah_2021;buah_2022;buah_2023;buah_2024;daging_2018;daging_2019;daging_2020;daging_2021;daging_2022;daging_2023;daging_2024;ikan_2018;ikan_2019;ikan_2020;ikan_2021;ikan_2022;ikan_2023;ikan_2024;kacang_2018;kacang_2019;kacang_2020;kacang_2021;kacang_2022;kacang_2023;kacang_2024;makanan jadi_2018;makanan jadi_2019;makanan jadi_2020;makanan jadi_2021;makanan jadi_2022;makanan jadi_2023;makanan jadi_2024;padi_2018;padi_2019;padi_2020;padi_2021;padi_2022;padi_2023;padi_2024;rokok_2018;rokok_2019;rokok_2020;rokok_2021;rokok_2022;rokok_2023;rokok_2024;sayur_2018;sayur_2019;sayur_2020;sayur_2021;sayur_2022;sayur_2023;sayur_2024;telur susu_2018;telur susu_2019;telur susu_2020;telur susu_2021;telur susu_2022;telur susu_2023;telur susu_2024;umbi_2018;umbi_2019;umbi_2020;umbi_2021;umbi_2022;umbi_2023;umbi_2024;Garis Kemiskinan_2018;Garis Kemiskinan_2019;Garis Kemiskinan_2020;Garis Kemiskinan_2021;Garis Kemiskinan_2022;Garis Kemiskinan_2023;Garis Kemiskinan_2024;Indeks Kedalaman Kemiskinan (P1)_2018;Indeks Kedalaman Kemiskinan (P1)_2019;Indeks Kedalaman Kemiskinan (P1)_2020;Indeks Kedalaman Kemiskinan (P1)_2021;Indeks Kedalaman Kemiskinan (P1)_2022;Indeks Kedalaman Kemiskinan (P1)_2023;Indeks Kedalaman Kemiskinan (P1)_2024;Prevalensi Ketidakcukupan Konsumsi Pangan_2018;Prevalensi Ketidakcukupan Konsumsi Pangan_2019;Prevalensi Ketidakcukupan Konsumsi Pangan_2020;Prevalensi Ketidakcukupan Konsumsi Pangan_2021;Prevalensi Ketidakcukupan Konsumsi Pangan_2022;Prevalensi Ketidakcukupan Konsumsi Pangan_2023;Prevalensi Ketidakcukupan Konsumsi Pangan_2024
Aceh Barat;3192.75;3234.69;3812.11;4128.64;4023.34;3635.78;3737;11118;14018;16863;18755;22116.56;18902.89;22320;5631.68;6230.35;8250.08;11756.04;11762.37;9399.35;10855;38804;38195;45591;55818;58000.26;59970.59;61141;3148.42;3109.94;4098.36;4375.44;4389.57;3981.22;4064;73866;100117;113469;134709;130952.87;120902.28;128224;34957;35807.77;34632.81;41012.55;33876.09;37491.57;44020;51011.92;44677.53;52454.52;61550.9;58779.15;72729.32;60603;20942;17857;23670;27045;29483.38;28799.37;31640;11586.1;10770.81;13525.93;13931.32;12886.3;11770.47;12390;2032.18;1995.96;2755.94;3264.15;4036.49;3317.3;3194;447089;471058;517264;533712;558638;616091;644009;3.91;3.53;2.74;3.82;2.22;2.47;3.02;8.01;7.74;6.4;4.09;6.55;6.16;8.41
Aceh Barat Daya;2281.92;2339.13;2671.47;2593.22;3190.73;3685.6;4354;6437;9639;9534;8336;10226.35;11312.68;14461;3135.53;3095.81;3809.47;5511.43;4255.19;3978.81;7036;25908;28309;29855;33980;32599.89;43999.09;44308;1800.61;1827.48;2416.99;2188.98;1901.9;2554.59;3022;67048;71263;82777;69158;66388.17;82768.15;86687;41205.41;37615.13;38891.03;38774.47;36584.5;44635.62;50216;28365.51;36041.51;40978.96;40432.04;48884.29;49204.21;54514;15919;14215;18623;20406;20804.41;21707.16;27582;8504.87;8001.91;7372.79;8747.65;7141.14;8792.42;9770;1058.45;1289.4;1792.43;1697.73;1477.62;1657.71;2044;340903;358059;393640;406157;430297;474127;516947;2.15;1.97;3.41;2.88;1.69;3.15;2.31;10.92;11.29;8.63;7.99;12.82;9.64;8.81
Aceh Besar;3408.87;3324.87;3667.63;4612.71;4331.66;4139.69;4853;12129;9832;11433;11054;13019.2;10961.15;13378;7323.96;7879.04;8583.59;9366.1;8696.2;8636.64;10236;42118;44880;40678;45966;42010.18;43403.9;42398;3264.91;3009.79;3637.07;3552.91;3549.35;3307.06;3583;99971;95398;93818;102891;87553.5;92280.38;113586;27427.49;28191.28;29094.3;32544.6;32893.38;38382.78;44193;28206.81;35261.27;31991.9;40522.65;31294.96;36396.52;41696;18772;18257;19896;23601;23832.1;23710.27;28103;15425.75;13830.07;14121.33;12491.44;11059.09;15539.3;14295;1964.93;1720.84;2338.35;2418.89;2520.01;2540.56;2674;422051;447563;477938;489498;519320;564431;586860;3.4;2.56;2.4;2.32;2.09;2;1.88;6.7;7.1;9.63;5.91;10.46;8.58;8.13
Aceh Jaya;3647.29;3565.48;3587.37;3948.92;4511.68;4209.98;4986;10055;10042;9744;16096;17323.17;14643.94;17576;6120.3;7275.87;5807.31;8670.88;12511.03;9423;9486;37462;41226;39777;47921;46480.87;52030.2;51920;2144;2656.49;2473.27;3388.5;3311.56;3336.43;3479;79257;81620;87405;115197;97693.86;92677.91;135117;35277.41;39372.78;37566.81;40583.74;41770.65;46917.89;50273;56379.67;50960.62;52411.06;60138.65;57976.31;58514.54;70208;17904;18949;22123;22913;24573.27;25887.33;28396;9848.42;10045.55;9134.65;10366.23;12622.35;11878.72;13390;1871.8;1927.13;2572.54;3083.65;2685.17;2838.64;3065;373690;391677;428094;441706;468854;515244;536092;2.4;2.49;2.19;2.06;1.61;2.22;1.39;8.64;9.21;8.97;6.38;9.33;9.44;8.43
Aceh Selatan;2994.72;2868.83;3396.62;3410.93;3135.76;3119.74;3844;8179;9704;10175;8962;10207.4;9178.39;11364;1751.88;2880.08;5470.38;3702.13;4699.91;5204.57;5793;31737;36013;37250;33196;35615.31;32549.53;41032;1838.91;1977.66;2571.57;2648.88;2033.67;1773.21;2904;63900;66389;76772;76655;48437.92;53942.54;63987;38601.7;37709.83;37349.6;42147.14;40921.78;40778.44;47277;31066.7;36259.55;37407.84;46868.98;50836.84;51833;45554;17894;17534;22705;21832;23718.96;20338.22;29540;7938.34;8195.5;9429.86;8984.07;7208.98;7717.43;9548;1039.92;1433.9;1561.36;1997.63;1765.96;1206.85;2320;351288;369107;405786;418689;446224;494565;528243;1.78;1.58;2.13;1.69;1.31;1.85;1.57;11.76;11.08;8.57;7.81;16.02;13.7;10.44
Aceh Singkil;3167.67;2326.52;3220.42;3557.8;3986.43;4537.87;3659;10539;9149;10345;10687;15718.06;14754.34;12727;6323.92;3632.37;6797.63;8061.87;11852.26;10648.45;9343;32336;29848;32042;35121;38741.55;44277.64;42617;3269.98;3221.15;3518.19;4067.85;4378.31;4866.22;4788;68136;53939;53482;53993;55903.96;71327.69;66538;34420.67;43722.44;36514.21;37094.63;34994.19;46934.55;55255;43414.56;36331.78;36815.21;37034.79;40673.71;56642.34;49406;22587;21223;26192;28523;31561.99;33447.15;35841;13417.35;9688.75;11742.73;10999.62;11079.61;14127.37;14655;2413.33;2286.47;2329.02;3298.93;3375.91;3935.34;3215;427804;450217;473983;487249;518951;568691;609322;4.85;3.83;3.55;3.67;3.18;2.99;3.06;6.36;8.35;7.19;6.37;9.8;7.31;7.41
Aceh Tamiang;2715.11;2681.88;2533.09;2862.32;3321.09;3420.72;3431;8736;8593;8278;9171;10826.99;11930.26;14849;5208.22;5176.94;4530.23;5337.05;7404.72;8288.96;8113;23217;25090;21961;26851;31680.69;33228.69;35227;3770.88;3393.9;3874.72;3910.12;3981.48;5039.1;5057;53444;59882;55236;64815;73502.97;76710.58;77063;24585.91;27777.41;31809.64;35127.25;33813.57;30837.14;36897;26399.15;27047.39;27678.83;28867.79;34028.68;37920.74;36620;19557;17359;19250;20861;25691.66;24607.53;28467;13947.12;11133.6;11391.78;12086.87;12683.75;12976.08;12792;1521.51;1317.98;1349.01;1690.4;1982.62;2980.39;2645;420841;437991;459387;479801;508599;555387;583294;1.54;1.65;1.61;1.67;1.8;1.94;1.47;12.96;13.66;12.29;9.29;15.13;12.05;9.98
Aceh Tengah;3084.02;3717.5;3843.49;4375.09;5204.48;3877.7;5386;15662;19396;21243;17097;20428.77;21000.95;28385;5916.52;5651.11;9848.88;10513.69;8086.81;8325.15;9023;27614;28468;31761;34652;33480.17;35403.02;34286;5048.83;4803.64;5862.85;5907;5964.25;5714.77;6058;68318;82882;98210;96599;72139.93;79644.12;88399;44807.15;41299.93;41653;37617.19;40272.45;42995.98;49739;40754.32;40485.52;50124.51;54710.36;50127.8;52726.35;56942;24349;21924;27328;30990;32526.27;28995.86;34238;13458.87;13071.47;17283.22;15722.02;12214.58;11774.04;13762;2922.43;2663.39;3473.45;3711.18;4123.27;4010.82;4556;445250;468577;492227;505933;533810;584863;626090;1.75;2.08;2.89;2.88;2.41;2.21;2.12;6.71;7.06;6.47;5.46;10;8.61;8.9
Aceh Tenggara;2937.14;3014.88;2779.1;3298.04;3405.92;3588.52;3730;7581;7807;8512;7921;8579.78;10763.19;12090;8441.73;9658.93;9888.32;10867.46;10726.38;10961.86;13602;31814;30477;27798;35625;36212.2;34226.53;37033;3293.05;3313.38;2951.02;3624.91;3729.98;3446.93;3885;69445;57400;60133;56674;54664.77;61556.03;70414;42459.52;42181.47;44490.58;43645.21;42274.81;47174.09;47839;41250.48;40692.3;40328.52;43156.36;45883.21;49947.3;49164;21410;20714;20260;22256;27292.6;24422.69;29369;10632.35;8936.36;9889.93;12109.83;9363.04;11695.78;11831;2228.38;2176.69;1347.66;2404.83;2245.7;2154.83;2733;340196;357015;392493;404725;430825;471301;496074;2.23;2.37;1.62;2.51;1.92;1.59;1.64;7.54;10.56;9.42;6.75;13.69;12.97;9.44
Aceh Timur;2190.84;2125.07;2591.57;2787.19;3343.88;3285.96;3288;7809;8037;10262;7197;13353.64;11261.87;11624;4903.24;4627.62;4377.89;4452.78;11161.77;8526.76;8896;31926;29674;35339;35375;42870.86;40504.23;39070;2436.64;2110.62;2923.92;2659.04;2964.78;2708.16;2936;79766;70558;85336;78792;96599.81;86767.29;86872;30264.62;32700.97;32269.24;33527.71;34427.13;40032.86;43928;44163.47;43398.35;51536.76;45861.76;56603.83;46888.89;56754;14838;15447;20526;21417;28958.72;23193.1;25418;9325.62;7297.83;9831.56;9245.89;9098.05;8881.65;8679;1399.16;1221.23;1834.36;2136.24;2470.56;2162.05;2425;398493;417715;440455;460422;491550;530934;557943;2.03;1.89;2.29;2.31;2.78;2.43;2.04;7.28;10.42;7.03;7.2;9.05;8.61;8.71
Aceh Utara;2328.68;2416.64;2423.52;2620.42;2942.12;2959.96;2543;7346;7282;6961;6587;10345.38;12591.06;10005;3310.06;3926.38;4031.43;5152.39;6970.88;10430.79;7627;29453;30178;29304;31817;37995.41;40467.36;32648;2175.99;1901.28;2385.99;2456.8;3113.23;3157.46;2345;58161;69419;68968;65081;70400.48;74295.11;65691;34504.16;29810.44;31909.56;31190.51;32424.26;36332.52;38046;32981.32;26706.94;32245.65;25059.46;32297.82;31330.84;33832;14239;15248;17605;18261;23035.07;22663.03;20411;7140.72;10131.54;7733.05;7431.46;8072.4;10116.11;7308;1124.97;1121.5;1291.88;1352.53;2022.36;3282.8;2047;340086;353856;375394;392412;420615;454361;473719;3.2;2.44;2.6;2.17;2.48;2.16;2.78;12.06;13.46;11.25;11.71;17.02;14.24;10.94
Agam;3903.4;3582.7;3967.39;4782.66;5027.11;4944.54;4702;11387;10635;17069;10551;12231.88;11107.97;14590;10155.94;12134.89;12810.62;12552.2;15479.37;16133.83;13581;26402;26888;26768;27792;32385.24;30105.01;28957;3491.77;3474.92;3321.81;3871.11;4142.67;4376.23;4355;72624;76979;78894;73242;84275.73;87756.26;87726;37013.48;38171.98;36706.24;37784.92;40748.03;51421.34;47727;36232.59;34548.78;39164.14;42520.59;45038.88;40591.29;43971;23876;19163;24536;28167;30707.37;32714.45;35474;13908.83;13206.56;14135.02;14146.28;14933.06;15364.4;14796;3300.73;2904.26;2810.9;3462.36;3960.01;4966.12;4463;341372;379304;424728;444711;485222;530290;558963;1.13;0.82;0.79;0.98;0.7;0.75;0.5;5.91;5.49;6.5;6.77;9.05;9.86;9.24
Alor;2541.73;2304.39;1765.48;2163.18;2828.9;2480.8;2865;5143;5497;5680;7111;9379.97;8692.17;8084;2956.69;4276.32;2991.48;5430.88;6677.58;7470.48;7082;17451;22728;21152;23801;22469.79;23159.24;19737;2777.83;2149.91;2107.9;2741.65;3645.64;2786.76;2737;28237;41532;39747;41533;52141.69;50360.84;43446;50740.82;39411.85;46860.28;50428.78;43802.14;50816.32;51028;16779.57;25693.73;28788.88;28059.09;24956.28;22784.6;22788;17883;18734;24644;26279;25369.68;29510.22;22759;6213.5;7774.01;9369.14;7493.69;7521.56;8195.59;6496;3530.38;2834.64;3170.68;4336.83;3393.75;5865.19;4554;305853;311560;336402;364939;400858;438013;446875;3.71;4.13;2.92;3.31;3.42;2.82;2.25;14.98;15.54;12.87;11.98;12.95;16.12;13.46
Asahan;2646.09;2829.98;2157.08;2589.72;3302.97;3997.34;3622;12833;12343;12285;12026;13698.49;13306.36;14269;7281.75;8293.77;8493.18;7851.04;9285.9;11753.01;11148;31697;31992;29645;35836;38027.9;39432.26;42122;3689.3;3697.88;3549.65;4313.09;4547.07;4366.11;5055;76626;69672;69992;66480;71847.72;75547.96;84618;32724.75;31699.09;33407.1;33332.63;34263.47;38456.18;44025;34305.99;35423.04;35134.37;41577.99;46044.61;56392.5;54276;22064;19671;23886;26976;32063.34;30734.45;36182;15521.74;14780.28;15854.64;15432.89;14947.29;16219.56;15286;2636.14;2521.99;2500.12;2978.4;2937.23;3167.5;3267;315420;330460;351314;377752;397944;427293;454298;1.51;1.24;1.37;1.9;1.22;0.77;1.15;5.18;4.62;6.77;6.33;7.66;8.65;7.64
Asmat;4920.14;4085.48;5062.14;6769.94;5602.16;5740.78;5988;5375;8209;8005;9679;13653.88;13297.42;13038;5179.13;7458.53;13809.6;16382.58;16907.02;13578.65;15003;25637;29747;36510;53756;42779.48;39768.51;46774;385.3;946.24;492.93;933.14;1100.8;879.84;1282;27342;31521;38475;45948;47043.74;50462.51;41143;20654.49;17681.48;23579.59;28254.56;24070.05;22940.56;22003;19066.88;26452.67;30065.22;39410.18;27963.44;23343.88;33514;15103;19429;24303;27682;28841.85;26372.38;29623;6613.71;9852.07;9146.95;12357.68;10350.92;9526.12;9516;16144.49;19179.12;20354.42;20771.52;21326.63;17037.93;22571;354478;364728;383790;405368;424978;450237;487035;4.01;4.9;3.54;4.08;3.57;3.75;4.17;53.96;46.17;39.36;39.37;33.4;42.88;37.04
Badung;4220.16;4706.57;5203.04;5752.25;5146.59;7334.82;6938;20579;13555;19606;14590;16634.33;17828.57;27623;19190.47;21252.92;23240.71;20616.07;23728.68;26131.53;33988;17889;22464;19675;20368;18841.15;24768.23;28350;6071.51;6300.44;7183.4;8279.03;7044.36;8183.59;7781;154643;161971;174411;132252;127376.19;195962.73;229738;31681.55;32548.5;33579.05;37404.49;39874.92;41274.47;50728;23644.99;27925.46;27595.98;25819.43;24576.66;27112.37;35050;23600;22732;25801;30237;25704.17;29666.76;32276;17429.88;18165.17;21640.46;20085.54;16008.78;20658.65;23014;1884.99;2873.74;2761.95;3054.55;3356.92;4235.82;4264;534069;547186;587737;613993;633769;688018;737800;0.28;0.16;0.31;0.43;0.29;0.11;0.32;1.23;1.3;2.61;4.48;4.66;1.23;1.02
Balangan;7175.4;6948.89;7100.29;8726.19;9533.64;8017.68;8045;15579;14295;13611;9345;11505.93;12833.11;25168;7525.05;8033.08;9628.39;9726.73;11913.56;10416.44;13906;27321;26126;27942;32568;36543.08;31585.82;34773;3576.9;3856.14;3733.02;4712.9;4789.53;4202.28;4880;104214;91478;113175;101930;111514.04;100831.3;133042;29912.68;29310.02;30692.12;33539.49;32334.47;41800.72;42309;23268.06;25705.59;31390.3;36183.35;29209.7;32949.9;35669;13303;13366;16437;19153;18549.97;18160.76;20345;13195.47;14790.96;14818.03;15837.8;19476.33;18597.09;17997;860.32;826.39;1317.3;1501.89;1841.62;1769.99;1002;382835;396532;441488;453928;476190;508157;528104;1.04;0.87;0.88;0.79;0.67;0.55;0.85;4.05;3.35;3.45;2.96;4.65;6.04;3.41
Bandung;6308.88;6955.81;5837.71;7544.83;7098.59;7999.36;7732;11108;12454;11765;11782;11666.38;12240.11;14005;14532.55;16620.85;14412.73;14885.77;15407.02;18467.16;16409;12678;14437;14300;15921;13612.27;15593.46;14484;5405.37;5866.58;5603.73;6642.88;6142.6;7312.81;7715;88529;97534;94309;99611;87663.06;98031.85;106127;29103.22;30558.08;30185.34;32000.8;30755.9;34478.34;37798;33176.38;35845.5;36324.7;40952.16;37507.58;50545.53;50301;13000;14709;14387;17466;15327.16;17346.41;17874;15589.47;15767.16;15731.53;16696.14;15151.49;16443.88;16112;2512.88;3057.28;2621.37;3339.47;3444.12;3568.75;2970;334929;345177;367403;378819;398884;426069;455636;0.87;1.04;0.92;1.23;0.9;1.1;0.61;4.54;3.77;5.07;5.53;8.3;5.19;5.8
Bandung Barat;5251.58;5170.1;4771.37;5140.79;6686.42;6577.59;6360;12031;12260;10819;9914;14124.12;13892.65;15504;11344.76;14266.94;14342;14228.77;18171.32;15436.59;15892;12318;13335;14005;14106;17470.64;16871.08;16259;5638.12;5566.67;4940.21;5079.6;6880.79;7112.94;6894;67047;79044;76817;68135;82095.23;84604.68;83679;31169.19;31705.5;30676.82;34038.21;34530.02;34561.35;40555;31492.52;43659.32;42944.26;47020.95;47604.66;45651.88;45131;12184;13198;15785;15553;19811.22;18886.13;19874;10818.28;14340.96;13799.77;13088.6;13881.76;13156.43;12481;2490;2938.06;2916.21;3734.39;4614.26;4040.37;3877;329415;341307;362212;374470;393956;426355;455325;1.45;1.54;1.4;1.62;1.7;1.54;1.17;6.19;4.2;5.07;6.04;7.81;7.48;6.25
Banggai;4187.04;4126.76;4244.18;3622.47;5068.64;5061.48;5430;10531;18868;18054;7603;17017.46;14279.84;26854;5359.54;3374.01;6160.08;4746.59;6610.79;5074.69;9988;23604;21939;24478;23478;29575.57;31310.32;35149;4359.51;3870.64;3138.38;4222.05;5173.94;4946.61;5706;65466;70842;64504;42497;56662.11;67318.57;88408;35181.28;28717.06;38772.8;36029.6;35819.4;49367.52;46689;33839.23;32872.15;34895.1;36463.94;42109.37;48089.71;44195;17716;16081;17557;20909;24966.67;22981.85;24787;11727.23;10158.72;11732.38;10909.6;13827.68;12463.9;13399;2900.46;2350.85;3641.92;3500.56;3714.14;3220.74;4140;373695;395700;417863;431639;457335;488788;515334;1.7;1.15;1.05;1.09;1.2;0.8;0.86;6.33;8.78;8.15;11.91;11.85;9.95;10.91
Banggai Kepulauan;3609.22;3503.17;3930.8;4436.15;4033.12;4643.3;4956;11337;15868;16717;9181;21348.03;13655.69;21650;3272.99;3321.59;4373.88;5104.64;2573.18;3196.9;4730;25600;25914;25151;28081;27987.82;31921.43;27758;1034.53;1446.52;1395.55;1564.32;1690.98;1368.32;1869;32444;36921;36219;35148;32305.37;50416.27;37712;34402.37;32796.38;38870.78;39408.49;37442.9;45049.55;52283;32424.46;32846.95;30226.19;29282.9;31562.16;27498.25;38978;13875;13301;14828;15631;17738.52;17795.32;18864;6348.98;6859.94;8955.9;8740.92;6986.99;7320.86;7196;9797.14;7637.97;6057.47;9537.1;8627.28;10918.68;10372;317475;338815;364025;373799;396904;432673;453552;2.65;1.98;1.99;1.89;1.79;2.23;1.26;10.51;13.17;13.27;16.14;16.26;16.56;18.73
Banggai Laut;5703.64;4240.49;3855;5286.2;5287.14;4912.58;4670;14352;18454;16941;9437;23617.61;15565.94;19182;4250.7;2637.67;1483.24;2926.39;3777.34;3694.06;4342;23865;26270;24706;26554;28076.97;28944.04;23561;1532.2;1186.04;710.24;1391.99;2104.48;1806.82;1531;43805;37754;34782;35452;44543.3;41195.24;37558;37719.03;38841.56;38245.35;41830.06;46875.78;51556.7;50886;26753.23;32254.09;40282.59;42894.25;41842.32;40016.87;41960;16433;14464;14991;18427;21054.61;22342.82;25141;9542.25;7762.41;8216.8;10671.54;10003.72;9778.3;8726;7252.29;4901.74;4853.88;7429.93;7961.77;7956.42;6225;324734;335604;359768;366005;384686;424660;443877;2.45;2.49;1.59;2.93;2.23;1.82;1.76;7.28;9.3;10.51;11.91;11.26;13.42;15.79
Bangka;6893.84;7046.77;7522.74;8132.46;7879.84;9602.89;7140;16535;16834;18127;16860;22028.53;22543.11;29135;16914.66;15618.18;18865.36;19807.56;28280.36;25369.78;26053;42833;49874;44446;46239;54641.32;56781.55;53077;4369.92;4257.03;4563.5;5127.88;4715.76;6097.28;5475;84425;103589;104908;93248;105673.98;97655.36;97351;38530.43;35966.21;35280.43;38549.67;35779.89;39614.45;50775;41299.54;48491.52;48581.62;46623.61;53473.5;56022.93;58459;25558;26982;26989;31780;35850.94;36915.3;36939;23792.67;23466.65;20391.25;20901.59;22723.41;24410.61;21796;2383.78;2459.93;2762.04;3049.35;3404.08;4648.82;4030;497164;541925;577093;595429;639535;685810;723719;0.66;0.65;0.47;0.39;0.67;0.35;0.62;9.9;8.02;9.43;11.36;15.78;13.4;10.45
Bangka Barat;7964.11;7956.17;8263.2;9797.74;9777.32;10652.44;9103;13983;13536;15748;14056;20138.65;18789.86;26097;12725.79;10684.99;12410.75;12400.39;23341.96;21153.1;17044;38529;40589;37433;42017;47472.05;50964.06;48500;3496.22;4156.16;4526.6;4864.08;3835.62;4921.56;4415;73212;83065;70033;81356;83630.69;91444.43;113642;40094.33;40742.55;40845.15;42536;36047.33;38867.2;47029;49217.01;48085.02;46757.9;47855.82;60742.87;62276.26;69661;24397;24272;26062;34201;30514.91;33101.95;32186;19053.33;20001.11;22068.72;20275.95;18798.96;22728.57;23450;3032.08;2565.02;2752.96;3495.04;2688.03;4220.28;2536;520642;549496;589894;599887;635861;681517;720398;0.34;0.31;0.23;0.25;0.27;0.42;0.52;10.4;8.41;11.7;12.63;16.42;13.79;10.85
Bangka Selatan;8547.59;8325.24;8434.57;8930.41;9457.52;8996.77;8577;15402;13079;13049;11367;17920.13;14797.66;19748;13654.27;13914.43;15579.1;15427.08;29200.51;19343.42;22536;35156;38095;39655;37707;45471.71;41495.75;43677;3274.68;3265.32;3842.63;3329.74;3595.71;3827.92;3765;89338;92955;93960;83193;112023.93;108087.21;101302;43050.59;39001.78;41590.77;40291.78;40487.18;44291.2;56052;46399.74;52105.85;46154.67;54646.25;58987.32;59051.79;59967;26553;26903;27648;31067;35221.16;33416.41;37334;16985.17;18032.89;20231.96;16465.85;17484.74;19832.77;18931;1625.53;2107.71;2113.38;2294.01;2206.77;1994.99;2530;483823;523155;561617;581970;621629;669016;697382;0.49;0.48;0.53;0.35;0.25;0.26;0.27;9.79;8.69;9.32;12.1;15.86;13.08;10.95
Bangka Tengah;6838.57;7228.3;8350.23;8632.85;8721.93;10189.1;10510;15111;15205;17675;15496;22803.79;20094.47;28681;14525.97;18099.9;15422.88;17640.5;30050.58;25852.24;26953;31683;38940;36837;38983;48498.82;41723.81;41738;3439.87;3940.8;4339.25;4654.66;4441.26;4487.78;4002;65925;79401;87958;83289;94513.1;96899.12;96873;35105.72;36908.54;35877.52;36450.46;37292.06;41271.15;51522;47088.94;51695.69;56142.75;54427.55;68106.18;67941.44;60897;26093;27426;27950;35136;36458.78;37500;35477;19848.81;22340.86;19736.79;20495.44;21447.73;21792.08;20928;1475.7;2406.39;2448.8;2919.94;3202.96;3701.85;3085;680907;693842;721331;735479;773509;814969;856895;0.42;0.52;0.72;0.63;0.62;0.64;0.66;10.28;7.6;8.04;10.87;14.82;14.51;11.55
Bangkalan;3787.57;3836.22;4577.82;4535.82;5546.31;5447.32;5005;5395;5685;6002;5919;8412.65;9014.88;9163;9344.73;10458.45;9816.53;8340.79;11031.63;11714.7;9845;14565;19089;21317;19154;24037.79;23106.9;24606;4817.83;4924.26;5232.54;5658.78;6285.31;6089.43;5514;47206;50107;62817;50386;56495.5;61291.96;59789;32852.38;29958.8;33144.75;32368.65;32814.39;33947.06;43883;29552.71;31670.83;37993.03;37987.43;41251.86;36343.47;36391;12760;12707;15489;17174;17229.68;18005.79;17725;8221.33;9317.09;9406.8;8557.77;8067.36;9137.83;8882;1650.18;1628.04;1588.63;2418.73;3065.67;3110.83;2710;369455;389170;418908;432046;458754;503207;547017;3.57;4;4.25;3.51;3.02;3.25;2.03;6.45;7.04;7.39;10.37;14.61;9.19;12.18
Bangli;2610.52;3008.12;2764.38;3751.81;4301.39;5058.46;4046;18053;13338;24178;14502;24756.85;18702.58;34557;16312.22;18078.64;33389.63;22632.43;19611.03;18521.41;46105;12537;11466;11033;13379;12772.69;16987.63;13579;6270.76;5722.75;5929.45;7434.68;7510.66;9163.55;7073;79182;77728;77847;64602;86243.06;105009.69;105929;36103.82;35625.57;37207.68;40286.21;39726.1;50466.08;49943;21574.89;21428.43;25246.15;20326.52;21870.87;32027.95;32276;19614;18042;24959;29214;26172.7;30441.71;30854;10747.1;10860.84;9970.1;13288.62;13621.65;16580.55;15787;2575.07;2498.27;2472.09;3396.06;3167.96;4200.33;3102;327668;329014;346458;370732;401650;436928;465572;0.49;0.24;0.3;0.56;0.72;0.75;0.89;2.98;3.17;4.16;7.25;6.68;3.71;2.94
Banjar;5986.92;7267.84;6951.67;9205.06;9129.51;8479.86;8419;13419;11305;11964;10154;10779.43;12083.57;16236;8165.47;10494.49;9375.16;9556.42;14328.3;11747.28;12936;24391;26482;27637;34592;35818.97;32248.9;31105;3004.37;3046.34;3568.63;4332.46;4191.48;4315.92;4649;102331;110509;119135;134782;109730.69;109558.03;132025;29734.12;27442.66;32079.9;36116.88;35743.81;46002.75;47384;28336.66;30473.33;32949.25;37798.61;34042.17;35018.84;32968;12053;12328;16150;18547;19657.07;18010.26;18620;16598.71;17133.09;17823.55;19264.29;16412.09;17696.74;17035;773.43;924.68;1347.38;1948.46;2210.4;1794.19;1434;400081;429422;462375;482867;514991;561521;589165;0.39;0.26;0.26;0.36;0.33;0.38;0.33;3.45;2.78;3.17;2.81;5.22;5.61;3.97
Banjarnegara;3542.39;3888.48;4087.22;4878.02;4528.64;5266.84;5170;14984;16040;12925;11459;10776.97;13373.45;14543;8064.64;8560;9764.91;10859.65;10914.31;15120.55;12131;9024;9270;10374;12520;10631.26;10744.32;10417;6277.88;6359.01;6712.95;7461.42;6451.36;7813.46;7148;54200;65891;67054;68015;69044.11;76201.87;74611;23602.43;24286.6;23136.48;24628.32;22617.19;29191.7;33938;25908.44;27114.46;31069.74;34925.36;37617.36;38308.76;35262;15471;15029;18466;20665;17098.25;21236.59;18952;11205.56;12611.12;12625.45;13677.27;11376.11;13806.52;12243;1895;1999.73;2117.66;3554.69;2096.07;2836.77;2362;278210;301792;318334;328679;351333;380046;398344;2.08;2.38;2.47;2.97;2.34;2.34;2.38;12.65;11.69;12.87;12.41;14.37;12.14;11.79
Bantaeng;4510.88;4279.06;4192.85;4582.56;4386.42;5068.11;6173;16301;15551;19668;13390;14920.22;19720.35;30234;3318.6;3781.62;6237.04;4929.78;5592.14;6214.68;8337;22433;24796;27066;29321;28789.74;31230.09;34000;2552.23;2315.45;4202.29;3405.12;3337.62;4280.93;4726;63807;67626;78033;61873;77641.45;81172.52;112797;28710.73;29192.61;36279.92;37416.43;33726.29;39718.38;53317;32290.75;32246.46;30434.43;37427.72;40997.35;43062.83;44827;10728;11098;16072;15938;17232.99;17209.86;20150;8186.98;9206.46;11860.09;12210.52;8229.39;9721.21;12485;2422.49;2364.98;3631.44;4691.14;4036.37;4019.95;3618;260263;309357;340890;363342;394116;419677;434664;1.74;1.35;0.97;1.23;1.32;1.21;0.89;8.08;8.98;9.92;8;11.58;8.97;4.48
Bantul;4073.92;4378.09;5113.16;6093.84;6692.62;6244.4;6469;14210;15756;16175;15234;17175.07;21735.39;21196;9940.64;11035.12;12973.61;14918.03;15812.64;18354.86;16880;7559;7795;8199;10754;9438.05;11579.23;9521;4976.9;4729.32;5938.84;7161.05;6876.67;7796.09;8175;96853;110262;120087;108168;117797.7;134337.87;142748;20440.87;18933.31;21394.76;24156.8;24932.84;29022.42;33795;15588.3;18849.62;21127.7;24446.83;26324.5;30829.82;32290;13645;13430;17021;22848;21136.13;24428.77;25118;17618.61;18999.41;21829.48;23226.79;23850.13;23952.7;26118;1431.27;1363.53;1910.43;2451.29;2467.13;3114.33;2816;369480;381538;405613;418265;445511;488340;510740;2.17;1.87;1.85;2.24;2.11;1.79;2.18;10.08;7.14;9.38;9.57;11.42;9.75;9.27
Banyu Asin;6296.04;5911.87;7505.8;9967.92;9426.92;9846.19;9132;9298;8387;9894;12023;13332.77;13708.27;21151;7190.92;9260.44;9354.85;13507.77;15065.16;14806.55;14966;21376;24050;22002;31442;34279.29;35244.24;35755;4607.94;4734.57;5100.13;6064.46;5980.06;5636.61;6519;56765;58242;63534;93197;93848.48;101505.61;93987;27712.95;27680.17;27651.85;30974.31;34185.81;36358.66;43215;33154.97;34232.76;34513.59;40889;41892.03;47993.74;46358;20636;19786;25197;33169;31010.17;31380.31;34843;13037.57;14728.99;16728.2;17123.81;17987.22;16665.75;18968;2192.96;2337.34;2519.47;3937.47;4010.69;5146.78;5134;381437;397496;429816;445089;477393;509264;539283;2.21;1.57;1.14;2;1.86;1.2;1.66;12.32;9.69;9.45;5.56;5.49;4.48;4.21
Banyumas;4384.8;4291.38;4313.59;4961;5354.87;5883.28;5448;17266;13123;12529;12592;13492.31;16893.18;21820;9180.94;8914;9113.02;13924.05;14152.3;15598.29;16198;9105;8485;8600;11049;11570.37;11720.12;10983;5659.91;5694.05;5906.83;5866.16;6709.68;7519.19;8439;78776;88728;80473;78834;83269.95;91864.67;104669;25752.58;22923.49;24102.14;25738.44;24331.46;30943.5;41927;27511.16;26018.4;27724.81;29626.16;33918.55;38000.86;38674;18312;18350;21165;24583;24669.73;27035.74;29714;13047.86;13644.74;15569.23;13486.35;13501.56;15599.22;15477;2057.26;2011.06;2270.11;2803.93;2935.31;3313.23;2831;366442;385140;406250;417086;441520;479027;500861;2.6;2.52;2.25;2.36;1.75;1.78;2.09;9.2;9.67;11.36;12.01;11.93;10.84;7.98
Banyuwangi;4231.21;4115.49;4033.32;5331.84;5786.86;5929.45;7072;12593;9260;12665;9799;10854.34;13177.54;19459;6738.36;6194.65;7310.35;9246.99;9462.96;12130.7;15027;12147;12367;13571;13943;15246.94;17959.42;23287;7503.58;7319.82;6427.48;7429.99;7214.1;8537.55;9767;73033;83307;75427;81485;87018.87;99813.48;128429;32895.14;28197.03;31090.91;33378.24;32217.56;37418.91;46557;31637.21;28191.34;31439.52;33707.91;37033.42;39863.89;45946;18599;15757;19408;27719;23988.97;27243.32;31009;10212.95;11376.52;11403.75;12705.32;12606.02;13093.31;16113;1090.68;1388.61;1257.98;1578.56;1908.37;2252.85;3120;339891;353873;373679;387084;414879;448928;470713;1.4;1.29;1.3;1.32;1.18;0.89;0.44;8.07;8.4;10.32;9.25;11.09;9.07;5.76
Barito Kuala;6234.68;6332.49;7015.28;7433.4;7223.96;6627.62;6517;9829;9717;10377;8187;9689.28;9949.09;15469;5911.28;6984.17;7195.29;8835.43;9743.45;9163.59;9785;28220;27188;30021;37777;38195.65;35406.64;36158;3334.22;3596.66;3468.4;4093.45;4335.8;4208.86;3994;92142;78717;90349;95135;94723.08;101380.24;108495;33915.35;32452.18;35300.44;39033.09;39684.61;53641.94;52510;23499.78;26936.12;29502.34;32764.72;32321.1;40016.74;37687;14044;14227;16856;17677;19943.07;18777.12;20750;13821.73;13691.72;14008.98;16921.68;13853.78;15921.24;16427;1499.8;1377.21;1536.98;2133.5;1963.79;2044.89;2299;297199;318995;340526;355160;375707;417110;437579;0.57;0.44;0.81;0.57;0.71;1.14;0.69;4.12;3.68;4.25;3.52;5.78;6.73;5.36
Barito Selatan;7097.08;8564.34;8180.84;9927.1;9566.73;7359.59;9997;15571;11272;10978;9593;12340.46;7901.34;16318;10451.23;11497.47;14578.87;15352.26;20522;16139.21;19222;30766;29441;34467;41720;46369.33;38834.58;41024;3580.29;3371.37;3698.59;4246.8;4461.92;3632.93;3932;64779;62565;76904;72751;77289.76;64769.01;73074;38072.87;38282.54;39943.87;48037.6;47369.12;58334;52808;31497.34;35375.23;38279.91;33720.74;40295;41104.58;43185;17239;15851;19900;21209;29297.21;22562.24;23685;14288.72;16299.84;18418.24;17461.43;18306.95;17121.17;20722;1994.13;1607.81;2278.11;3299.07;3696.33;2780.13;2151;389405;408072;433787;450706;481352;512492;542075;0.63;0.39;0.89;0.35;0.58;0.41;0.21;10.74;11.23;10.98;9.31;15.03;11.68;10.82
Barito Timur;7928.88;6843.7;7895.27;8849.91;9264.64;8164.92;9004;13388;13177;13667;8527;10896.71;13856.17;22241;12610.98;13717.71;17007.55;17629.2;21591.39;17126.45;21952;31590;29773;36115;36561;36990.5;35355.34;43827;3559.82;3049.14;3524.36;4561.85;4143.36;4638.8;4714;83326;83931;88442;74107;82710.17;87570.59;103635;33339.2;29508.73;34720.12;34376.71;43507.38;46265.37;45870;35867.63;30858.68;32408.12;32163.43;42947.37;39706.47;43856;16203;16152;22226;22794;22613.1;22167.64;24642;15291.76;18936.88;19061.7;20024.36;20170.05;18119.95;19681;1514.98;1208.23;2299.68;3056.94;2607.12;2282.67;2497;478510;487185;517183;534896;571786;623053;663119;1.01;0.72;0.55;0.82;1.06;0.75;0.93;9.23;13.35;12.35;10.55;14.27;10.92;8.67
Barito Utara;7334.34;7225.5;8009.13;9955.27;8631;9638.62;8332;24033;13215;12078;13262;12063.11;21559.32;20833;15857.65;15696.18;20917.08;18671.67;22029.32;21845.14;23008;28389;30084;32147;33322;33786.07;36381.53;37102;4044.82;3833.44;4739.21;4716.48;5652.78;5718.01;4504;85807;78219;73159;70013;74051.39;77364.06;92927;33836.87;30699.6;36652.19;36737.07;35379.56;41753.94;41314;31976.81;35365.71;41922.86;42273.15;53829.75;49442.16;57074;18046;18191;21407;23257;25836.89;25991.81;25504;15629.45;16553.36;23925.02;19993.98;19547.27;22559.1;16401;2023.4;1583.16;2483.6;2938.87;3140.85;2453.17;1504;450936;472552;504430;525236;563393;590832;628429;0.59;0.76;0.67;0.59;1.05;0.57;0.89;8.22;10.67;11.34;9.61;14.05;13.2;9.83
Barru;4250.54;3521.54;4319.06;5112.78;5097.62;5447.42;4664;9950;10026;13286;5155;7952.13;10895.67;14395;2030.35;2831.82;4226.33;5255.68;7586.74;7126.94;6084;31061;27105;34585;29512;35932.49;41956.13;36646;2885.84;2423.68;3462.74;3403.47;3817.85;5244.79;3920;49141;50166;59762;40986;50644.75;66719.12;59158;28379.82;26801.54;34841.7;35853.64;36537.07;38482.1;43399;23047.5;24611.57;23769.97;32804.74;34237.85;40108.76;35113;10318;8151;13139;14159;16312.76;17847.07;15964;10444.43;9095.43;12856.25;13459.98;12175.1;14310.09;13239;1261.46;891.53;1770.8;1444.82;1565.16;2112.27;1668;307904;322248;337047;351924;368150;400702;417396;1.58;1.07;1.31;1.52;0.98;1.48;1.11;7.86;10.38;10.43;10.39;11.81;8.2;8.7
Batang;3274.98;3281.43;3948.12;3901.43;4419;5093.48;5611;10993;10976;10690;9930;10547.17;12567.59;13874;7152.9;7587.13;9839.87;10496.61;10517.67;10577.26;10642;12832;12252;14536;14125;16322.72;17354.55;16433;5421.63;5113.44;6209.42;6606.82;6590.96;7758.12;8942;74140;77244;78251;71860;80192.52;89350.61;123821;25998.55;23699.68;25570.7;25788.03;26272.42;31021.97;38867;28616;31086.68;35896.16;32730.68;34930.6;41206.11;43484;14184;13808;19448;21156;19315.58;21394.37;23205;10307.8;9100.8;12144.91;11044.45;10634.91;12634.8;14383;1152.18;1243.98;1802.07;1973.37;2026.31;2528.5;2340;256549;286116;309202;318330;341252;378858;412196;1.08;0.69;1.43;1.76;1.26;1.85;1.25;9.6;11.2;9.93;11.54;10.23;9.38;6.53
Batang Hari;5359.53;4972.64;5193.62;5075.39;5795.27;6916.43;6242;8884;9473;13997;9136;13017.05;14354.61;20797;9745.74;10927.79;12069.04;12776.37;15053.74;16110.63;16391;20964;22468;23887;22913;28287.81;28686.57;31059;3873.86;3865.04;4270.77;4750.26;4330.01;6049.08;5794;63445;68560;73546;62952;69479.83;91690.04;73292;33974.01;33493.23;35978.71;36161.02;34351.37;37156.18;39545;32520.46;38990.25;37671.69;37724.96;40825.44;55451.99;49820;22398;19678;27865;27791;26720.07;36289.48;39550;12232.9;12024.56;12785.79;12163.84;11278.2;15568.54;14340;2546.29;2531.18;3341.29;2932.74;3292.32;3350.16;3959;394438;420227;450233;462468;497857;540168;613093;1.24;1.29;1.28;1.27;1.44;1.19;1.34;10.39;9.7;9.06;9.98;13.45;15.48;10.97
Batu Bara;2345.69;2240.1;2376.36;2412.06;2869;3712.04;3598;7774;9771;10016;9744;13061.64;12189.21;12776;5190.96;5997.79;5163.67;5679.74;8538.23;8889.82;7618;27901;29610;30818;31324;35515.19;34688.21;35302;2796.74;2857.81;2846.11;2868.29;3627.82;3810.44;3801;53322;56375;64336;63955;72833.5;74599.26;71950;33438.07;33010.26;34265.7;33566.74;34191.38;39134.33;44802;38052.31;40059.42;38330.1;47512.52;46457.42;44844.39;51113;18922;16932;22448;23275;28529.72;27388.48;31048;12071.26;11946.98;11825.22;12628.42;13339.28;14036.36;14801;1627.71;1703.15;2073.21;2086.54;2545.36;2601.47;2116;381651;408417;452393;477564;508524;556529;591201;2.22;1.63;1.61;1.99;1.34;1.51;1.5;6.1;5.57;7.51;6.88;7.04;8.44;7.45
Bekasi;5230.46;5978.86;6902.22;8398.26;8623.68;8340.25;6900;15305;15931;16515;14761;17708.04;17520.55;19686;12298.44;16314.52;13615.44;13941.56;20608.1;19399.35;18585;18482;26473;21222;25435;28389.2;27835.19;25815;6217.15;6362.94;5929.19;7310.32;7641.04;7902.61;7109;143473;150731;171873;143483;143818.54;142811.18;185976;29253.54;30565.03;28709.57;31325.06;33326.05;33121.74;41006;35284.55;35233.24;41178.27;38405.17;39336.68;46780.69;47969;21368;23676;23881;34252;30500.42;31528.02;32221;17097.57;24029.66;24167.75;22019.45;20808.99;22005.4;21773;1884.46;2728.69;1851.6;2784.6;3478.24;3674.91;2892;463507;481732;518667;549875;579221;632811;674924;0.65;0.6;0.72;0.91;0.74;0.82;0.7;2.05;2.04;2.26;2.38;4.3;4.36;4.6
Belitung;8623;8672.29;8291.54;9154.55;9420.7;9724.5;9760;14996;19012;19196;17840;22123.15;16659.42;29251;15741.1;17004.46;17503.24;16452.16;25788.73;23942.98;23364;48451;48047;50646;54696;53422.33;56144.8;55580;3877.37;3842.21;3782.3;4871.05;4662.29;4780.9;5195;102576;111633;119695;103619;120892.71;126837.63;133404;36198;35108.99;35412.58;36843.8;37715.81;39937.94;44536;44763.62;49338.64;54388.47;51250.52;53017.94;57226.09;57370;25443;24794;28922;35098;34788.19;31830.49;37349;22167.6;25011.05;22840.44;24360.41;25846.12;24495.42;25583;1764.77;2452.01;2920.98;3800.38;3327.27;3098.19;3285;704855;766276;812321;830484;860629;896948;919372;0.59;0.69;0.74;0.51;0.93;1.02;0.96;10;6.86;8.12;9.7;15.21;13.14;11.26
Belitung Timur;8258.92;8847.8;9613.53;10984.36;9975.2;10366.52;9883;11833;20693;18723;15129;21037.9;17046.37;26553;14954.9;15524.95;17928.42;19520.71;30409.88;22627.44;25059;48302;48872;54105;58000;67626.67;57257.14;58766;4018.17;4607.36;5197.74;5168.24;4944.32;5498.22;6099;83631;107532;98903;101895;110960.89;118887.76;107601;40478.34;37116.2;39046.98;39432.33;40565.69;44301.95;49846;51280.86;59826.72;65161.53;69207.15;75653.98;77371.41;83331;26303;27003;34765;38422;39862.64;35888.29;38858;23526.53;24571.87;28800.75;25591.68;27240.09;24363.9;28020;1682.52;2496.78;3433.59;3763.39;3452.21;3080.69;2559;622396;684277;725395;798017;854534;899482;907577;1.01;0.81;0.7;1.15;0.9;0.91;0.64;11.82;7.43;9.71;10.27;14.78;12.24;10.32
Belu;3024.12;3481.76;3203.98;4222.02;4153.12;3869.21;3926;3540;3760;3830;3560;5407.97;6111.85;6184;11981.34;13152.08;20526.34;21715.14;20067.1;25944.29;20807;11129;15981;14888;17869;17830.51;19799.66;18656;4328.42;4306.21;5072.26;5670.47;5638.56;5027.93;6047;34241;40889;35769;34084;40440.95;38310.08;44989;44685.86;44747.55;45775.38;48924.46;45231.61;53292.78;58195;14466.66;20365.71;19566.03;19541.8;24175.46;22259.38;21672;19188;21177;23629;23685;22454.11;23175.87;24019;6416.06;8942.16;9631.12;9902.03;9064.73;9316.2;9211;1474.12;1872.82;1325.71;2740.67;3201.97;3000;2313;330944;349414;372087;379280;416519;459111;476703;2.17;2.66;2.68;3.13;2.87;2.07;2.26;17.19;14.69;12;11.47;16;16.05;13.34
Bener Meriah;3039.42;3935.24;4243.56;3609.68;4784.81;4881.67;6306;13540;21026;21586;17013;24635.74;32100.01;33916;7253.7;6341.75;9028.31;6855.68;9264.01;8389.47;16835;29761;30616;35528;31195;36876.06;39070.5;48183;4625.18;5357.98;5990;4993.06;5694.39;5466.43;5660;73376;102817;93606;88842;88758.8;116512.99;115039;38703.95;41385.12;37794.92;36044.38;43500.65;47273.95;54651;41288.96;46834.55;50013.52;45143.36;42943.98;61441.08;69336;22161;22324;28695;27570;33411.32;37540.31;41999;10263.71;10835.17;12362.55;11529.62;11389.05;13558.94;15007;3013.19;3061.01;3635.82;3575.13;4351.36;4937.76;5690;413208;431643;457916;476074;512111;551868;591421;2.88;3.09;3.52;4.62;3.54;3.16;3.07;7.43;7.17;6.98;7.01;9.27;7.22;7.31
Bengkalis;3739.44;4136.26;4519.01;5582.96;6392.97;7051.34;6495;9194;9196;13516;10621;13541.25;15974.05;15686;9346.89;11045.36;10930.05;13154.39;17486.4;18938.76;19426;31606;33574;36174;38105;41744.39;50760.32;51950;3612.36;4170.86;4410.21;4636.08;5154.88;5543.6;5801;73509;66997;77168;77007;83587.58;94996.81;117679;29993.77;29697.77;31518.48;32325.67;31745.78;38704.7;44282;39608.1;38657.76;44225.14;43848.79;42498.28;56382.53;60582;23158;22311;28502;29489;30004.84;38387.32;45046;16047.15;16334.24;18129.96;16850.59;17050.74;19162.62;20183;2321.52;3122.06;3991.79;3525.18;4655.44;5607.76;5514;508633;533123;581416;604925;648933;713826;755572;0.87;0.5;0.72;0.73;0.81;1.03;0.72;9.37;10.07;9.45;12;15.75;12.77;9.92
Bengkayang;5095.39;4475.86;4721.18;5303.74;6364.1;6822.7;6245;6576;8467;8250;7501;12067.39;12482.58;12936;13037.5;14080.34;14551.87;21558.56;22954.8;26542.27;24315;24917;26304;26929;32053;39739.36;41811.27;35670;4215.96;4429.58;4813.42;4949.36;5276.15;5255.66;4736;50635;49710;59348;53020;73000.75;76377.42;74842;39923.77;35804.32;38635.1;39606.02;41351.47;47369.84;49132;28715.17;36193.01;29884.6;37831.19;39250.03;44243.84;43654;20310;20505;23847;25317;28499.96;26937.81;25215;12541.46;12850.35;15213.84;19065.66;17143.2;18816.11;15641;1220.56;1388.81;1475.82;1438.09;2547.09;2627.3;2044;339891;357112;365755;372793;396037;416148;440390;0.69;1.22;1.06;0.8;0.73;0.98;0.64;20.19;20.67;21.01;17.95;17.53;15.21;12.63
Bengkulu Selatan;3528.43;4063.69;4055.41;4301.74;5742.38;5064.72;5338;10833;8365;12981;8967;12924.04;8784.48;19788;10420.05;12659.73;11734.93;14015.51;14966.14;11149.77;12337;24922;25079;26148;25871;31066.94;28173.14;30618;3527.74;3398.35;4017.3;4057.72;4695.29;5085.1;5402;59557;68496;59820;49295;72175.34;69111.11;67873;34613.02;36277.11;43787.18;41136.24;39162.46;40347.76;49854;33567.87;35760.93;35214.98;37109.95;42387.39;43301.22;49684;19176;17873;23878;25949;26426.39;25264.1;33611;12704.46;12165.63;13983.84;14871.23;15908.77;13721.71;13486;1148.62;1608;1643.84;1976.07;2323.59;2034.75;1646;364888;377823;394513;408904;435955;467762;492627;2.61;3.32;3.29;3.28;2.97;2.72;2.91;9.22;8.04;8.09;8.25;10.38;9.16;9.42
Bengkulu Tengah;4947.32;4051.22;4068.21;3794.06;4783.57;5485.34;5305;10273;7923;10153;10396;10402.26;11616.01;17050;9943.43;8134.99;9023.92;10961.33;12734.57;13387;14075;20839;19633;19487;20676;22639.51;25778.73;27937;4213;4176.44;3744.18;4100.4;4336.82;4829.51;4884;77897;75667;66656;63694;68644.67;80880.63;76896;40148.77;35636.75;35862.04;39876.47;38266.05;42515.2;54306;44208.98;37605.54;39551.86;44063.75;43411.24;49930.67;48520;30583;24888;29551;29474;30082.22;35800.82;43136;13636.59;12266.81;11665.06;12027.74;10941.9;11020.27;14073;2150.55;2146.5;2126.16;2666.33;2532.83;3119.26;3231;389821;406137;431688;447435;512084;549468;582468;1.41;1.29;1.25;1.19;1.69;1.39;1.18;5.35;6.07;5.67;6;9.3;7.89;9.48
Bengkulu Utara;3922.18;4380.46;4016.16;5637.63;6017.14;6367.7;5526;12012;8635;12138;11812;14841.54;13274.43;19461;10717.43;13834.21;10279.85;11054.66;14639.95;13981.29;16831;18956;17819;18842;22109;22002.41;23650.32;23035;5144.99;5277.35;4952.33;5598.51;5629.42;6042.01;6317;63542;66375;74346;73551;70103.6;84681.41;75106;43587.34;40788.08;35668.26;35698.21;36871.75;47554.94;48452;40989.11;36967.69;37486.89;44443.94;44322.86;56843.43;51148;28476;24364;29058;31315;29957.27;36221.47;42719;14016.61;13057.91;13039.46;13219.68;13198.83;15360.31;15001;2651.29;2357.56;2468.54;3054.25;3345.36;3702.08;3487;359264;369367;387881;398746;423857;459171;484432;1.83;1.61;1.58;2.67;1.61;1.33;1.03;7.34;6.77;6.56;6.68;9.91;7.49;9.7
Berau;9124.1;9553.2;9204.26;9287.74;10356.8;10218.02;8803;19204;30107;21488;18117;19201.14;24696.54;22427;15450.71;18607.28;14883.53;18539.53;29410.43;24338.85;22332;43518;41032;46731;42454;50481.36;49512.38;50557;6807.02;7907.8;7613.57;7324.74;8385.38;8278.86;6868;108365;127681;120520;89932;122727.56;131650.1;140721;36954.15;35287.57;38071.01;37260.7;37232.23;37757.8;45454;42189.72;47053.42;46355.06;46331.48;47541.04;51917.02;60796;26716;27705;32721;33313;38124.36;37006.99;35189;25999.55;29224.94;26441.75;26460.1;27800.51;24968.08;24558;2628.85;2829.97;2804.94;3250.31;3488;3531.9;3088;502564;526615;568500;595550;624948;677819;731250;0.57;0.66;0.7;0.95;0.98;0.16;0.41;7.13;5.24;5.14;12.3;14.16;7.86;6.66
Biak Numfor;2874.82;2688.62;5178.36;3832.2;3519.35;4102.94;5182;7974;9909;22643;10233;8756.19;10000.93;10495;5974.22;8408.34;12174.15;11907.18;5468.1;7999.76;11641;31267;33368;41994;38939;34788.66;31662.1;35703;4053.9;4087.67;5713.86;4736.7;3978.04;3569.22;4560;48879;39795;58951;47238;39921.54;49764.18;52553;28139.54;29243.84;33378.33;32211.54;24289.3;28517.46;36124;26920.57;27995.49;28210.86;32866.03;21241.78;28914.47;39627;21960;23351;29605;28483;25909;24297.74;30367;12764.44;12535.55;14652.62;13086.09;13576.74;11331.99;14232;7942.5;10907.92;13015.62;15431.44;13252.15;10527.86;13414;528498;543971;574402;602931;627921;657182;677659;6.16;5.15;6.33;6.01;5.24;5.6;6.22;41.61;38.68;30.61;36.62;44.3;32.58;32.14
Bima;3945.32;4675.01;4718.04;5106.92;5574.75;5248;5605;10311;8959;8325;12447;10729.96;15259.98;15365;6272.34;6193.23;7372.02;7309.33;9484.41;10718.28;7729;25072;27487;26360;27915;30294.91;30272.84;27860;2518.94;2721.24;2483.08;3309.71;3220.26;2858.75;3075;47830;60293;57149;67901;67183.83;77456.33;75206;36198.49;35283.71;32036.24;30807.37;36011.38;41241.26;56412;22255;30215.4;33136.38;36388.08;41493.05;44485.1;42735;11596;13690;13391;16922;16118.99;16788.85;16742;8293.74;8155.16;8385.59;10214.6;8915.23;9566.57;10118;181.72;548.35;456.68;1009.59;1150.7;1223.27;1097;308695;327602;356352;363228;395040;429327;451386;1.73;2.18;2.41;1.32;2.4;2.19;1.89;7.5;3.72;4.03;2.7;3.95;3.21;3.54
Bintan;7177.08;6677.38;6789.91;8332.32;8367.25;9003.78;9087;8964;10073;11691;10133;15835.5;10289.84;15218;10811.95;12049.67;12117.82;15426.63;22360.89;18762.83;21328;35319;33846;35751;37354;42974.8;36152.32;37262;5621.64;5819.8;5505.62;5762.97;7038.52;7668.5;7307;71779;78784;72285;67468;87886.95;85640.43;99164;29930.85;28009.09;27269.25;28208.44;29993.03;31759.08;33611;28302.02;26500.2;33106.52;33731.7;33283.79;33568.84;39081;24977;25801;28616;32838;33582.22;31081.23;34753;17555.21;18584.27;19334.29;21732.76;20012.32;21287.06;21879;2835.05;2448.48;3012.06;3574.46;4850.86;4151.83;3584;367294;384396;417654;424426;447933;474674;496764;1.24;0.63;0.81;0.65;0.91;0.68;0.61;7.11;6.72;10.03;12.54;13.49;15.28;13.64
Bireuen;2029.88;2207.62;2393.47;3621.65;3952.9;3731.33;3395;9560;10997;11381;16910;21224.27;15086.98;14996;3462.09;4192.19;5141.64;8950.2;14226.5;6704.02;7958;34626;35090;35746;48869;55421.59;50369.05;43067;2537.75;2588.07;2976.11;4016.84;3417.78;3400.85;3183;75995;83152;83034;112312;130028.83;132424.71;104320;35352.73;32340.58;28975.85;32286.61;34924.76;40328.4;42666;32688.07;35732.11;33705.76;37994.84;38574.42;37576.42;36551;14825;14187;17025;23108;25544.85;23329.68;25435;9335.51;9616.13;11254.79;10400.97;11492.61;10656.4;11502;1005.31;1264.92;1024.98;1820.1;2326.81;1998.19;1963;358399;393198;410203;422685;451163;486667;494866;2.31;1.77;1.95;2.07;2.08;1.9;1.69;8.88;9.31;10.04;6.56;6.78;7.62;8.98
Blitar;3814.02;3433.03;3817.28;4852.95;5635.1;6454.54;5860;12483;11148;10625;9196;10028.66;13092.13;14357;5212.14;6742.09;5633.67;6952.66;6270.36;8336.9;9565;5967;6551;6731;7630;7758.25;8988.03;9560;5302.5;5714.58;5024.49;5994.74;5375.63;6470.15;6730;74750;74590;74610;72893;82635.72;83074.51;81283;19986.22;21778.01;20972.49;24023.93;23395.75;25519.23;34086;16218.28;20145.57;21055.31;25575.97;26146.67;26564.44;29254;14924;14654;15808;24904;20729.07;24599.18;23140;11965.96;11614.59;11940.3;14784.95;11685.87;13567.56;14651;1351.91;1788.14;1673.4;2132.06;1795.26;2358.99;2104;305440;318534;325675;335573;355511;387733;408399;1.33;1.13;1.35;0.85;1.33;1.21;0.8;10.34;9.19;11.39;11.27;12.76;10.91;11.99
Blora;3761.17;4193.54;3595.57;4497.59;4668.68;4754.1;4966;7574;10746;10001;10074;11345.94;11511.42;13430;4432.96;9394.53;7586.93;9508.1;9761.19;9646.99;10083;6111;7676;7471;9000;8425.77;8027.1;9020;5362.38;5660.28;5273.17;6611.03;6833.98;7048.48;7405;69537;83495;84533;83421;106748.57;105683.02;111725;23822.65;23940.03;25468.3;27192.57;24736.56;31565.31;38010;17312.52;26154.19;29374.14;31072.84;37273.19;36339.52;45565;14704;14278;17173;20549;19356.51;21711.42;21900;7855.36;8858.9;9560.92;10980.45;10916.04;11065.82;14578;505.49;919.71;941.64;1432.01;1271.1;1010.33;835;308520;335837;353259;363649;390478;425135;464959;1.62;1.59;1.39;1.82;1.8;1.35;1.59;17.09;15.17;15.35;14.02;15.49;11.27;11.19
Boalemo;2614.58;2682.21;2490.83;3388.46;3465.17;4249.15;4374;5572;8497;10178;6821;7706.11;9834.16;18216;6615.34;5673.99;8867.35;6258.29;8621.84;9413.88;7759;23670;22401;27451;28046;29467.31;33989.31;37151;2469.07;2895.36;3103.12;3421.32;3359.88;3531.74;4711;40118;46082;45693;51045;58137.19;73928.13;82577;28268.27;28975.94;31914.47;31349.96;36490.15;46081.32;54774;26507.32;26150.68;30061.74;27958.25;34899.42;41036.09;42851;16659;14408;18388;22307;22536.47;26166.9;23742;8728.38;8420.39;8693.26;10402.04;10644.41;12148.92;10781;1942.03;1591.75;2229.94;2460.49;2363.33;2938.33;2362;368860;385122;426961;450724;472906;525007;551189;3.67;2.92;2.79;2.77;2.99;3.41;3.75;14.11;10.56;12.99;17.47;19.09;13.99;15.72
Bogor;5062.3;5602.02;5791.98;6842.62;7812.5;7437.67;7071;16030;13127;11311;12787;14859.6;12835.66;16865;13672.81;12855.62;12443.06;13476.47;18332.7;17775.68;15749;18359;18201;17074;18372;22868.41;19200.06;20431;5150.1;4804.02;4898.04;5541.72;6622.53;5805.72;6678;100351;104969;92396;95539;109287.66;98617.93;102672;26628.79;27777.72;28338.52;29059.56;31239.66;32746.72;37226;40312.88;35163.57;36623.62;37694.59;46706.72;47994.08;47302;19658;18556;20166;25034;25441.97;22598.95;26062;16396.31;15770.01;14496.39;14988.74;16917.33;17329.45;15552;1916.37;2423.09;2217.44;3041.45;3745.18;2974.98;3244;359787;373799;402877;418483;443787;482174;513512;1.12;0.83;0.83;1.36;1.49;0.97;1.08;2.9;3.54;4.06;4.73;7.03;5.3;5.68
Bojonegoro;4086.82;3323.17;3922.6;4278.1;5208.44;5767.37;5525;8925;8167;8556;9740;9937.83;11500.64;11889;8544.92;9306.74;8887.01;10122.22;12125.44;12101.7;13108;10567;10384;11109;11349;13082.93;14873.26;14970;6679.61;6366.73;6861.32;7409.04;7092.7;7511.18;7125;80148;72639;78501;67977;71905;84965.97;83264;31344.92;29123.78;28943.6;29402.41;29525.47;36948.5;41563;25008.59;29228.8;26492.58;32999.95;36291.72;41750.71;41613;14545;12690;17045;20641;18956.12;23159.51;23522;11006.83;9744.74;10283.35;10270.7;12113.64;10998.56;11630;1442.71;963.09;1403.01;1457.12;1738.85;2318.08;2090;330544;347786;362383;380653;403403;435936;471457;1.87;1.95;1.72;1.88;1.9;1.94;1.99;7.37;8.36;8.74;9.96;10.39;8.09;9.97
Bolaang Mongondow;2638.22;2835.75;2800.98;3001.77;4111.49;3853.84;4141;7234;19157;20234;9563;13011.87;11544.83;23886;5780.49;7580.14;9637.37;10078.4;11413.44;7838.47;14408;22299;24285;24059;27840;31393.3;30175.98;29117;3922.49;3594.7;3480;4119.62;4282.32;5782.7;5777;56148;61331;58278;66535;70809.46;71523.75;74074;36235.72;38755.72;38925.47;38906.53;41803.2;48521.16;53045;36912.67;42176.11;37926.7;38583.17;44981.12;45749.83;58976;20682;18639;18932;27091;27970.61;29533.28;25706;11103.97;11687.54;12296.23;13481.14;12474.52;12771.13;14057;2903.78;3218.12;2741.86;3337.73;4031.17;5714.25;3842;295834;315400;325227;343302;355639;394032;415628;1.07;1.26;0.87;1.14;1.24;0.55;0.79;3.38;3.5;4.64;7.25;6.82;6.38;5.38
Bolaang Mongondow Selatan;2594.83;2282.6;2559.26;2561.01;3427.07;3261.6;2922;9745;14876;20004;10082;16717.64;20137.6;15203;1814.11;3551.88;1704.86;2076.95;5980.1;3828.51;2480;23695;23055;22174;24495;31271.17;27001.39;24687;2064.29;2184.22;1862.07;2092.46;2442.99;3124.35;2754;37487;38780;41472;36562;57515.91;50957.26;53960;34847.14;31938.03;34121.68;40032.3;41607.52;45466.86;48142;32776.48;36108.68;36574.99;34180.54;40509.16;45377.15;49650;16466;15548;15571;21760;25555.45;26518.08;20619;7944.31;10524.5;9192.29;10173.53;9593.54;11553.09;11357;1813.84;1793;1588.21;1851.01;2316.99;2893.11;1949;295875;316305;327648;345819;358465;397381;419865;1.55;1.13;1.65;1.47;1.83;1.47;1.34;4.95;4.62;5.91;8.4;7.28;6.57;6.46
Bolaang Mongondow Timur;3281.08;2887.54;3077.63;3619.94;4649.02;4132.62;3799;9883;19051;25022;11530;11493.86;17868.94;22906;4565.67;5728.84;6145.44;7149.02;13606.06;9075.36;7356;25613;23757;28814;32054;36840.09;36885.74;32722;3664.6;3323.21;3372.49;3845.08;4803.57;4109.87;4520;54070;49056;55771;56578;70958.54;72171.77;70237;36703.55;37295.49;40532.91;39367.28;46834.78;52273.57;52593;45221.63;41470.57;54505.97;49784.21;52547.43;71386.84;66534;19047;18461;21884;23931;30067.8;26894.32;25324;11074.05;11449.47;11227.6;12899.83;14735.44;10015.91;11773;3578.89;3159.25;3834.84;3354.92;3460.2;3500.57;2729;302924;323989;335241;353872;368578;411409;433873;0.85;0.7;0.94;0.66;0.65;0.66;0.54;2.96;4.61;4.6;6.92;6.28;6.55;6.24
Bolaang Mongondow Utara;2784.5;2798.9;3554.71;3813.77;3339.45;3830.27;3823;6473;11845;11409;10772;9552.23;9785.54;16876;4507.2;6633.46;5105.81;7958.65;7313.77;5278.18;5958;24696;23509;23658;35237;32406.81;31109.06;33221;3011.67;3181.82;3197.92;4102.61;3322.53;2965.35;2754;51716;53041;46138;56640;76712.65;67967.25;71635;30362.85;30000.96;31102.6;38644.43;40095.24;42313.53;44765;38289.32;36318.66;34432.96;48509.59;37335.2;42554.01;43976;17633;17076;18195;24507;25328.4;22872.65;18909;11144.81;10400.85;11021.65;11484.98;11338.75;10676.45;13674;2158.99;2899.47;2598.47;3424.1;2861.48;3810.44;2465;238645;254835;264227;275369;283627;316327;334448;1.15;1.32;0.83;1.18;0.9;0.81;0.99;5.34;5.85;8.55;6.26;7.35;8.54;8.51
Bombana;5674.4;5180.14;5028;5410.15;5422.06;5341.21;5418;10783;15647;14880;6145;10378.29;10461.15;22362;1820.16;2745.66;2884.54;3829.79;3815.15;3987.92;5074;28144;27102;29419;29466;34901.84;33131.74;39208;1994.63;1889;1987.51;2280.94;1724.86;2139.1;1940;47387;49909;62538;54172;54367.54;71444.79;64033;34134.85;29595.76;35644.14;34794.82;34614.66;41513.76;51758;41853.29;40476.07;38399.72;45169.99;44436.83;48789.29;49509;11900;11399;13038;12453;13580.48;15109.52;15059;9882.38;11162.01;12882.23;10745.75;13606.78;11723.01;11248;1245.59;981.95;908.4;1922.68;1259.2;1432.1;1178;288201;308396;325949;346726;368576;406706;423183;2.46;1.01;1.35;1.94;1.32;2.05;1.15;8.01;10.17;9.43;10.75;16.4;9.62;10.04
Bondowoso;2852.41;3687.68;3780.82;4330.99;4508.72;4861.53;5024;9495;6559;7519;8915;8320.41;12025.95;14672;4999.88;5739.43;6092.86;8750.85;9938.46;10292.18;13199;10334;12911;10709;12308;13125.79;16854.35;15082;7919.54;8588.66;7420.39;8514.36;9341.99;10396.66;10121;55281;61375;69745;67396;65082.3;76418.37;87189;24793.49;34034.91;30030.88;32977.42;38921.04;35650.65;46477;20188.92;25184.31;25812.8;29501.97;30391.34;38695.5;42859;14066;12932;15389;17712;15650.98;19430.62;21097;8396.43;7767.54;9611.51;10743.37;8672.14;11302.35;12102;1115.91;1498.15;1477.23;1930.09;1800.8;2115.92;1604;363443;380350;408352;423150;449760;494000;517741;2.12;1.67;2.16;2.19;1.62;2.06;1.51;13.85;11.98;13.64;13.6;16.87;12.72;14.49
Bone;3293.47;3424.95;3119.09;3739.55;4119.58;3928.83;3491;8255;10863;9876;5970;10580.35;8519.28;13205;2118.83;2065.13;3256.01;4753.21;4149.94;2462.04;2392;21793;21811;21559;25970;28966.22;29496.28;27679;1938.94;2417.14;2210.73;2615.27;3012.38;2458.95;2622;38779;40265;41863;42039;46867.79;43732.29;46150;23389.78;24310.01;27143.83;28300.42;27883.3;29340.72;35827;25960.55;29375.3;28222.01;31422.64;33691.54;32663.22;31274;7070;8452;9776;11550;12446.84;12645.54;11741;8124.25;9660.55;9901.32;10470.65;10529.22;8851.08;9650;1061.31;874.06;721.56;1588.85;1560.19;1729.24;1239;309076;325422;345009;360177;380513;408244;423727;1.44;1.35;1.59;1.67;1.35;1.23;1.14;11.06;11.77;16.37;12.09;15.01;12.55;12.69
Bone Bolango;2563.27;3080.39;3523.2;3647.7;2920.47;3098.33;4116;7659;11949;14314;9845;8672.72;9369.21;13898;5538.6;4235.13;4545.88;6808.08;7035.92;5032.74;7809;28582;27011;29099;35382;27983.48;35690.54;29965;2311.32;2348.26;2664.9;2791.86;2696.04;2718.8;3107;78476;84327;80493;74920;72520;67419.67;75071;31368.56;28782.57;29786.04;29615.19;34661.65;39701.54;49278;25031.56;32334.04;31418.14;28286.59;29034.29;29216.36;39128;18192;15708;17977;23893;19090.74;22477.69;22932;10441.49;13186.38;12978.37;13741.85;13766.98;12744.76;12419;1978.41;2006.08;2500.62;3019.22;2438.63;2821.41;2976;363982;380029;424275;449543;475874;505252;531286;4.54;4.15;2.99;3.23;2.52;2.35;2.86;8.08;5.88;7.98;13.25;17.59;16.03;15.54
Boven Digoel;6137.46;5444.89;5921.05;4847.13;5040.52;5246.02;7962;14597;35380;17299;5075;17821.98;12501.94;24436;15527.59;23516.02;19999.52;22538.17;16538.43;21785.9;36479;43412;40382;33415;34351;20777.92;31135.62;45843;5389.87;7508.11;3903.7;3632.39;3778.52;5194.34;10126;77193;59406;38189;34549;43475.78;40799.91;108560;28684;29656.57;30406.65;24172.4;25667.92;22988.93;48491;44169.84;54590.2;54851.69;39971.22;47450.76;39280.19;61333;40676;43847;34655;34563;29757.69;34469.28;36353;19520.44;17561.22;15276.19;13552.88;15272.16;12058.08;23692;19091.39;20403.59;13682.37;16933.19;15726.73;16925.6;7274;452723;458012;486179;520245;550445;585228;622315;4.38;4.52;3.54;3.67;4.57;4.5;3.96;32.02;28.14;34.44;43.21;38.47;39.13;39.74
Boyolali;4166.44;3922.68;3962.41;4803.37;4912.06;5738.36;5617;10280;9301;9761;10408;11067.6;12755.4;15726;8096.23;7592.48;6921.19;10115.98;10907.09;10910.69;12395;6518;6752;6693;7849;8140.75;8771.01;8711;6159.13;6285.31;6058.35;8180.11;7116.25;7877.68;8456;63111;73537;73241;66176;73593.11;79116.91;86914;24579.66;21887.82;22896.81;25072.63;22802.37;25930.94;37326;20907.04;24960.57;28782.51;28519.18;35415.98;36490.94;39690;15291;13645;17086;20336;18618.56;20163.23;22116;12255.56;14211.14;16076.21;14969.27;15358.84;14923.19;16638;1187.57;1085.73;1577.36;2104.23;1952.19;2081.92;1960;304575;332996;347520;361922;383030;420339;442071;1.26;1.02;1.3;1.76;1.13;1.02;1.56;12.35;13.68;12.59;13.46;14.24;12.73;9.1
Brebes;4734.88;4701.44;3931.69;5261.43;5586.43;6063.42;5508;11976;10117;10036;9300;10573.27;11438.51;12236;6317.11;6580.5;6432.19;8258.32;8201.6;9750.59;9807;7638;8306;7995;8253;8845.55;9280.61;8829;5992.68;5817.63;4911.44;5947.56;7001.04;7485.37;7045;87911;84655;87116;91295;105939.47;105363.83;104244;27368.81;24074.75;22582.53;26000.83;26132.71;32711.07;39007;27889.89;28187.49;33461.41;39590.91;43093.09;48720.6;42154;12467;12240;13618;17332;16161.81;20160.82;19394;10053.63;9753.7;10000.76;11409.14;11964.81;13692.84;12405;1092.64;1074.19;1177.56;1682.97;1363.48;1963.1;1589;405932;414642;431897;445853;472326;513339;542495;3.51;2.31;3.01;3.04;2.73;2.98;2.5;10.45;11.54;11.3;11.22;11;9.37;7.9
Buleleng;3672.82;3609.98;4054.06;4152.9;4831.6;3916.66;3431;15483;13000;15983;14457;15051.83;13569.9;18006;14258.04;13832.58;19994.72;16807.41;18795.9;13315.43;26610;14725;15388;15219;14385;14469.96;14254.83;12911;5814.78;5425.46;5221.95;5632.24;5403.16;5958.26;5139;79512;77202;74321;64811;66649.22;75227.12;67825;34550.67;38774.76;42906.02;47997.39;44887.1;50389.78;53098;17542.43;19722.22;17371.02;19346.22;19518.14;26553.05;28072;19347;17241;20830;25145;22292.12;26408.56;24968;12281.52;11081.22;11766.36;11046.67;8891.93;11538.28;9900;1835.29;2043.34;2005.99;3351.35;3244.82;3312.9;2435;395678;401377;424602;461018;496390;537262;570129;0.62;0.72;0.53;0.74;0.6;0.53;0.72;4.6;4.21;5.47;10.15;11.74;7.64;6.66
Bulukumba;4364.45;3547.33;3612.38;3598.84;4784.95;5192.11;4966;22827;18417;18395;16250;20788.62;18720.59;26321;3687.47;4123.82;4723.12;5928.49;6873.67;4612.82;8000;28135;25234;26420;30425;33645.21;30953.15;35215;2739.08;2421.3;3500.83;3552.77;4175.24;3614.52;4080;54105;46797;50350;48545;54445.78;57895.43;61962;33409.69;29932.43;36517.83;37583.79;41158.23;40055.02;42717;26954.16;25945.9;26163.26;25102.23;23947.92;29921.55;32384;12458;10021;12214;13020;16232.37;16212.39;16575;10695.55;9509.09;10177.87;11151.58;10821.65;11450.83;11202;2053.84;1565.72;1971.97;2840.83;3464.43;3162.87;2303;310753;330161;351180;369022;390040;406882;422111;1.06;0.6;0.71;1;0.99;1.16;0.85;7.75;11.48;14.73;10.64;14.7;10.71;9.6
Bulungan;7061.24;6759.63;7919.68;8211.36;8821.45;8715.87;8545;11052;13979;20086;15175;10792.27;24527.06;23810;13267.35;16367.3;18034.37;17417.67;16366.6;22940.42;24048;35992;39738;42229;45450;40319.59;50986.9;46828;6707.1;7177.88;6790.51;7040.06;7360.64;8252.31;8404;72436;107648;113038;96051;102774.6;132665.9;117857;37380.06;39523.36;40062.08;41547.93;45265.86;47878.04;47384;35858.42;48222.87;45266.04;47074.92;40143.2;52446.24;49210;24561;25391;31742;34077;34514.44;35283.91;36618;21108.92;19299.44;25063.59;21412.21;21781.25;22058.52;21785;2383.57;3597.32;3380.62;3775.9;3315.78;3651.74;2971;413294;448548;472569;486524;514320;551925;572546;1.25;1.64;1.32;1.56;1.59;0.84;1.4;13.61;10.1;10.77;13.63;22.21;15.43;12.74
Bungo;5138.73;4521.54;4299.56;5192.39;5623.94;5649.13;5868;11671;10727;11130;10749;13004.8;15400.67;41276;10469.24;11324.75;11068.57;12824.99;15238.08;14589.14;16327;22083;25771;23646;27435;32954.63;34912.79;32202;4075.03;3904.9;3783.7;4262.52;4242.94;4856.45;5178;60434;77132;66175;72370;76937.11;101504.25;104273;31755.82;32270.04;32284.13;32718.95;30693.1;36604.73;42626;35644.68;42186.3;40363.05;44137.12;52325.13;57341.17;68744;28522;23822;28899;34959;34607.64;36477.4;45007;14088.04;14770.8;13323.65;13112.15;15273.91;18492.11;17505;2671.05;2860.45;2714.84;3479.98;3496.79;4472.06;3755;366226;390439;422801;436020;470545;517119;607714;0.62;0.81;0.72;0.92;0.81;0.59;0.4;10.2;7.46;8.75;8.33;10.7;9.54;6.51
Buol;3338.99;3193.76;3284.18;3951.17;3939.67;3267.64;4124;5514;19100;19852;8232;15258.09;9926.11;15944;4053.35;5108.63;8499.52;4884.27;3778.22;4193.81;7081;20141;22169;21530;22576;24124.1;25894.3;25724;2865.65;3000.07;2816.04;3280.93;2709.4;2621.1;3375;46759;50748;43345;44280;48832.55;57606.11;59588;36868.83;32794.28;32318.47;34826.13;35653.12;44759.99;49453;28962.44;32314.38;32892.75;39721.33;41650.84;52322.59;48894;12746;14063;15312;16267;16691.26;17744;18405;7062.27;6979.07;8885.77;10173.32;8282.83;7652.36;10539;2257.45;2117.89;1844.39;2186.02;1766.61;2543.77;2244;332163;351135;375794;387444;410824;438363;477640;2.15;2.89;1.97;2.01;1.79;1.63;2.2;6.8;8.36;8.06;10.44;10.03;8.48;10.42
Buru;3387.46;3581;2678.42;4158.4;3765.97;4111.72;3552;14573;15420;15934;7043;10609.11;20034.68;22561;6200.51;5265;4302.6;6300.87;5983.7;4833.96;5302;27661;28663;22632;29296;27480;29101.45;31590;3842.81;3793.9;2975.07;4555.07;3871.05;3925.13;3145;53213;46359;38724;48252;50988.68;64895.82;58826;32878.13;37168.99;38630.22;39832.88;37184.9;45230.85;51432;34626.46;36631.68;39294.84;35547.32;36000.16;37482.64;59481;23078;22111;19714;25091;28423.56;25544.83;28456;10118.24;9775.06;9334.32;10119;8764.59;9034.82;8948;4819.78;6920.66;5393.89;4542.91;4983.25;5161.65;5091;420083;463169;492055;503254;530858;584277;610346;2.8;3.39;2.91;3.52;3.61;3.07;2.47;31.38;35.64;39.15;30.87;34.38;28.23;32.66
Buru Selatan;2592.4;3147.49;2544.96;3157.16;2969.6;3593.91;4033;8256;11178;14391;8584;13524.09;10528.32;15104;2230.33;3258.77;4117.59;6694.33;5184.65;4813.63;3655;22887;25071;25439;25897;23691.74;24566.53;27998;764.06;993.03;929.41;1414.85;922.96;990.85;1052;24618;25789;27087;26904;27226.13;31159.58;30726;33564.45;36517.62;36424.02;35624.72;41360.9;44854.52;50580;13142.56;28075.93;23293.11;23036.51;20522.59;21653.72;25328;19344;18403;22157;21671;21742.97;23298.61;20847;4490.47;6279.21;5484.44;7113.21;5909.19;7372.44;6030;9703.13;9629.82;10733.62;13184.78;11503.16;10906.4;13782;542747;596469;628659;644441;677044;743721;769919;1.65;2.07;2.14;2.36;2.13;2.27;2.34;48.47;42.08;47.8;40.88;29.96;38.87;33.01
Buton;3010.1;2552.84;2612.88;2940.63;3228.49;4570.14;3405;5890;9096;11400;5747;8618.62;8565.03;15791;496.52;1817.77;1887.27;2709.16;3309.14;1402.82;4769;19981;18718;23467;26794;22545.16;26297.75;32470;1153.5;1988.49;1555.52;1684.74;1580.51;2158.21;2254;39607;38897;49146;37605;36802.84;44469.74;43339;27630.54;28070.74;35918.11;37645.27;34155.29;39018.38;48373;11373.08;17174.13;18457.12;17471.34;14092.69;25663.01;21560;8404;11335;12483;14254;13800.58;16474.69;20361;7022.99;7292.1;9505.97;8758.52;7468.76;11135.15;10037;1439.45;2224.04;1724.32;3468.11;2338.51;3215.01;2126;233201;254013;262541;270212;279627;302183;313831;2.08;1.87;1.94;1.84;1.25;1.93;1.68;8.49;11.47;13.42;13.16;20.76;15.7;12.43
Buton Utara;4330.64;3844.96;3936.53;4029.96;4915.05;4585.9;4997;9219;10428;13573;6445;10371.8;9044.69;14162;1380.34;2227.56;4681.43;3700.29;2895.86;1694.11;4479;26602;24502;31373;31781;31977.26;33217.86;32592;1571.12;1215.62;1481.7;1949.55;1635.43;1566.22;1979;41315;42034;49055;42485;55655.24;47399.83;45025;37976.34;34677.49;39356.78;40146.07;38307.07;44903.11;51587;22161.21;25484.77;23920.28;22848.77;30460.67;31782.13;33164;9541;10231;13020;13507;14346.48;15284.61;15166;10001.33;9117.73;10257.56;9841.03;10282.78;9306.53;12162;2179.54;2762.61;1799.04;3026.63;3133.1;2638.62;1809;306437;331555;345039;355288;373792;403834;422483;1.95;1.63;2.34;2.46;2.66;2.13;3.12;7.2;8.67;10.36;13.3;16.66;11.7;12.12
Ciamis;4871.29;4615.74;4936.05;5729.93;6662.96;7092.2;6836;17935;15353;13981;11032;13138.6;14135.71;23958;10975.04;10587.67;10762.45;11795.88;15340.78;15089.94;16578;12519;13927;13302;14556;17452.69;17735.61;17387;5320.37;5356.06;6145.86;6925.77;7019.22;8207.91;8841;80231;84115;89467;83737;91671.4;104073.52;97694;38276.55;33064.22;32630.36;35803.65;38135.44;41888.92;50191;33946.61;38508.07;41797.48;38667.46;49668.1;51789.31;55878;14128;13992;16758;20129;20618.64;21315.58;23350;11625.93;12833.94;12543.33;14034.36;15969.35;16086.68;16135;2435.2;2848.21;2905.54;3052.94;4594.63;4518.21;4488;357382;363750;378108;389676;405294;442108;467497;1.18;0.76;0.92;0.88;1.07;0.9;0.99;4.66;5.15;5.11;5.87;6.74;6.1;5.78
Cianjur;5267.44;4691.63;5152.82;5778.78;5039.02;6467.11;7181;13748;9469;10528;10715;8953.3;11395.93;19359;10222.9;10070.15;12501.28;15219.34;12214.93;14045.55;16288;13942;13956;15189;18031;15248.22;18103.39;20589;4151.71;4059.64;4733.97;5238.85;4369.64;5634.86;6719;65308;68565;75585;75638;67886.75;89375.84;92673;35815.05;29675.69;30781.74;33835.55;32800.21;36890.73;49016;31454.99;30942.41;38716.86;42025.57;42752.76;51118.54;53928;11591;12113;15607;18449;15044.84;18286.12;21284;10192.34;10320.93;10899;11019.92;10064.42;12696.81;13344;1896.61;2134.34;2542.24;3639.99;2867.43;2973.25;3145;340882;350760;371699;387631;406829;437327;466509;1.34;0.74;1.38;1.83;1.35;1.29;1.58;5.81;6.02;4.75;6.2;9.54;7.02;5.37
Cilacap;3349.66;3203.88;3252.6;4105.36;4940.2;5048.99;5184;11110;10365;9764;7775;9946.76;11685.98;12890;7849.72;8023.59;7680.3;9357.88;10654.02;11062.34;11709;8923;8899;9309;10479;11056.65;13039.57;11901;5198.9;5035.25;5133.28;5427.05;5888.56;7270.77;7749;56236;63217;58504;55197;65551.82;80750.42;72619;25860.7;27319.76;28217.88;29826.18;29716.52;33939.42;44654;26520.28;29729.3;30574.29;31958.67;35022.52;36808.19;40114;17426;15729;18099;24106;22439.63;25178.78;24320;12274.59;12681.57;11136.51;11400.32;11143.37;13554.11;13789;1177.66;1510.95;1058.44;1514.23;1851.91;2104.19;1877;320106;337572;351735;363367;384955;419429;441093;1.87;1.28;0.95;1.48;1.47;1.54;1.59;13.07;12.76;13.53;15.15;16.69;12.29;10.9
Cirebon;4186.82;4749.65;4702.02;5298;5840.18;6333.47;6500;9242;9100;10856;8126;12175.52;12405.57;13255;6620;7890.85;9952.73;10337.16;12967.98;11371.6;13682;7019;8099;9204;9626;12143.81;10342.4;10499;5057.52;5319.41;5972.47;6356.94;6886.88;7519.12;6711;99753;100004;114391;109244;119283.88;128026.3;139999;27263.48;24512.96;28385.63;30492.01;30328.5;34227.91;37874;25994.3;29046.49;32176.83;35989.2;40209.88;45473.01;42976;12617;11861;14907;15964;18369.24;18470.36;19363;11130.7;10778.05;13048.73;11995.6;14605.31;16643.9;15611;959.54;1090.06;1479.16;1464.35;2197.64;2221.29;1905;370747;381372;393452;404635;416914;451853;475046;2.04;1.29;1.3;1.94;2.27;1.98;1.69;5.96;5.77;5.41;6.19;9.04;7.28;5.65
Dairi;2352.43;2195.86;1889.84;2117.46;2871.68;3512.81;2859;8641;10402;10910;9056;11436.96;14409.83;12794;13601.42;14510.08;14603.82;14684.01;15034.2;15579.61;16584;31709;33178;33531;36699;34871.87;39786.68;44316;3887.08;3541.96;4156.58;4573.6;4075.07;4566.07;4944;55454;57086;55597;52175;55428.85;59927.87;62931;50113.53;48894.51;46792.84;46740.73;45118.01;52943.47;57398;39664.63;44517.06;41321.17;42109.41;46649.8;57635.22;57367;21264;18963;20235;22977;25494.68;25801.71;31623;14441.25;15494.19;16498.83;14076.64;14851.64;18015.44;17990;2275.32;2250.64;1855.25;1935.91;1949.91;2210.07;2339;325176;341511;380275;408893;436713;463360;502924;1.77;0.96;1.09;1.24;0.65;0.93;0.79;4.64;4.01;6.42;6.01;6.66;7.66;6.72
Deiyai;4107.86;1909.38;8462.32;3032.5;4351.02;5791.58;6117;4942;1956;1346;7208;8222.5;12833.87;6104;13736.5;14228.18;31650.76;23801.76;36617.82;60935.64;63894;42464;26928;41292;19265;9057.06;22163.3;28447;6555.25;4887.14;12770.96;1499.6;1193.36;5856.8;6314;13653;1559;20834;0;1620.36;12147.45;2048;15478.24;12092.94;13391.92;23255.83;20072.44;19905.18;26186;19968.74;3336.1;14481.5;9786.6;641.35;8346.4;5589;26571;28469;51484;38029;50991.07;61661.3;64836;7541.96;8743.74;20101.25;12153.78;11717.52;10215.77;16791;16703.92;13555.88;11339.6;18605.18;16348.14;27936.05;15344;561857;579263;608868;627742;647902;709749;770492;6.92;7.79;11.44;3.79;6.99;6.43;4.76;55.99;76.85;33.49;63.65;70.33;66.76;57.91
Deli Serdang;2880.34;2988.02;3253.64;3399.65;4208.33;4390.76;3747;12120;13827;14839;12473;15010.8;14518.46;14331;9119.02;10684.48;10918.12;11295.37;16300.53;13250.87;13570;30259;33241;31329;32612;41582.41;37532.99;37283;4012.47;4186.79;4492.77;4447.89;5375.79;5195.59;5278;69658;82449;82628;73174;84420.8;84275.34;86031;31397.82;32061.27;30888.41;32311.04;36472.52;39584.67;45153;31350.63;35617.68;37046.68;34568.25;31187.38;42046.95;41262;23237;22054;26607;26962;32648.06;28564.61;35499;17182.64;15467.75;18722.28;17975.5;18455.08;15486.46;18670;2620.51;3007.92;3192.7;3120;4190.99;3679.83;3622;381173;390440;413202;428123;448489;479509;508139;0.6;0.47;0.55;0.56;0.62;0.34;0.41;6.95;4.47;6.73;6.54;10.32;9.7;7.46
Demak;5319.16;5479.16;5149.08;6229.62;7085.1;6963.62;6063;11452;14338;14088;13870;15720.65;15626.5;12797;7182.09;9597.32;9230.19;10641.81;13276.12;13697.4;10502;16128;17534;18573;21104;21980.7;20467.34;19800;5837.23;6790.85;6319.12;6697.9;7223.56;8447.65;7566;84419;96646;99926;84565;99599.65;98637.25;99239;26750.74;29297.31;29359.4;29336.55;31432.57;31678.21;36510;30484.75;33749.29;34376.62;38063.76;47223.34;47474.48;43752;15395;15820;19256;21984;23218.3;22105.38;23483;12950.9;12518.48;13474.27;12370.6;14475.25;16277.78;14804;1017.16;1545.85;1942.57;2274.1;2613.54;2171.65;1629;402211;411202;432533;445176;471818;511145;535134;2.09;1.61;1.97;2.32;1.68;1.83;1.95;7.94;8;8.02;8.8;9;7.77;7.59
Dharmasraya;3595.16;4006.47;4347.38;4506.23;4538.19;5065.26;5286;10955;10689;13266;11390;14059.41;12479.79;35679;12410.33;14823.76;12612.28;13821.56;13734.68;13757.37;14365;21174;24879;23961;26437;27398.18;26531.49;29089;4471.25;4312.76;4849.42;5204.6;4835.51;5154;5548;89625;92672;91987;95318;93267.85;98000.95;116452;35161.82;35003.38;33685.39;34080.92;32258.16;40526.63;44583;43189.91;46706.32;46072.81;54998.5;57174.86;61033.93;66759;29753;25710;33026;34995;35082.38;36303;41879;14669.4;13854.51;16089.69;16748.75;16053.94;19264.8;20459;3955.32;3573.3;3554.82;3787.2;3472.93;3936.59;3832;414096;439117;477421;503183;530693;581058;622190;0.7;0.89;0.71;0.75;0.74;0.42;0.64;4.78;4.47;5.67;6.03;6.65;6.25;7.51
Dogiyai;1345.92;1214.13;2118;3806.52;3692.69;5482.32;5995;3143;2453;2612;2871;3453.08;16620.48;15121;35552.57;27006.09;33265.64;31331.27;29649.73;50174.67;45155;12123;11664;14583;18700;4978.52;34954.88;37403;2122.36;1948.87;4208.3;2223.04;3513.49;3156.67;8558;26187;18053;7849;9984;4291.51;21925.62;47356;17199.15;10305.42;11072.76;12788.48;13609.52;20981.42;24812;8130.05;6634.26;3263.08;4013.7;591.04;13402.86;14030;18560;14502;14745;22161;20058.47;42210.54;40078;4192.95;3770.17;4548.43;5506.48;6175.75;10417.32;10322;25742.71;14246.43;16502.23;18140.44;10370.5;16873.84;25631;477674;492905;512654;557009;592213;653007;709423;5.75;6.3;5.55;3.68;6.07;4.82;6.1;65.69;83.57;72.2;79.67;80.32;67.17;57.88
Dompu;3465.22;4023.72;4994.34;4836.16;5356.31;4159.77;5036;11710;8119;11902;11574;10565.28;13565.86;14188;5264.8;6236.09;8793.68;10157.74;13156.44;9799.58;13385;25587;21650;24424;27717;30248.33;26324.71;31221;2179.54;2597.19;4103.11;3715.56;3961.99;3606.58;3967;54381;56996;66069;65983;75791.06;74015.06;82277;44930.8;32816.67;36231.5;33037.94;41513.19;40685.82;65302;27569.96;30539.63;34951.96;38407.16;40776.24;42833.81;52668;12938;13818;14614;17819;18935.13;19134.01;21876;7535.68;7820.78;10289.18;10674.59;8190.39;8029.91;10576;339.79;563.68;1218.38;1876.52;1320.62;1504.8;1180;284188;328740;362142;370120;404413;442451;469647;1.59;1.62;1.65;1.33;1.49;1.84;1.62;4.08;2.94;2.73;1.91;2.53;2.06;1.69
Donggala;3521.18;3150.16;3406.3;4183.7;4133.35;4327.4;3975;6861;15567;14975;8065;7054.92;8389.37;15258;2196.32;3005.94;3526.29;3395.25;3726.4;2971.99;7622;18960;20147;21410;23365;26107.72;27588.03;24995;2834.69;3325.28;3245.18;3407.1;3470.86;3823.61;4143;39955;44837;43192;46180;52333.31;60528.32;58714;36846.37;37494.63;37406.26;40790.14;43016.9;51172.72;53905;27648.15;31987.15;35476.92;38489.38;38547.35;37519.9;43782;13062;14015;15433;17389;17376.18;19227.27;19637;6108.51;8082.3;8064.99;9131.57;9124.55;9020.48;9183;2143.06;2130.67;2101.84;2417.71;2716.57;3368.95;2715;308212;336404;360483;369784;395028;421493;438396;3.04;2.86;3.01;2.76;2.82;2.65;3;9.31;10.01;10.41;9.96;14.81;11.36;10.82
Empat Lawang;4197.92;4385.76;4334.98;4938.78;5357.36;6150.58;6296;8788;6093;10155;6872;8667.44;9929.48;18370;6169.02;5185.05;5707.48;6794.3;9001.98;11220.15;10354;13605;12882;13292;13401;16474.43;20221.1;17993;3038.77;2639.42;2919.34;3991.85;3765.51;4879.72;3922;44693;39715;44353;48302;66318.32;65992.92;60189;43586.14;35564.11;31723.47;33047.52;29461.93;37287.87;41487;29024.35;28005.06;32138.27;34874.8;38962.03;44271.04;39179;18023;15825;20897;21455;23456.56;28586.45;28447;8931.81;8359.81;12108.49;9325.91;8558;10141.38;9410;1868.07;1591.99;1555.74;2286.66;2222.4;2928.29;2014;306546;315699;341007;360378;384199;411191;421747;1.73;1.87;1.89;1.84;1.98;1.15;1.51;13.41;13.67;14.55;10.15;11.49;12.35;13.91
Ende;2656.29;1992.34;2418.9;3222.83;3555.59;3729.54;3158;6622;5852;7091;7438;8582.88;9686.3;8969;5803.49;5436.74;6704.66;7491.39;10323.85;8040.65;9330;22153;18289;20344;24621;26755.14;28912.95;24683;3219.32;2399.44;2893.36;3544.21;3894.11;3933.29;2806;38925;49190;43537;48445;54053.03;54539.79;43757;50924.51;49641.76;57082.95;55508.62;54429.83;71849.43;69661;20625.89;16835.51;21664.28;22178.6;29816.61;29561.44;31474;20022;19438;24337;27005;29161.99;31389.84;25647;8277.09;9231.87;11136.07;10063.26;10578.54;9549.91;9907;5528.41;4308.18;4568.24;6180.77;8191.8;7646.11;5396;358986;363508;392591;428328;473403;518939;528259;5.47;4.22;4.54;6.39;4.8;3.59;4.44;11.37;15.28;12.73;9.56;10.99;13.1;12.75
Enrekang;3380.52;2880.06;3422.98;4911.52;4359.74;4583.76;5086;8287;15779;18812;7145;9168.99;15724.33;33601;5460.84;3260.54;6378.26;6805.8;5780.24;8500.89;8634;19821;19010;24968;24525;24821.01;30363.19;35363;5351.71;4536.03;6249.17;7176.02;6737.99;7027.56;8840;45438;46063;55175;72942;68100.82;81878.66;105494;33339.82;31919.11;36132.94;37472.63;33182.48;38172.68;49669;22566.26;26354.42;24910.94;27783.78;29305.94;34078.52;38467;10670;9343;13012;13491;14083.15;15583.17;18634;12400.25;10694.18;15075.22;14092.65;12043.18;16279.27;14850;2218.59;2048.89;2331.16;2628.44;2367.83;2750.54;2928;312674;331667;338731;352147;371669;408198;427556;1.84;1.7;1.61;1.35;1.97;1.96;1.89;8.1;11.2;10.96;7.85;11.32;7.48;4.94
Fakfak;4228.07;4106.36;4296.97;5757.95;6867.6;6285.5;5956;30631;22148;47147;13089;25534.64;20470.43;31989;4673.56;7065.71;11315.6;11153.44;12082.92;7703.29;11230;32238;36154;43799;44258;47268.53;40314.62;38627;3756.18;4406.41;4838.45;3996.04;4994.42;4021;4344;52628;72451;70433;64882;57532.96;61480.86;60571;34888.89;35016.51;37190.28;39413.57;40474.45;37621.54;46242;34561.51;52605.81;38459.36;56391.85;56753.62;64122.23;69505;26261;31486;42014;40860;43904.94;35934.58;41042;14335.87;18320.44;20661.87;19972.9;18261.39;16540.51;17933;6659.84;5548.64;8937.74;13103.83;14194.86;9955.64;9257;498184;544783;578510;596406;628418;671021;725257;6.32;4.87;5.87;6.11;5.33;4.92;4.6;24.46;19.92;20.7;20.43;20.23;24.29;20.76
Flores Timur;2188.92;1903.68;2140.02;2611.45;3135.1;3417.6;3340;3762;5112;5876;5145;7222.26;7376.86;8901;2917.63;6297.96;4348.02;4510.32;6195.15;5010.65;3852;18865;20432;21281;20049;25565.03;26162.98;26219;1453.74;2243.9;2103.81;2494.61;2600.45;2941.71;2256;20518;23382;23554;19177;25651.4;27706.71;26734;51564.69;56229.14;54538.55;51589.94;59609.26;68775.88;71216;21130.09;25695.06;24825.73;24605.36;31470.48;30089.4;26789;12893;14837;15489;15262;19086.03;19197.22;19269;6914.94;6883.4;7700.5;7222.98;9059.91;8595.49;9056;1941.18;1541.04;1093.54;1393.74;2830.16;2956.87;1849;281757;279268;301611;329340;364117;405486;412744;1.21;1.16;1.61;1.32;1.54;1.74;1.38;17.43;15.7;15.83;16.21;15.71;19.53;13.45
Garut;6227.94;6447.18;5031.92;5541.18;6483.67;7237.65;7720;10052;7502;8274;7222;9222.95;10558.64;13203;11601.31;10741.92;12950.88;12273.32;14588;13868.21;15348;11050;9096;11676;12066;13274.64;14219.16;13617;6048.35;5218.26;6751.69;6252.88;5769.81;6944.48;7063;74960;72251;87197;66163;64961.49;80453.25;89398;35204.26;35018.48;35193.84;37735.2;35886.39;38903.82;48384;41068.5;41869.15;40338.54;38753.82;41828.1;45197.09;49178;12566;10238;13931;14651;13738.29;16951.37;16811;11657.56;11128.55;13914.61;11270.8;12248.09;13996.92;14708;2165.59;1892.83;2101.42;2859.31;2855.6;3468.26;2874;282683;301202;310437;320050;335134;367681;393464;1.49;0.87;0.97;1.4;1.81;1.17;1.41;3.87;4.42;4.06;5;7.74;5.76;5.02
Gayo Lues;3847.24;4393.79;4087.88;5174.85;5144.2;4750.74;5441;11996;18437;15356;18278;15259.01;17671.52;17462;16082.77;21733.36;17104.31;28568.93;26603.62;19319.86;19099;33158;43185;39113;47513;39545.74;41063.62;44188;2986.21;3760.34;3473.01;4005.41;3947.19;3907.52;4477;62587;83465;82550;111218;88362.72;87778.16;99815;46361.74;50432.98;48696.13;53946.22;56763.78;57570.91;66607;38174.6;46566.3;39827.45;39831.37;43802.13;43371.89;56160;19373;23783;24597;26412;29617.01;27431.35;29087;12794.44;13809.42;14246.42;14198.67;11732.76;12780.5;13374;2750.96;3337.1;3115.63;4839.26;4209.43;4032.21;4402;368583;387893;425529;438689;470221;514836;557201;3.61;3.95;2.44;2.76;2.67;3.13;2.76;7.75;5.88;6.97;3.18;8.27;9.18;7.97
Gianyar;2598.06;3192.28;3498.72;5420.38;4738.65;4749.73;5241;15732;14850;22826;18521;19942.71;17556.17;28412;11039.66;19745.33;24735.35;23360.37;17956.87;20735.09;39649;7129;10970;11144;15239;11817.88;14017.2;15138;4666.47;5469.83;4867.86;6408.76;6885.22;7988.62;7263;95883;128114;122163;94336;108984.03;130226.34;129620;34280.04;33239.05;39029.59;43642.59;40100.5;45747.31;53907;16573.56;18910.84;18773.33;19210.84;21159.67;24101.16;25198;17913;17663;21623;28245;26487.61;26107.62;29735;11748.66;13180.66;15807.11;15349.71;15497.3;16003.64;17855;1025.34;1558.65;2067.44;3228.7;1854.58;2283.4;2978;378561;382380;400079;407945;434163;468307;500797;0.43;0.27;0.57;0.51;0.69;0.42;0.49;1.56;1.21;2.03;3.92;3.89;1.66;1
Gorontalo;2265.62;2291.15;2596.03;3279.39;3688.9;3516.91;3227;6046;9054;12026;8647;8980.87;11181.76;11874;4767.18;5432.99;3965.95;6600.4;6844.95;6733.7;6316;24592;24125;26109;33603;32494.64;36974.79;32326;2606.1;2605.92;2945.41;3853.39;3941.12;3737.31;3995;52172;62155;62788;63889;59248.59;80575.2;61982;27175.98;29558.41;31520.77;32489.72;35517.1;38916.6;47481;21937.29;28493.12;23250.83;30000.88;29697.94;40664.72;35932;14816;13792;16352;24440;21761.28;21491.57;20835;7450.06;8397.74;9940.93;12056.07;9947.8;13536.88;11236;1635.41;1250.02;1751.57;2942.07;2216.16;2196.96;1813;409179;425827;475102;502964;531294;568430;605743;2.67;3.27;3.95;4.43;3.51;3.97;3.41;13.43;8.16;10.74;14.97;19.01;14.97;18.12
Gorontalo Utara;2208.9;2417.19;2468.42;3358.72;4177.89;4422.66;3939;3119;9068;10013;6534;9310.1;10955.24;15037;2485.13;2638.04;3739.51;4809.47;5683.62;6947.64;5757;23054;22310;24474;31771;31609.2;31879.65;32111;1516.9;1896.07;2008.12;2739.13;2490.99;3879.11;3382;38957;44392;45392;52586;64946.09;81176.75;81714;31228.43;29717.94;31462.78;35580.09;38021.23;46570.99;52480;25984.7;24553.94;28826.13;32549.35;35305.66;46520.65;47333;14897;14081;16236;24704;21608.68;22588.34;21400;7476.17;6602.8;10184.34;8548.65;10513.73;9170.29;10983;752.62;953.01;1284.45;2650.34;1817.67;2750.45;1449;267806;278746;311200;327531;346557;371302;387535;3.51;2.24;2.09;2.32;3.15;2.69;3.41;16.47;11.17;14.06;15.77;22.84;18.9;20.52
Gowa;4794.73;4670.83;4844.71;5035.77;5339.92;5454.89;5926;12222;11963;14018;9548;11410.67;12355.5;21872;4651.51;5328.04;6805.09;7026.82;6643.02;7843.53;9115;24926;22146;29390;28284;27762.52;28899.47;32479;3111.38;2970.12;4041.26;4174.07;3339.88;4208.45;4720;72048;68443;83248;73884;76212.69;76633.6;87457;30732.2;27248.06;34456.44;33462.85;31618.47;35723.02;40675;28429.26;32558.94;30650.11;34974.98;36830.2;37361.24;46725;11768;11262;16783;17293;17107.22;16565.46;19014;11876.99;10271.4;14143.16;15557.92;14913.16;13788.95;14459;1682.63;1730.05;2177.26;2911.36;2269.71;2687.73;2494;365503;385820;390917;408435;429222;456719;475305;1.25;0.92;1.18;1.38;1.13;0.72;0.67;6.02;7.81;7.81;7.7;11.5;8.42;6.44
Gresik;4711;3887.99;4173.13;6286.17;5572.6;6723.69;6833;14466;12210;14951;16558;16929.13;18993.06;22029;13036.03;13862.58;12806.16;16938.95;17562.71;18992.33;21029;21219;21462;19689;28893;27050.12;32974.97;33252;6876.2;6697.42;6274.96;7380.48;6875.42;8639.08;9042;138821;119798;112419;118160;115778.2;150041.26;151047;28872.61;27277;27545.41;29283.75;32011.62;32508.88;40938;35483.22;31050.78;33592.35;36589.16;40123.82;54356.39;51070;14958;14055;15658;25126;21672.07;26086.81;26625;16987.22;14188.02;15343.73;19638.01;17669.58;21970.11;22963;1532.85;1610.33;1775.26;2476.77;2552.92;3342.4;3053;438704;466154;492628;505499;536544;588316;608828;1.79;2.21;2.51;2.15;2.17;1.63;1.58;2.85;3.23;4.43;4.59;6.6;3.67;2.9
Grobogan;4521.92;4791.22;4431.68;4569.88;5856.3;6844.43;7190;9050;9984;9118;8452;12440.39;12165.4;14572;6539.16;6573.15;6622.19;6469.02;8713.2;8615.4;11233;7226;8308;8619;8211;10049.87;10904.13;12209;5774.62;5460.48;5792.67;6403.27;7435.27;8584.9;8434;73025;65650;72028;64543;80710.45;85508;122767;23017.06;26809.77;26626.26;26392.82;28245.53;30471.19;38567;24229.42;25880.77;29968.16;30731.25;37078.56;36632.16;44420;15478;13795;16456;20097;20535.57;23106.52;25629;9476.01;10557.94;11386.42;9250.69;12689.23;13082.14;13790;944.1;916.91;1175.87;1350.55;1946.61;2006.06;2209;366192;375521;395001;404456;428597;464614;489208;1.67;0.9;1.17;1.66;1.95;1.48;1.9;15.97;17.38;16.85;18.18;15.88;13.23;9.91
Gunung Kidul;4348.38;3721.06;3539.12;4294.3;4935.76;5429.51;6736;10393;8583;9240;10184;11594.43;11725.16;12744;8765.74;8392.84;11039.16;13478.68;12614.26;11425.1;12670;9320;9614;10255;11168;9906.22;10895.49;11259;7219.83;7055.95;6927.8;7983.43;7680.1;9496.93;9383;64759;67329;64133;55297;55709.28;67320.24;75578;27066.39;32753.91;32349.54;34158.29;31786.2;36470.59;43602;20508.08;20045.93;20175.18;20888.26;22698.9;27730.97;29717;18826;16320;19729;24868;22677.13;24659.2;26912;11983.57;11866.05;13087.88;12810.52;12419.54;12620.82;17035;1457.07;1544.42;1555.03;2507.49;2191.12;1855.73;2502;288748;301125;319851;325907;350739;382249;401209;3.84;2.58;2.68;2.98;2.63;2.71;2.56;12.02;11.73;14.52;13.27;22.85;14.67;8.84
Gunung Mas;6458.7;8390.5;7521.63;8080.69;10694.44;10936.62;9583;13967;14553;12614;8198;9792.78;10996.63;17136;22824.5;27630.55;29928.71;26264.02;29541.23;30973.64;36961;40668;46106;42320;45654;51241.88;54892.13;49922;3137.97;3535.45;2889.63;3466.18;4260.17;4795.05;4474;89310;84775;76783;77978;79996.28;78164.29;87846;37741.89;35960.84;37613.64;40667.54;37171.95;42719.5;50087;50122.59;50192.14;51472.34;56176.52;58227.07;58749.08;60388;27768;29165;27406;30493;32507.76;35774.88;34239;15780.05;17114.68;19190.15;18333.63;19002.96;19939.29;23056;1860.36;3157.06;2177.65;2378.22;2869.72;3571.14;2854;388864;403045;438881;456984;479550;526341;562332;0.87;0.99;0.75;0.53;0.99;0.49;0.48;4.97;5.47;5.6;5.53;8.59;8.24;5.81
Halmahera Barat;2802.86;2997.34;3562.61;3727.92;4486.94;4587.26;3993;10458;19631;25800;11066;18142.15;13926.37;18072;2774.74;3365.25;3199.89;4836.2;3508.24;5843.23;6205;28985;30971;32677;35404;35571.21;38265.39;32062;1984.04;2051.7;3238.29;3137.97;2828.29;3315.55;3082;31542;27052;33616;32551;39083.97;45213.69;30108;41630.11;43854.33;44013.49;45958.64;42609.41;57907.91;56921;24350.64;29369;30656.62;24931.48;31319.31;35917.23;45583;22478;18711;22458;23392;28003.74;27597.25;28890;6694.89;9769.44;10318.26;9334.38;8829.75;9104.97;9865;6976.19;5634.75;5107.78;6136.21;6458.91;8283.95;6743;316381;324849;339283;358707;379108;414870;455327;1.33;0.87;0.86;1.19;1.34;1.58;1.49;36.58;40.82;39.54;34.62;38;37.41;33.55
Halmahera Selatan;3144.84;3013.01;3321.64;4053.22;4346.44;5133.64;6752;13267;19340;20061;8821;14597.46;14309.12;22104;792.78;1649.23;1342.75;1865.57;3210.45;1838.5;3408;30266;24090;25904;31647;35700.81;35765.91;35585;979.8;874.09;1196.46;1383.41;1463.01;1769.48;1927;30721;33185;42125;39190;43815.56;46491.07;50581;37100;38653.08;36097.42;36673.5;41657.12;50720.12;58839;30685.97;36541.32;34682.59;42454.27;53422.76;51795;52764;20493;19660;20982;25111;27501.44;30521.71;29910;6200.64;6776.8;6211.32;8671.64;7815.83;10153.77;10289;6962.41;5994.3;5993.43;6409.57;4361.04;5917.47;6461;290627;310161;324767;343323;362100;400768;449334;0.65;0.43;0.45;0.61;0.77;0.88;0.53;27.74;35.15;39.1;30.8;30.67;30.48;28.3
Halmahera Tengah;3381.07;4717.78;3452.61;3077.74;4200.82;7166.61;6392;15713;21196;17176;9227;10809.96;21981.23;26228;2421.63;3974.71;5805.38;3208.64;2971.9;4640.49;9151;30970;25786;28965;32584;38337.38;55514.47;45467;2772.17;3027.81;3512.5;1723.35;2524.08;3607.37;3548;54595;58608;64204;54031;49022.03;70549.65;101141;36147.04;35138.69;34235.57;35478.75;37097.11;49444.05;57067;45004.58;50986.48;53734.94;54406.62;56483.98;89207.5;95967;21361;22554;23820;22145;24001.92;37088.34;34198;9061.22;10532.95;11576.27;7642.15;8567.07;12090.38;13412;6396.93;8891.97;10333.44;9369.54;6823.13;9469.86;8223;429805;454180;466973;491657;507555;552350;593903;1.81;1.42;1.73;1.99;1.36;1.8;1.73;27.86;31.1;31.64;27.03;25.51;15.3;19.43
Halmahera Timur;5148.58;3993.38;3711.26;4358.58;5046.63;4990.81;7629;13747;17747;21134;12374;9798.24;13336.79;23945;4524.82;4988.77;3913.08;5332.76;6332.51;4752.75;8108;30828;33792;31268;34466;37568.14;40481.48;41054;4214.42;3228.68;3763.89;4637.6;3696.11;5056.82;5369;40834;45378;38598;49166;47462.82;50673.33;81679;34162.48;33224.35;32988.52;35684.64;39512.9;39869.72;45400;28637.4;36613.4;37136.44;39255.74;48384.15;58203.65;70322;20264;19481;25120;25882;27162.71;28189.27;34039;11022.7;9216.15;12310.79;10507.93;10766.82;12231.44;11994;6408.26;6029.62;8185.11;7117.85;5447.04;8856.55;9250;510899;545238;569464;600339;624983;631233;655936;2.95;1.93;1.9;2.62;1.94;2.55;1.49;34.69;40.07;39.89;33.37;31.48;32.27;29.13
Halmahera Utara;2680.8;2559.7;2678.92;3585.99;4158.52;4307.46;5392;7286;11456;24293;9560;15890.86;16744.97;25199;5623.14;4200.54;4436.47;6584.11;10701.28;6549.15;6226;30120;28339;33019;39980;42229.79;42707.53;40807;2035.94;1650.64;1931.9;3419.6;2755.92;3375.12;3293;42869;40412;40284;43323;42844.43;54194.15;54578;33553.71;33267.35;36004.84;41069.85;39630.03;39389.23;48097;23230.03;27478.43;27411.94;34315.9;32572.56;42251.46;39644;19912;17815;21105;25346;28553.28;29867.49;31874;8667.74;7898.4;9463.98;12122.92;13636.4;9385.05;12004;4409.47;4646.11;4430.5;6692.7;6754.46;6780.29;9196;228092;238878;248544;263507;301041;378968;425857;0.45;0.38;0.38;0.48;0.47;0.42;0.48;35.8;42.1;38.21;29.93;28.38;31.22;29.24
Hulu Sungai Selatan;6708.24;5768.1;6705.16;7295.32;7760.8;6573.51;6674;10417;13136;12553;8216;8775.53;8261.42;18247;5581.1;5481.82;7326.14;7931.79;7944.4;7447.65;8050;27552;28463;29937;36306;34626.19;32788.27;33997;2896.19;3151.6;3382.67;4073.42;3632.14;3621.97;4958;122512;97241;106626;106915;117062.04;111548.46;129800;27545.94;27298.36;29339.4;34166.7;34962.48;47101.45;46388;21688.66;22612.97;23262.76;27236.34;26529.42;27898.19;31703;10803;12531;15724;16907;16796.03;16147.87;18148;12370.38;13906.1;14063.07;15803.08;14592.63;13067.3;13916;722.76;1005.4;884.94;1018.86;1154.78;912.87;883;444455;461581;528622;494203;516857;547855;583549;0.71;0.72;0.51;0.45;0.49;0.69;0.34;4.15;4.17;3.94;3.7;5.64;6.26;4.9
Hulu Sungai Tengah;6135.45;6388.96;5967.76;7775.71;6638.58;7351.3;7042;9560;11265;11985;10107;6739.34;12626.43;21978;4209.67;6224.84;4935.76;7710.51;7328.77;10986.28;9874;28529;28613;29005;35281;31242.46;40569.27;37318;3111.07;3371.42;3185.08;4665.58;4610.75;5490.75;4839;97852;95019;102189;99841;88610.6;126595.3;142154;27323;27651.91;30564.38;33723.89;33608.12;45163.78;43767;26127.95;27889.66;28486;28147.2;28867.14;33482.04;36087;11234;12498;14289;16735;17242.11;20414.03;18352;12470.82;12632.83;12971.18;15247.57;11823.03;14882.01;13806;742.2;670.41;676.08;1130.6;1237.33;2144.07;1717;354214;365008;417778;425438;444331;475655;513950;0.67;0.85;0.43;0.53;0.75;0.63;0.75;4.87;4.34;4.64;4.52;8.79;5.55;4.95
Hulu Sungai Utara;5789.08;6089.48;5340.7;9009.75;8517.87;7859.42;8599;11334;10567;9196;7805;8685.69;9487.37;14431;5653.36;4742.56;4753.84;6346.84;8941.76;7639.93;10122;29756;20147;24478;27221;32477.88;29744.59;28652;2638.08;2246.44;2672.99;3085.78;3530.07;3321.14;3702;103090;93720;93891;100911;98517.5;97591.91;117461;28957.76;26380.5;27144.49;35043.11;37918.48;43723.12;41004;22189.26;20538.52;24170.92;23060.21;25246.52;27870.04;25225;11931;10122;12137;14638;16557.68;15775.95;17466;14883.92;14023.21;11970.21;18005.44;18121.53;15913.93;17231;832.93;777.09;606.76;1246.53;1166.32;1178.21;1549;420783;436997;488237;501994;526919;561429;597894;1.14;0.66;0.85;0.76;0.86;0.63;0.54;3.15;3.83;3.87;4.23;5.68;5.63;5.18
Humbang Hasundutan;1947.96;1862.34;1513.37;3272.95;2757.64;3377.54;3384;10862;10660;10654;15482;14698.59;14133.96;19263;9709.75;9906.67;9078.84;10722.14;13571.31;13327.27;17427;35786;33375;35060;41470;41611.58;47731.65;48649;3104.3;2750.87;3574.15;3811.54;4131.76;4704.69;4750;43425;35860;37604;38087;38754.96;46070.01;59150;46937.85;49292.68;47551.14;46893.84;49219.55;58853.2;60813;33502.72;32543.57;39555.82;41597.36;44463.89;46766.76;47167;18075;15884;19118;21270;23143.48;23627.24;29506;13835.79;11629.47;13562.73;17124.44;15751.08;17221.08;20455;1894.47;1414.53;1483.43;2025.75;1885.68;2556.62;2294;329189;336500;374768;397237;419180;451625;487256;1;0.96;1.29;1.25;1.4;0.99;0.78;4.28;5.41;6.69;6.27;6.88;5.82;6.18
Indragiri Hilir;5919.14;5223.52;6485.33;7621.54;7172.47;7791.78;7042;10310;10123;13458;11183;13410.6;10591.61;15484;8478.53;7732.38;9448.01;9014.68;11724.52;10925.05;12324;35522;32176;33896;38365;37811.76;38397.46;39102;3591.19;3397.89;3759.19;4286;4013.83;4351.22;4198;60537;66985;68635;68984;63090.51;74008.63;82712;32127.39;31467.22;32236.69;33118.48;31807.65;39716.47;45724;27918.98;37563.61;32304.87;38933.26;38338.87;40246.53;44604;23046;19876;26766;27116;26889.81;30086.61;33278;13286.17;14986.29;14528.99;16128.22;14471.94;17770.68;17540;3344.4;2987.25;2944.4;3728.06;4215.34;4496.23;3559;435202;450728;495305;518283;568879;597122;629570;1.27;1.24;0.96;0.9;0.73;0.68;0.84;15.2;11.53;13.91;14.1;22.03;17.06;13.23
Indragiri Hulu;4875.23;4578.83;4012.13;4963.64;5422.3;6630.41;5924;11702;12666;11751;12214;11713.51;14870.2;17202;10647.64;11162.65;10358.07;13487.28;13106.31;15752.12;14137;26170;28218;28605;29869;31256.16;36635.64;34642;4251.02;4358.12;4489.35;5075.1;4765.61;6252.14;5417;69580;71553;77303;65685;69731.03;92646.64;91239;32358.5;31459.08;30661.15;35766.15;32672.88;39695.7;41726;34518.77;41918.34;38984.97;43044.61;43847.86;55144.2;58660;27714;24522;29720;34806;32675.61;40020.37;43737;15498.27;16368.55;15983.63;16891.24;15364.09;19649.62;16804;3170.34;3240.73;3386.42;3924.85;3288.99;4237.82;3936;457871;474298;522110;549563;584910;626671;660349;0.94;0.84;0.78;0.81;1.01;1.14;0.61;10.45;8.07;9.11;10.8;15.22;12.31;11.22
Indramayu;5355.5;5830.36;5660.78;7245.4;8150.34;9327.22;8218;12795;13939;13463;15464;15769.59;18405.19;17383;7236.83;8142.23;10433.11;12751.94;12998.65;16195.88;16580;12109;13804;15867;19118;18610.38;26392.62;20842;7368.4;6699;7644.04;8112.67;8112.01;9548.64;9318;98272;121528;122025;130567;140431.95;150061.21;149726;37160.06;32197.89;36492.06;35423;35072.46;36742.84;45870;37677.14;40501.99;42964.61;46536.13;53230.8;59233.9;58808;14867;16381;19314;23463;23392.94;26103.32;26498;11433.26;12654.37;12914.56;15903.65;15515.07;18419.25;16165;887.06;1041.51;1466.69;1599.04;1130.4;2206.98;1839;447378;458240;474807;481754;499805;532545;560159;2.23;1.66;2.18;2.46;1.72;2.2;2.05;4.68;4.11;4.28;3.97;5.99;5.4;5.46
Intan Jaya;5838.92;5674.74;14798.66;6832.94;7774.62;16806.36;11470;6860;5454;6748;9566;7759.63;24984.06;9116;50730.89;33408.4;36496.98;41846.24;61170.72;117009.72;88129;12166;22701;15562;16137;17216.75;20950.78;41358;6412.46;5515.03;16395.14;1108.71;1441.24;8877.06;5897;30062;2751;18799;2936;6307.87;28192.96;1454;30837.92;40580.66;57988.45;44710.42;43024.52;59163.15;64621;19286.11;13134.72;25258.78;18867.54;7720.68;43514.75;13225;35298;37783;47881;43336;47390.38;114372.36;94891;15099.29;14183.52;26632.4;17784.49;17981.73;28336.59;23262;40384.52;18516.34;34237.29;16152.96;23833.16;54038.29;37647;606138;627128;662465;725106;769993;853098;948843;11.72;8.73;8;5.92;5.27;14.01;12.46;34.3;47.06;27.86;47.98;55.25;41.29;38.16
Jayapura;3327.33;4375.78;4772.93;6243.16;6486.24;7908.37;6940;18433;10796;18584;11970;15815.39;28230.51;24278;23108.34;15540.26;15219.1;16833.96;19651.33;30836.59;27846;41003;33610;30269;44274;49082.02;75553.35;53986;6541.22;5439.08;5557.64;7129.64;7227.07;10327.34;9024;59669;79272;62341;58572;62466.32;115519.31;110630;22441.19;26530.45;26148.95;31259.62;32245.26;39964.67;41594;25337.67;36335.76;31649.91;42243.35;40334.82;79551.27;57187;32726;31698;25958;38053;35136.3;53421.84;46925;12723.48;18637.46;13588.79;18413.26;18377.34;24059.19;18879;13416.07;9930.68;7853.53;14723.54;14909.25;22838.52;18508;549489;589521;601005;624845;651581;706549;729234;2.11;2.67;2.04;2.42;3.08;2.12;3.26;33.03;34.19;32.14;29.83;27.04;22.44;21.1
Jayawijaya;7151.91;7792.2;5017.67;9743.11;11219.8;9619.19;12152;13083;8509;13299;11891;17676.46;21398.67;20214;16943.75;16850.56;27361.33;25515.63;42965.06;36624.31;40685;28621;16621;35750;30318;47609.22;38587.12;43606;4969.48;7342.3;7093.67;5136.12;7890.02;9595.83;8369;41859;25445;48655;18769;29462.21;23548.52;38552;39430.34;42972.8;32316.19;51008.17;53694.92;52866.79;57352;37041.58;33592.48;50028.38;27535.89;40558.01;32365.74;40565;35672;75872;43102;56684;81506.21;89102.49;79471;12383.5;15139.26;13557.84;14887.08;17656.87;11888.02;13634;57249.14;47331.26;66972.48;73801.93;107135;90671.64;84809;409846;420471;461058;501075;524173;566319;722258;12.72;15.11;12.54;12.89;12.01;9.37;7.85;40.75;29.79;32.86;37.39;30.4;30.07;26.85
Jember;4226.26;3562.46;5102.78;4931.1;6063.39;6040;5962;10718;8218;11613;9379;9545.46;13069.04;14761;7339.77;6872.19;7457.74;10095.59;11034.92;11262.21;13332;12016;11720;13473;13329;13563.2;16193.03;17156;7018.42;6823.31;7148.32;8523.51;8730.59;10017.95;10271;64915;66569;71933;70338;71745.53;76975.51;81550;27446.83;33302.22;32922.15;33819.07;36109.27;38593.7;45120;21645.6;26462.79;27012.4;25524.97;28485.42;33250.18;33990;15676;14202;16475;21747;20575.57;21870.69;23209;11410.9;9719.36;11421.04;10611.07;9129.51;12500.09;13109;1470.57;1656.71;1966.32;2488.72;2555.35;2665.32;2625;324174;339685;365295;380397;400961;441171;459043;1.45;1.22;1.42;1.58;1.08;1.17;1.01;10.43;9.24;9.72;11.05;14.09;10.38;9.84
Jembrana;3082.82;4601.86;4302.33;4887.57;4945.06;5200.02;5093;18348;12066;20524;11891;13036.21;13446.13;16447;10462.19;16316.87;23714.72;19803.61;13594.22;14868.44;27838;14541;15853;18045;18064;17391.42;19311.93;18446;5273.55;5076.91;5526.3;6192.08;6134.98;6861.37;6330;68966;74955;72907;65781;75896.49;79609.74;77876;37690;37732.12;35633.65;40136.16;37387.69;41469.5;57427;25687.5;28371.22;27765.91;29981.65;31433.43;31925.98;35065;19283;18261;21423;28130;23811.08;25793.63;26794;11940.49;11016.32;13714.21;12535.46;11074.76;12494.87;13445;1568.31;1548.49;1252.91;2015.85;1937.79;1966.1;1606;385959;390102;403462;434839;458214;496435;531164;0.57;0.59;0.39;0.63;0.73;0.38;0.36;4.27;4.42;6.59;9.9;11.38;7.6;5.68
Jeneponto;3640.28;3183.67;3451.83;3653.46;4188.99;4047.72;3671;9176;10492;11978;8157;9543.03;10019.53;13882;4957.16;5690.81;5077.59;6609.92;7226.13;7256.54;3940;21176;20696;23132;25083;28049.98;30367.02;26210;3019.34;2885.97;3274.28;3579.69;4075.41;4089.87;3436;47085;44611;47740;51469;60317.81;53715.84;47015;26922.39;27873.04;33326.73;32458.57;31708.01;34385.35;37736;25075.27;26437.63;25572.21;31618.25;31058.1;33771.77;34981;8805;9662;12018;13594;15001.74;15632.62;14834;9603.77;8931.93;10788.84;10706.18;9392.58;8769.2;7619;1364.44;1325.8;1394.38;2265.36;2646.72;2471.35;1212;356319;359883;366453;374407;384299;405280;416231;2.63;2.02;2.6;1.64;2.54;2.23;1.48;9.08;12.46;14.34;11.28;15.15;11.41;13.4
Jepara;4158.57;4476.62;4048.04;5679.16;5819.72;5251.32;4878;9152;7871;7917;10109;13214.9;11799.76;13119;5474.23;5991.07;5997.35;8505.08;11350.15;9229.67;10327;15530;16546;15093;19286;23796.11;20871.82;21647;5121.8;5025.28;4294.4;5901.62;6946.98;6843.2;6426;57795;68734;69447;80519;95063.9;86829.78;85159;27882.45;24483.57;24541.02;27054.44;27950.07;30372.66;38163;21355.42;22689.53;27915.29;35651.56;40651.46;40168.42;40523;11655;12142;12993;18599;19535.97;18824.53;20851;9808.55;10384.92;9560.29;12432.76;12995.31;13493.5;11813;1105.37;1471.25;1348.81;2033;2318.08;2136.24;1888;371296;386693;407056;419028;442618;479131;503832;0.71;0.64;0.6;0.88;1.22;1.01;0.71;13.47;13.86;13.64;11.71;12.11;10.02;7.86
Jombang;3457.06;3934.22;3736.28;4522.86;5197.82;4861;4367;13761;13005;13369;12712;13383.4;14119.94;14570;8643.77;9161.28;11243.75;11699.91;13561.78;12052.16;12550;8860;10428;11712;12716;13981.95;11587.65;12909;7383;7293.31;6766.94;8345.57;8626.53;9145.3;8818;86961;89180;85074;85909;94366.8;94863.36;104923;26800.83;25833.16;25971.97;28233.09;28130.64;28884.05;40858;25246.89;26311.56;27253.83;30353.04;38298.03;39955.12;38813;13736;12565;15184;21251;19788.98;20392.37;20944;13497.27;14060.44;14552.71;16068.36;16193.56;15843.06;15704;1796.43;2025.35;2409.15;2771.65;2703.52;2403.35;2185;374895;399633;410116;421172;448830;488754;514170;1.34;1.77;1.73;1.55;1.19;1.15;0.9;7.56;7.41;8.95;8.78;9.63;8.98;7.52
Kaimana;4095.98;4038.12;4811.09;3916.5;6348.36;5471.25;6816;17562;14066;24173;12384;27904.39;26292.95;33931;11800.45;9956.5;8408.16;9714.96;16610.09;11468.25;12046;35972;31684;38929;37663;41210.95;42195.99;36110;3592.02;2763.39;2494.46;2542.9;3660.07;3435.9;3378;56018;45001;53003;49856;62084.99;69274.59;72776;35862.26;30626.89;39403.86;37030.02;38710.21;40986.16;45362;37061.42;36115.33;47131.76;39699.06;35142.85;45860.08;51365;29874;27162;31109;32380;33786.09;35881.27;37060;19588.2;15443.83;20668.64;17136.6;21655.62;16936.65;19166;7650.76;11180.65;12153.43;12839.37;13046.33;13907.96;12414;386576;412130;438991;450301;511011;609865;682231;3.4;4.02;2.36;2.83;3.32;3.13;3.17;27.84;22.99;24.47;25.86;29.24;21.91;20.45
Kampar;3951.76;3786.81;4372.64;5225.51;5339.61;5609.13;5133;9970;9846;13072;11195;15235.54;13930.49;15286;11265.89;10610.92;12430.61;13830.13;16700.2;15270.34;15731;27838;29019;32073;30172;38112.47;37001.63;38451;4238.67;4122.73;4498.11;4856.54;4830.92;4966.31;4671;66668;72952;70367;72560;89269.02;92404.66;93294;32265.43;31165.78;31527.18;34972.6;35863.06;40584.54;39660;33759.27;33643.18;37533.39;43749.08;52658.46;54159.46;58302;28762;25014;30834;35064;38606.89;38628.23;43760;16083.32;14182.09;15793.93;16723.13;15873.59;17608.97;16601;3391.5;3247.76;3173.74;4137.76;4624.51;4289.56;4512;419306;434601;460991;477603;502670;547696;590444;1.1;0.93;0.77;0.99;1.1;0.72;0.91;10.09;7.99;9.34;10.52;14.69;12.01;10.75
Kapuas;5575.22;7177.26;6852;8064.89;8250.78;6886.24;7097;9253;12498;9701;6775;8623.74;9101.95;14256;9671.53;11975.23;11676.6;10563.11;16794.95;16191.67;15168;30726;34334;29810;32964;40557.21;40282.03;35430;3396.5;3898.32;4102.9;4171.51;4288.48;4302.81;4540;50860;60619;64897;58166;74330.32;67481.41;72589;29636.43;30733.53;34821.44;36036.42;39606.28;50482.54;45771;28207.73;30373.16;30980.01;32283.53;31531.95;36326.78;35860;15709;15321;18887;20093;23443.28;23532.58;20993;12342.65;14073.38;14072.71;13656.87;13792.73;15791.96;14993;1840.09;2262.49;2264.91;2652.4;2705.74;3263.52;2872;291820;305809;332999;345272;424066;485958;508022;0.79;0.56;0.78;0.55;0.82;0.73;0.6;15.57;16.46;15.4;14.48;20.91;16.09;14.77
Kapuas Hulu;6543.61;7281.55;6933.61;7459.23;8639.99;10236.78;10006;4259;7790;5630;7175;8101.92;9665.45;13751;17021.33;16752.46;16914.28;16417.46;22743;26761.45;26151;28305;31199;26634;31138;34447.65;46965.24;39387;2305.76;2462.89;2908.17;2731.66;3566.96;3600.91;4296;47555;48359;59377;51785;62638.63;94002.34;76031;39238.32;42717.18;43521.97;44299.26;44778.99;47515.78;47160;31388.33;41907.8;35924.89;39040.02;45061.43;47467.94;57065;18734;20301;21804;21728;31136.01;34852.27;29635;14744.15;14846.08;11918.6;12506.24;14764.54;17637.57;16559;2027.6;2039.54;2335.04;2490.13;4927.52;3712.79;3383;430652;452471;465360;481826;508087;543301;572644;1.34;0.94;1.52;0.94;1.41;1.51;0.78;24.66;21.68;23.87;21.19;22.61;12.75;15.53
Karanganyar;4012.93;3865.95;3496.54;4554.44;4762.3;5512.37;5016;12977;12639;12787;11431;12637.2;12418.95;18000;10315.61;10666.58;10069.38;11557.09;13154.3;12805.04;14413;9209;8751;9978;9381;10138.97;9778.17;11040;7604.89;6834.46;6910.88;8060.16;7740.37;8280.85;8752;69238;68240;75884;72105;81518.67;70048.88;115692;22475.34;20751.66;24972.19;26161.89;26500.71;32921.42;40336;21675.91;27414.38;24586.58;23822.4;27975.33;29298.55;29274;15865;14940;19176;22305;21838.07;24136.49;24927;16294.58;16603.81;17975.43;15760.47;15530.62;16496.15;17001;1648.9;1800.07;1954.13;2127.36;2770.5;3484.85;3607;348896;365151;385563;401542;424677;465703;491551;1.7;1.45;1.56;1.61;1.64;1.22;1.63;9.34;9.86;9.93;11.92;10.68;10.63;7.09
Karangasem;2141.34;2152.38;2498.59;2822.82;2846.44;2924.29;3038;15635;11032;19480;13188;13797.78;6841.25;16272;10793.34;12260.5;16525.66;13630.53;11454.09;10647;17034;9553;9672;9113;9848;9695.07;10938.08;9929;4446.41;3831.14;3749.55;4128.62;4436.93;4825.65;4750;58269;61112;58990;42951;49440.42;59775.63;59013;38580.24;33790.32;42010.99;44244.71;42395.25;47507.76;47684;14430.2;16073.14;16721.96;15144.13;14664.63;19080.38;18563;15945;14607;18471;22432;18128.27;22653.16;20521;8169.11;8573.71;8986.57;8738.85;9143.03;10502.82;12506;1126.99;1317.75;1034.97;1826.79;1957.91;1837.04;1270;311321;315805;330441;354123;376229;404083;432414;0.83;0.75;0.52;0.64;0.84;0.62;0.56;5.76;5.36;6.71;13.42;13.18;8.43;7.57
Karawang;6355.22;5419.1;5585.8;6371.5;6735.16;7516.61;6730;13926;12546;11783;11751;11678.98;13617.23;17593;9578.23;10359.12;10201.34;10461.08;11755.23;13043.8;13228;17142;16006;15272;18488;19058.41;21660.57;20621;5121.63;5081.43;5495.32;5657.46;5770.4;6314.56;6517;137225;132618;120350;117508;117619.13;137884.65;149602;36045.73;29586.31;28426.4;30748.63;33026.72;36456.88;41743;41003.97;39914.71;36180.17;40330.3;45117.24;56423.18;59673;19307;17795;19773;23650;23404.74;23338.97;25363;15689.63;14907.47;13265.69;14999.28;14229.82;16628.87;17044;1171.4;1187.87;1423.96;1533.15;1756.41;2255.08;1870;433972;440347;466152;494201;521158;555889;597345;1.21;1.06;1.28;1.27;1.58;1.06;1.18;2.6;3.42;3.79;4.8;6.73;5.93;5.1
Karimun;5727.76;5968.03;5211.02;7341.26;6308.75;7227.77;8364;11203;11722;12075;12854;12082.36;13429.44;16555;13450.56;15273.56;15631.76;17501.51;16396.29;21167.56;21401;38817;42773;41559;47974;42272.72;54798.09;51100;4570.31;4891.39;5301.03;5650.9;4172.98;5554.59;5919;98690;99987;90712;89536;83097.99;92637.46;106031;33731;30360.77;30441.38;30883.57;26912.16;30482.38;33277;30306.34;32343.3;33827.69;37312.62;30795.32;33803.82;44952;24714;25565;29557;30869;29173.73;36210.92;36090;19776.22;19352.06;17636.6;22689.06;18043.78;18335.78;20576;2401.68;2415.41;3195.94;3556.83;2987.54;4143.23;4419;360087;376853;411052;422961;446856;468332;492654;0.7;0.6;0.59;1.14;0.78;0.53;0.99;6.2;5.12;9.74;11.36;15.12;14.7;13.2
Karo;2504;2255.99;2263.54;3065.38;3308.36;3286.76;3394;13837;15479;16610;14179;14069.39;18312.9;17812;15997.15;16245.85;17964.82;21269.57;23416.48;25272.5;24621;39203;40546;40640;46557;50394.89;52345.08;51950;4690.27;4334.46;4420.6;4659.02;6322.44;5622.08;5786;105571;114334;105423;120901;98255.19;132072.48;137207;55942.44;51951.48;49024.7;52577.56;52238.51;61049.68;62643;60550.33;63334.86;63171.42;62312.91;59788.27;73820.08;80100;29103;26956;29477;34797;40008.52;37025.64;44491;17698.5;18466.01;19609.98;20096.1;18265.04;21698.91;20924;2760.89;2138.06;3221.27;3227.61;4092.62;4576.39;3149;437702;460870;500921;531519;563660;606244;656812;0.95;0.88;1.39;1.23;1.13;1.17;0.81;3.65;3.03;4.56;3.78;6.42;5.42;6.13
Katingan;7074.66;7930.37;8116.01;8168.07;9061.26;9202.83;8865;10907;9891;10827;7087;10886.58;11504.99;15647;17881.64;16457.89;23521.59;26652.67;22413.57;27622.85;27717;37545;42292;41573;48528;52823.69;47387.72;45003;4340.93;4901.5;4742.18;5039.16;5021.57;5792.58;4970;69181;74161;74594;76636;102956.1;104600.83;93117;43429.25;40372.44;40117.52;40935.74;45026.49;46472.83;43817;43379.51;45682.67;40371.85;48603.65;50821.75;48010.19;46027;24786;25115;28688;33753;35207.39;35600.8;34439;16483.1;18684.58;18906.89;21308.53;18612.46;21111.17;16518;2043.69;2524.61;2613.36;2888.77;3117.48;3913.4;3401;420418;434609;474056;498487;553082;589596;615575;0.54;0.94;0.51;0.47;0.67;0.68;0.6;7.45;7.3;8.3;6.54;9.41;7.47;9.57
Kaur;3748.55;3243.11;3871.12;4699.91;4518.4;5019.71;5095;9584;7362;8644;8493;10631.64;8750.63;13975;9314.72;9720.26;8463.03;12413.7;15042.42;13997.07;13212;21416;24544;24849;28354;28909.18;27320.42;30772;3471.95;4094.43;3808.34;3948.64;4281.46;4624.25;4140;55199;53573;56717;65317;67139.39;62251.01;56603;42448.78;38675.86;41764.73;38203.84;41039.04;45556.84;50003;41064.77;41526.24;45212.2;48518.82;51044.79;55078.84;60394;21300;20326;24800;28690;27035.65;28300.77;31784;13286.34;12158.12;10248.18;11080.44;10574.11;12181.94;12818;1488.14;1648.29;1455.78;2394.27;2548.78;2789.68;1829;317558;322815;338451;350794;371660;415715;432939;2.99;4.14;2.77;4.09;4.22;3.64;2.54;8.16;7.51;6.33;7.01;9.54;9.52;12.36
Kayong Utara;6334.48;5137.2;6347.35;7465.04;8055.82;7824.62;7127;7267;8314;7770;7420;10104.36;8035.75;13212;9124.8;10319.01;9345.26;10918.81;11832.55;11916.47;14820;38926;35829;35460;39862;40362.33;42365.11;42835;4070.42;4097.02;4741.72;4645.8;4973.43;5220.45;5226;55630;63848;68433;71406;84348.62;89458.53;87279;41057.35;37681.32;37116.32;35446.69;36754.53;42773.79;47871;38558.1;39928.24;42567.12;39092.21;46896.99;51984.84;51810;23588;22815;24820;25624;28301.19;29429.89;24369;16777.31;17503.11;16711.21;20116.05;16159.05;17979.28;19108;1616.55;1449.78;2175.59;2407.6;2634.23;2592.58;2179;287078;302811;311643;321356;339089;365262;386071;1.47;1.69;1.13;1.78;1.2;1.71;1.63;14.98;17.12;19.17;15.79;16.06;11.9;12.32
Kebumen;3279.11;3609.7;4054.63;4342.1;4564.48;5175.62;4971;10575;12074;11645;12077;13177.7;11989.37;14603;5676.04;7348.98;7967.04;10898.77;11311.77;10911.85;11840;5951;7454;7885;8739;9054.22;8813.54;9440;6320;7328.06;6423.36;7675.16;8491.23;8515.26;8806;56294;58644;71121;67480;75559.03;85782.55;86475;24226.72;25842.32;25234.34;23655.61;22798.31;27106.13;36999;18614.11;22772.7;23490.63;24645.8;30674.4;30906.9;28162;17036;16965;19000;25101;21300.76;24141.11;23529;10285.39;12202.4;13417.28;12827.04;13857.58;13528.55;14445;880.91;1567.21;1756.72;2282.98;1921.37;1928.3;1656;342437;362847;380557;390599;416004;451678;471824;2.48;2.58;2.62;3.24;3.41;2.89;2.35;13.44;12.59;12.55;13.52;12.46;12;9.2
Kediri;4244.78;3637.39;3858.66;5262.68;6371.22;6134.32;5813;11274;9527;10604;9619;13997.74;12796.99;13353;6667.52;7474.42;8196.86;10718.62;13611.5;12343.22;11665;7516;7688;7144;7411;9518.31;10644.61;10364;7346.95;6917.8;7102.25;8585.1;8900.67;8733.16;8942;76269;73630;76649;69326;91931.72;85966.16;81216;25517.52;25681.72;24775.43;28405.15;27888.64;34085.14;36590;19869.54;23117.08;23543.26;28143.29;29627.02;31130.1;37718;17464;14521;16657;24799;23586.09;24600.75;24303;11432.65;10999.76;13991.98;13362.83;16086.82;14891.87;15633;1947.8;2172.96;2172.49;2634.55;3349.33;3229.01;3260;294098;305491;324215;335990;353033;385874;403621;1.71;1.24;1.55;1.35;1.67;1.52;1.22;8.47;8.22;9.03;9.53;9.97;8.37;9.37
Keerom;4379.3;3932.58;4292.57;6185.7;4926.09;4478.33;6107;8113;6414;7781;6429;13932.26;10257.39;16123;13437.04;16252;14917.49;19705.32;14929.98;15461.81;23417;22841;31781;17987;21307;15755.62;19659.95;32945;4981.41;6286.18;5113.88;7623.37;6630.53;6617.29;10412;23775;28766;27170;41930;40509.38;38358.73;58857;27695.38;29023.75;25032.78;33136.15;27344.1;30107.59;46216;27832.88;37004.39;38490.74;50177.92;53771.08;61640.25;74817;19947;29291;21729;34642;32735.63;28736.18;38823;11972.24;14902.41;11737.98;13241.66;13964.71;10986.99;13269;5557.25;8119.52;7317.94;9168.84;7658.59;8308.88;12034;597230;655056;677050;704998;744805;807097;832766;3.08;2.99;2.79;3.16;2.46;3.79;3.11;50.74;50.82;51.33;51.04;38.99;47.9;37.83
Kendal;5269.82;4460.18;5142.54;5312.68;6165.48;6998.49;6624;11208;13211;12380;10633;13633.64;15467.07;15656;8220.3;9650.27;10111.1;10554.79;11102;12993.92;13665;10297;12537;12622;13303;14984.7;13988.43;14441;6112.49;6271.54;6191.01;6946.74;7445.62;8475.45;8636;72515;83561;88782;71855;87614.03;88650.82;98894;27151.53;25824.01;26301.96;26088.6;26171.8;31729.57;39576;25827.12;25934.02;25955.74;23699.01;30412.68;36289.88;40835;17715;17251;19729;22963;22566.58;23630.04;23622;14834.66;13429.7;16100.29;13978.71;15609.28;15994.8;16520;1313.5;1557.87;1409.39;1930.51;2239;2726.89;2284;353127;369769;396691;407387;433864;465936;488940;1.85;1.47;1.37;1.52;1.52;1.19;0.91;10.94;11.18;11.72;14.62;13.87;11.9;10.03
Kepahiang;3874.02;3176.37;3649.32;4651.56;4840.06;5487.42;5469;10433;7333;13618;10441;10245.84;10788.35;17154;6946.53;6381.61;8786.04;8165.04;10422.82;10277.3;13318;15126;15069;15785;16758;20279.94;21232.21;23501;4409.14;3703.52;3651.58;4304.63;4653.46;6137.19;5249;44633;46129;44227;48542;58386.44;61408.74;62417;38675.98;38735.09;40710.74;42697.14;40168.58;42599.53;49891;33500.89;34052.04;33959.03;31967.5;38840.17;41380.29;46991;24788;21767;25023;28550;28577.93;32695.52;37412;10351.45;9296.94;14476.19;12168.78;11684.26;12559.18;12328;2309.27;1925.64;1949.86;2671.02;2274.57;2799.55;2303;361281;374568;396184;410569;433660;465292;488445;2.33;2.54;1.9;1.62;2.2;1.87;2.13;11.13;11.23;10.99;11.3;15.4;13.17;13.7
Kepulauan Anambas;9127.89;11190.91;10203.14;9857.57;11756.84;12866.76;10291;10608;12805;13673;9078;16161.18;10431.23;21409;8948.76;16640.04;12163.85;10701.9;15180.28;15481.36;19333;35217;37830;36516;35867;45657.72;42046.26;44736;2288.22;3652.09;3184.64;2682.96;3981.68;4215.77;4235;87029;98156;101518;89953;103878.43;116955.27;118342;37529.86;34024.38;30114.38;30000.12;30814.05;36891.71;36492;45992.13;53342.38;53890.2;63088.98;52037.54;54325.84;68707;30123;29588;31413;31743;35650.47;38132.09;37826;21807.92;30341.01;26310.59;22289.95;25883.73;24529.08;27460;2138.66;2282.96;2517.9;2809.14;4340.28;3613.08;3411;366917;382449;416877;429475;452220;481718;504332;1.25;1.14;0.96;0.87;0.92;0.78;0.94;6.04;4.66;7.24;9.6;11.18;13.71;9.04
Kepulauan Aru;3267.42;3461.44;3353.56;4195.03;3841.34;5231.21;4124;11112;9048;6593;6266;5913;7031.61;9738;4629.1;5203.22;4900.51;6826.01;5018.42;7637.51;6215;28700;30610;30007;30824;37697.58;39263.23;33816;1502.1;1315.88;1344.3;1144.43;790.55;1367.19;1021;38865;34489;32364;40231;33569.34;36941.57;40871;33525.42;33282.5;34670.63;39422.73;40728.73;44855.29;52236;20478.86;32669.76;25567.65;33790.8;29785.83;38126.59;29109;23285;23101;22378;24958;26181.8;28802.59;25952;11172.88;11054.21;8979.14;12317.11;8578.29;11681.67;9646;12197.25;11836.81;12821.12;14001.25;15615.04;14228.66;12300;412665;438848;490565;516604;562416;626086;644112;5.99;4.14;4.47;4.73;2.9;4.33;4.56;36.57;35.45;40.42;31.1;33.74;31.68;33.39
Kepulauan Mentawai;3724.06;3018.83;3358.15;4460.81;4629.15;5251.73;4411;9681;8429;44679;10442;10747.15;10707.29;31779;9849.78;10134.08;12005.74;11528.26;15091.74;13381.15;12641;36423;31009;30510;41983;34974.19;41420.69;45086;2511.19;1503.23;1804.03;2693.6;2521.28;2342.49;3447;65035;52099;53616;55619;57565.46;66877.14;61908;36913.21;29546.33;31770.48;36668.96;33158.33;41406.76;43106;45577.5;39211.59;38590.59;47528.88;42804.67;59731.71;68805;26535;22813;23578;29727;27746.07;30822.55;32657;13828.31;11659.24;11167.61;13834.7;10952.78;15798.63;12065;10445.92;11156.24;13934.69;13523.92;13995.45;12701.5;11817;294284;310033;340191;356403;386152;421113;461088;2.42;1.87;2.84;2.43;1.76;1.98;1.6;6.47;8.15;7.08;8.36;11.19;10.62;9.31
Kepulauan Meranti;5514.44;4732.59;5315.52;6197.63;5827.53;7109.66;6567;8467;8564;9265;8802;10334.16;10119.18;11649;8378.19;7792.01;10511.15;8650.06;11355.6;11241.81;10359;35241;33261;35550;35046;36377.77;44028.22;39281;3739.57;3935.26;3750.47;4335.34;4509.82;5441.31;5012;61044;68536;73009;63960;68130.42;81563.25;73799;29609.2;29467.42;30649.9;30388.41;31727.55;36615.65;41028;38869.75;40358.54;44002.31;39068.54;39971.44;45579.12;49796;19381;19619;24224;25757;25200.82;29319.35;28419;13782.35;13473.89;19082.03;14927.56;15248.31;16916.65;15551;2860.66;2814.95;3072.47;3852.3;3935.62;4673.74;4364;462535;483377;520955;542599;568639;623576;661863;5.22;5.97;4.32;4.46;3.54;3.86;3.59;11.62;9.74;10.41;14.51;18.81;15.95;12.72
Kepulauan Sangihe;2206;2278.5;2275.66;2320.52;3365.9;2463.13;2918;11196;11297;19109;10833;10693.37;11628.67;11937;4648.98;3815.21;3669.89;5040.3;5580.93;5975.33;5280;32944;31730;31817;34553;37914.44;30359.98;29834;1946.35;2129.55;2547.92;1833.02;2401.8;1721.31;2307;75830;58882;49269;53307;65850.03;50268.95;52118;37439.57;31614.28;33196.14;33324.47;35158.84;38581.85;43942;22153.2;27146.03;22231.24;23165.02;30997.79;33705.96;30014;21018;18845;19234;23913;30564.7;24144.77;24671;12262.73;11062.71;10934.66;13104.63;13682.57;10198.46;12489;11821.98;11056.9;7929.16;8373.08;11199.52;7826.74;8849;250475;263268;272971;283852;292549;313945;328431;2.3;1.52;1.29;1.74;1.43;2.01;0.92;3.82;6.41;6.72;10.22;9.29;11.12;12.6
Kepulauan Selayar;4865.62;5623.56;4820.97;4507.93;4675.4;5714.53;4909;13034;12304;11634;10450;13167.1;13121.84;18860;460.32;3898.99;2700.28;2163.9;3207.43;3993.66;7770;29779;30200;30374;27106;30882.38;34106.11;29062;2368.96;3290.47;2976.72;2993.45;2811.06;3718.13;2562;78919;69684;68608;76472;69164.75;71895.58;68713;33122.84;40216.93;34842.86;36208.62;38454.1;44653.2;50925;37891.69;40971.38;34721.83;32098.93;38292.81;38947.13;41420;12316;14295;14365;12519;16667.16;19114.18;18144;11355.24;11474.89;11965.58;11666.51;9903.95;11825.94;10796;2099.97;2853.16;2482.12;3530.67;3387.81;2614.9;1781;348608;370380;396822;406732;430976;453432;468755;2.82;2.87;2.25;2.09;2.15;2.36;1.62;6.34;6.85;11.87;9.72;13.6;8.14;8.45
Kepulauan Seribu;9377.84;7009.79;5247.27;7803.98;8285.76;9217.71;7264;28202;18541;17361;17764;20693.19;18539.37;23042;7623.66;12371.29;16892;12541.35;23454.88;20419.7;12048;46536;42471;43493;41223;44620.1;35803.01;40180;5910.52;4580.94;4196.44;5077.12;4432.79;4640.3;4546;153975;97906;104563;97599;106418.14;100564.04;112378;47331.4;36216.26;40075.93;40370.8;40596.1;40744.07;46038;70778.44;47716.08;45906.55;48020.04;47732.22;55112.28;70972;27517;24444;29797;36383;32761.19;32129.52;29366;22759.98;19034.54;21148.99;20589.19;17972.44;19756.54;16817;1594.96;2961.53;2169.17;2692.29;3101.35;2181.9;1707;576713;629315;661852;670785;701088;743820;775909;1.7;1.95;2.1;2.61;1.75;1.52;1;0.86;1.99;2.86;2.41;3.91;3.63;4.39
Kepulauan Sula;3177.05;3504.21;2697.16;2397.52;2639.34;2981.96;3778;12199;23913;18118;6674;13831.69;15846.03;16122;1070.1;930.62;1778.31;828.95;1596.56;3195.26;3051;23188;24886;24346;22495;22844.58;24704.03;25400;1208.37;1079.6;954.15;1162.32;1306.52;1050.18;1455;43928;32282;32908;26189;32615.19;34145.25;34056;46475.51;44360.62;41596.84;40748.58;41674.19;58194.01;55928;23767.8;30778;34951.06;37328.47;35065.52;30441.4;28324;16962;18081;16913;17969;20290.67;22228.03;24123;8029.02;6515.39;6902.67;5073.46;7448.54;7914.83;7344;6726.72;5588.4;6849.36;6687.18;6618.29;6614.48;8154;337543;359497;372561;391912;414512;453476;485242;1.25;0.93;0.88;1.22;0.76;0.7;1.01;38.41;46.33;43.47;42.17;42.37;44.37;35.11
Kepulauan Talaud;2829.96;2759.99;2312.42;3440.99;3741.16;4038.06;3325;9496;9831;15655;12076;10742.69;13044.82;16962;7693.7;6871.18;6792.79;11933.98;17087.89;14607.96;9029;29623;28902;27992;40852;40854.99;39252.62;42948;2639.28;2680.43;2538.34;3678;3985.64;5032.65;5070;50467;44577;45093;52007;58391.08;67399.67;40572;34316.3;32470.95;34118.06;39788.2;40470.18;35755.57;44050;19718.64;29249.48;19968.98;29323.8;31929.87;35344.41;29908;18000;17164;17308;28500;30773.14;26265.93;29614;10368.75;13140.29;12270.77;16374.74;13396.65;18583.44;12039;6378.9;6825.26;6231.41;6869.42;7074.75;8717.34;8936;265839;284681;294686;308395;319974;352120;364581;1.22;1;1.26;1.34;0.95;1.18;1.33;4.47;5.74;5.94;5.88;6.85;7.34;7.33
Kepulauan Yapen;3778.67;3357.92;2869.32;4023.05;3465.98;3827.14;5111;7532;9384;20742;16330;7830.39;8137.02;16367;9194.98;10374.83;13880.59;9614.05;11359.25;10674.71;11282;48213;51911;46946;57777;51501.27;52789.07;61890;3515.63;3647.49;4349.58;4801.95;3692.92;4758.16;4505;45430;34324;45721;46666;37194.37;48047.1;90224;22604.92;20563.55;21379.9;23403.49;23843.51;26302.6;35290;37321.25;36562.66;29711.61;38465.64;41379.05;34438.98;40913;27198;26877;27988;35502;30744.6;31002.49;37493;9636.66;10442.03;11105.15;15513.43;13802.44;10634.59;12882;11771.93;15350.42;17749.88;18149.3;14440.66;15059.41;19722;600161;618487;653819;688204;716343;757676;782033;5.18;6.4;6.63;4.85;6.88;6.42;7.32;37.13;36.79;33.46;35.84;37.79;35.24;28.05
Kerinci;2497.08;2818.36;3443.52;3879.28;4311.43;4812.44;3818;11185;8503;17902;12470;17419.09;17123.08;21555;9043.92;8500.5;14553.07;13984.05;16454.99;18792.88;14708;26879;26809;30167;29940;36045.85;41348.91;31200;3474.34;3484.15;4430.82;4141.49;4445.17;4960.4;4844;61926;63122;76038;68371;92785.7;95090.16;96969;35808.02;35522.31;38368.12;36550.8;35387.44;43241.12;48848;39533.81;38877.32;43711.36;45896.73;54935.4;59829.94;55930;23471;19107;29561;30376;33319.72;34867.48;36410;9948.35;9665.58;12313.35;12889.56;13294.95;12713.67;12597;5399.35;4129.3;6671.53;6307.59;6436.8;8108.6;6102;333978;356059;385571;396168;443408;485838;606095;0.72;0.59;1.05;0.81;1.22;1.08;1;12.71;12.98;10.33;10.3;11.89;15.09;12.22
Ketapang;4916.46;5854.24;6430.53;6412.3;6310.81;7629.69;6969;5950;9753;7864;7942;9090.37;10129.38;16444;10628.64;12608.23;12376.99;15694.35;16868.02;19280.25;21647;38097;39881;39328;46210;44637.39;48546.84;51975;4190.77;4155.82;4475.26;4882.82;5439.99;5481.74;5401;64793;61078;62237;56975;67587.78;87512.93;79186;38322.71;37217.17;37659.52;38436.16;35917.37;39695.97;47884;38123.26;42941.39;45495.54;45600.17;36836.28;46745.59;50835;21424;22695;24759;31779;30338.79;32007.23;29973;15100.16;17351.56;17337.9;19109.76;14767.53;19081.36;18774;1549.5;1536.63;1687.42;2772.73;2595.88;3339.49;2640;432354;454160;468450;482824;499724;539108;570638;2;1.51;1.61;1.42;2.04;1.84;1.49;16.59;16.98;20.4;19.21;24.33;14.58;13.48
Klaten;4243.68;4594.04;5218.13;5752.58;6532.89;5738.17;5645;10611;11260;10768;11743;13971.36;12526.26;17070;8839.28;9694.77;8859.63;11248.59;13215.13;11688.07;12091;7949;7268;7240;8936;9842.69;8052.29;9936;5825.42;5179.15;6153.33;6739.3;7280.61;7649.79;7545;69581;70195;77110;67683;77290.52;82670.85;94534;27529.9;26795.18;27964.33;28700.31;26485.29;28798.06;35639;19642.96;22412.84;23074.39;22193.2;26916.98;29299.15;34494;15817;14872;18417;22959;21393.04;21922.83;23025;13936.83;13336.76;15336.23;15566.03;16223.73;15753.62;17578;1562.55;1689.44;1780.77;2358.76;2132.82;2442.94;2123;397447;405537;419510;436896;458872;488102;505826;1.72;1.46;1.66;1.79;1.86;1.7;1.46;13.51;13.24;14.16;14.72;15.45;14.46;10.11
Klungkung;3258.73;3677.91;3716.75;3764;4405.73;5092.62;3748;23507;12204;31973;18739;21109.88;15345.25;14893;18008.58;17318.12;25705.86;16734.44;15757.34;17026.05;19379;16057;13257;13962;12748;15403.46;18168.04;15047;6717.75;6878.73;6222.11;5977.79;6859.26;9371.24;7243;90795;86266;83069;47922;71371.02;87093.25;92322;40226.98;32651.08;42174.26;47490.32;45574.59;44833.46;55973;14812.55;13732.65;17393.66;15176.24;17955.61;18002.23;19791;21875;19002;25207;27430;24990.46;36900.32;30649;15750.26;13763.44;15219.11;10753.84;16696.72;16362.49;15414;1807.24;1298.2;1836;2846.34;2664.54;3832;2136;310764;312864;318139;342043;359415;384983;411010;0.79;0.62;0.67;0.82;0.53;0.58;0.23;3.74;4.24;5.03;10.9;6.83;4.94;3.61
Kolaka;4228.4;4005.38;3837.71;5242.88;4509.39;5644.75;4819;13079;25706;22405;7866;17036.58;14870.43;27926;3174.89;6001.5;4263.31;6719.43;5894.62;7056.04;4835;31374;34001;37219;34699;37802.3;43876.57;45788;3070.92;3447.86;3772.39;3426.08;3196.07;3936.71;4566;60141;61987;76135;61750;69252.25;84176.82;82152;31280.86;32617.12;35253.06;31855.11;30469.55;41641.37;52762;34430.41;38796.34;35828.74;37696.65;32664.71;39196.88;41574;11982;12996;16358;15544;18553.24;20354.15;22560;12099.68;14672.62;17696.63;16105.62;14319.16;14613.26;13367;2164.5;2115.07;2382.48;2603.32;2871.69;2927.23;2809;349388;370036;406919;432858;448100;464000;477917;2.92;1.79;1.99;3.02;1.54;1.95;1.78;5.21;5.42;6.36;11.37;13.86;7.27;6.33
Kolaka Timur;4742.38;3956.83;4604.84;4373.74;3905.2;3776.7;4244;12338;18034;13819;8123;14874.82;12644.6;21527;4355.91;6225.45;4111.95;7275.28;4596.37;4216.72;6740;29463;24045;31997;31640;34117.49;30381.11;31778;4334.36;3365.29;3569.48;4213.08;4486.51;4698.6;5635;47539;43895;63069;48544;50668.29;52627.84;64417;35604.68;30474.13;38702.02;39172.34;37471.6;36369.06;45185;40013.02;32990.02;31952.1;35287.65;33124.73;31605.38;40697;16425;11654;15633;16912;18296.22;17275.63;19398;13167.52;8566.81;13488.64;12566.94;12258.99;16711.35;15554;3910.04;3084;3203.16;3122.73;2352.04;2510.79;2518;345216;369870;405341;431179;458563;513085;525091;3.55;2.25;2.18;2.18;1.86;2.49;1.87;7.1;8.68;8.49;10.88;17.3;11.25;10.67
Kolaka Utara;3705.58;4697.29;4332.55;5951.21;6034.58;5568.13;5809;15883;29948;26857;9673;27297.56;28378.15;32847;4051.06;4924.37;4847.02;5699.76;5547.88;3486.73;5558;28567;32742;31580;35152;35212.18;37131.7;35999;2220;2592.74;2348.4;3060.88;3119.75;3013.78;3208;47457;58527;66139;79801;102919.09;85713.12;105621;35948.18;34017.64;36639.79;37646.13;35792.27;45291.34;52474;33142.53;36618.11;34002.42;42664.64;41107.13;40352.45;50638;12781;13422;14002;16324;16229.37;15953.53;15579;10535.27;13359.91;13803.59;16354.37;16183.27;13553.63;14454;2605.75;2670.93;1931.42;2617.03;2009.88;2603.08;1750;453994;454127;494836;506903;511972;517092;529192;2.71;3.2;2.28;2.52;2.8;2.93;2.65;7.16;7.23;8.34;8.61;11.6;7.55;6.39
Konawe;5337.36;5114.46;4283.48;4170.51;5263.26;5763.34;5474;13377;23514;14577;7428;13715.51;14417.07;20022;6562.21;8121.15;9819.15;10041.55;11523.42;9109.11;9471;28568;28782;28911;27452;35343.33;38792.06;36390;3677.63;3549.81;3486.05;4001.8;3623.25;4884.73;3627;69080;66498;54661;59578;56049.74;72548.28;70117;31096.34;30802.34;34594.16;36182.04;38310.37;41033.91;44864;32533.7;32720.44;34622.36;35754.76;41439.49;41113.37;46924;14331;13243;14039;15032;17807.24;20246.5;18587;12697.93;11835.67;12312.75;12056.89;13551.06;14400.76;15983;2959.56;3125.98;3292.47;3701.59;3438.02;3456.58;3321;283109;293801;323180;343781;363645;400581;425029;2.47;2.23;1.71;2.67;2.86;2.35;2.33;5.42;6.85;8.97;9.37;14.57;8.44;8.15
Konawe Kepulauan;4832.42;5004.74;4071.82;4254.54;3445.04;5704.27;5058;8405;11387;13664;4869;15595.4;12652.26;26654;3116.11;3072.92;1911.84;1577.05;4597.38;5362.67;2984;28668;29443;26500;28902;27129.33;35373.7;32942;1167.04;1117.96;1563.54;1661.43;1942.47;3119.37;2148;43945;52584;40553;48598;47909.08;63354.72;67617;28956.73;32028.77;31975.41;37564.89;35032.42;41273.31;45250;34534.6;36341.78;29276.74;35564.03;41602.31;48542.96;52043;11002;12458;12933;14238;14958.42;19172.63;16479;9380.49;10730.75;7652.94;8969.99;9357.4;10900.94;8797;4396.03;3273.9;4276.5;4638.96;5302.68;5571.59;4277;294035;314815;335414;347332;370692;393000;415880;4.59;3.73;2.56;4.05;3.09;2.79;2.78;6.47;8.47;13.98;12.37;19.74;8.79;8.71
Konawe Selatan;3913.08;4212.58;4418.84;4231.63;4607.94;4250.82;4614;8030;13702;14126;7532;13498.47;8006.89;14773;3521.26;5278.52;4859.86;5835.2;4532.52;5079.75;5098;24114;22306;23652;28570;28589.87;28704.6;32380;3527.47;3443.16;3824.01;4832.43;4099.05;4292.66;4168;57506;54348;61867;61817;62381.08;65168.05;70303;30661.96;29804.67;35502.66;36061.88;35621.8;38830.97;44167;28957.42;28514.57;29402.21;33476.9;31758.83;32700.56;36384;12940;14374;16378;17886;19529.42;19046.97;20130;8858.96;9870.35;12493.76;11140.85;11064.83;11053.73;12948;2572.46;2527.47;3212.21;3420.63;3653.87;3095.74;2785;219979;235654;261382;275339;294510;331620;354696;1.5;1.65;1.77;1.98;2.18;2.2;1.59;7.63;8.45;10.1;10.63;17.76;12.94;11.82
Konawe Utara;5285.54;6244.56;5360.72;6016.29;7031.57;7046.69;6645;12644;28447;21035;10090;25912.7;19050.73;30337;4398.26;6272.16;7490.49;8571.24;10539.13;9172.67;8978;27488;32433;36902;39087;45908.7;45790.54;48237;2717.73;3066.18;3125.99;3796.45;3666.43;3391.08;3919;59559;76403;80571;78347;99011.11;112525.04;100066;29983.76;30756.67;33458.34;35116.05;35032.31;38327.78;49592;39161.64;43772.84;49036.24;45221.51;53117.96;59573.32;62356;12990;14220;17143;18615;20798.03;21176.15;20682;12386.94;15265.26;17542.72;15921.28;16557.43;18437.45;18281;3909.81;3725.66;4471.94;5351.02;5607.5;5299.51;5513;260861;273544;305100;321986;340061;381620;407710;2.85;2.66;2.92;2.4;2.52;2.47;2.52;6.7;6.41;6.07;9.1;9.01;5.56;4.68
Kota Ambon;4855.38;4309.11;4287.98;5950.28;5632.28;5197.36;5182;20541;21257;27019;16919;22850.91;15404.73;26224;8136.35;9446.78;6858.17;8256.27;10305.22;7636.75;9780;35345;30583;30437;35977;35137.09;33899.77;34646;4945.88;4779.01;4399.6;4386.63;5281.7;4424.4;4530;100449;97481;107783;104495;97326.21;92297.46;99473;38132.25;37225.78;35202.01;39361.09;42323.92;41585.96;50114;27231.06;29970.5;28179.9;30081.94;33230.7;31162.39;41598;24673;22825;23655;25099;32310.85;27495.86;31909;21205.67;23632.95;24386.49;22117.24;19285.38;19308.61;23372;4913.61;4235.88;4107.2;7408.71;6365.78;4627.41;5810;532719;571315;596042;621482;661016;716560;750166;0.93;0.77;0.41;0.64;0.55;0.65;0.71;19.85;21.32;22.19;16.23;24.13;24.12;27.62
Kota Balikpapan;6597.64;5509.04;5626.18;6719.68;8903.22;8211.58;8373;19485;18991;19389;21452;20689.9;21805.12;26870;20339.84;15970.27;17159.99;23075.85;29188.02;27356.72;27827;42347;36772;35693;46735;47131;48241.62;44292;6623.44;6079.34;5942.81;6798.04;8451.94;8402.6;8187;173728;160730;167198;161845;142080.08;165134.87;185505;30655.09;28572.96;27494.74;31753.81;33638.86;37540.19;42825;29200.41;31904.74;36804.03;36783.41;34774.4;40228.61;39922;26355;21231;26115;30431;31882.36;32181.1;32354;28726.28;24354.32;24319.2;27892.07;27472.37;26347.03;29980;4108.81;2851.65;2807.51;4002.75;4047.62;4167.55;3728;545971;572108;613622;657521;680499;743084;782248;0.67;0.26;0.38;0.5;0.17;0.25;0.13;5.82;4.94;5.9;8.3;13.68;6.98;5.9
Kota Banda Aceh;6128.6;4268.34;4334.1;6199.36;6852.94;6215;7159;25045;22220;21539;21425;23566.59;20596.87;25035;15492.99;10090.86;10196.2;17579.01;22859.71;16213.14;20912;50128;43242;42800;53314;55279.05;58406.3;54092;4216.09;2858.93;3519.53;4385.46;5440.63;4444.73;4706;179029;198606;185714;209810;160355.7;190813.16;208612;25464.01;25022.64;23544.76;27516.54;29659.39;32380.31;34532;39374.97;36667.04;36241.99;39391.19;32650.72;36924.41;47562;23547;16386;21362;27354;30704.78;26923.49;30502;24762.28;18594.81;22249.4;25484.84;22540.81;21071.34;23130;2356.61;1550.93;2438.17;2344.09;3724.05;3244.81;3186;607391;628493;674977;698617;737016;814530;862944;1.22;1.34;1;1.12;1.52;0.8;0.71;3.52;3.75;5;2.75;6.29;5.47;6.69
Kota Bandar Lampung;5661.28;5737;4937.22;7132.04;7785.38;8017.92;6834;22552;14069;17585;14736;16848.26;17232.41;25357;10713.34;12427.88;13402.05;18064.44;20288.07;19871.15;16214;24094;28962;28570;30924;35764.15;34469.25;31237;6723.61;7972.35;6945.18;8607.93;8699.04;9864.82;9488;102442;106521;102584;122267;105097.03;132020.53;118816;27965.88;26402.71;27136.02;29551.4;30534.72;33871.24;39115;39209.35;41970.08;37612.89;45716.89;52468.69;46286.82;43502;21959;20820;24980;30237;30287.78;30682.22;33319;22407.74;21376.25;21178.13;23789.3;21856.92;24101.55;21090;1576.37;1672.57;2612.65;3172.9;3236.98;3286.37;3003;562277;588177;634743;654576;698598;761790;787260;1.38;1.49;1.61;1.52;1.34;1.16;0.97;9.5;7.22;11.74;5.91;12.41;7.43;10.05
Kota Bandung;6694.5;6428.03;7439.58;9435.33;9779.32;9887.66;9167;20011;17487;20354;18701;22884.34;23974;25436;21994.66;22775.97;25346.8;28331.36;32985.16;34560.32;31518;17924;21188;19973;21063;24024.1;24675.87;23277;6969.28;7496.41;8111.88;9269.19;9080.54;10111.14;10221;155876;147696;162997;160423;141228.46;175014.75;179057;27090.73;28113.12;29500.43;30980.6;31017.36;37017.42;41863;35287.62;39831.1;36430.63;42421.73;39816.82;54242.55;59957;18495;18997;21101;24954;24467.96;25987.29;26014;21980.54;22276.02;25362.63;25903.84;25756.23;31494.46;24407;2933.72;3638.21;3530.35;4028.56;4486.34;4468.53;4068;448902;474448;500452;515396;545675;591124;614707;0.48;0.53;0.61;0.78;0.7;0.59;0.6;2.51;2.51;2.82;2.92;4.55;3.64;5.48
Kota Banjar;5774.96;6340.32;5747.24;6105.6;6178.46;7212.36;6701;21117;13909;15412;15116;17088.97;20330.9;25749;13106.05;9100.71;12803.62;12507.62;16862.37;17132.72;16646;11131;12392;15561;14605;16938.89;18121.9;16900;6241.25;4813.84;5348.75;5210.37;5778.86;6287.73;6811;94646;81684;105420;89502;103527.59;112714.21;122575;33859.47;33390.77;33103.61;31098.37;32346.8;38892.27;49127;36018.07;41485.11;39170.61;34714.41;43627.58;47072.51;42651;18086;16069;19098;19784;19744.24;23172.76;23028;16052.1;15968.38;17933.04;17307.94;16153.4;20568.99;18259;3234.93;3915.32;5212.78;4619.02;5296.44;5924.19;5161;324958;334590;344363;357210;373510;408710;430590;0.79;0.57;0.7;1.19;1.02;0.68;1.03;4.12;4.15;3.93;5.93;6.4;5.55;5.13
Kota Banjar Baru;6359.05;6792.32;7683.92;8752.99;9232.2;8508.86;8040;20014;15440;21002;15197;18978.96;18666.22;21039;14838.48;17737.06;18280.03;20256.23;23673.7;23842.36;22895;30099;30658;34603;38505;44123.72;36980.94;36198;6056.44;5164.84;5949.79;7491.36;7688.77;6796.99;6370;130561;140151;167559;127025;135115.66;160761.24;152069;24899.75;24085.35;27827.79;30703.78;32307.67;34682.84;36728;29047.64;34966.87;36015.44;38184.97;39686.79;40672.67;41098;19714;18817;23506;26944;29868.23;26290.04;25828;23806.27;26157.32;28471.28;27005.24;27594.14;27782.84;24654;2016.73;2151.02;2972.71;3599.14;4546.92;3407.24;3400;572195;614757;652030;653556;692830;753899;781405;0.52;0.86;0.48;0.46;0.17;0.62;0.45;1.37;1.07;1.4;2.13;2.72;2.31;2.75
Kota Banjarmasin;7519.32;5901.33;7117.78;8623.18;8654.44;6695.74;8634;15307;15274;14838;12354;13751.38;11594.97;18246;15211.54;12900.95;14459.92;19002.15;19482.87;17208.45;20677;31351;28465;29620;37163;39064.02;38322.53;38259;4284.12;3708.14;3727.5;4868.96;4586.32;4006.1;4373;162821;176881;178053;164275;151460.7;156107.51;169018;26790.01;25634.1;27168.06;30303.34;31908.53;36005.86;38588;22314.01;29112.2;29845.34;34857.25;24778.4;19036.26;27021;16048;12243;16307;18787;21204.45;18298.38;18855;28570.46;21564.05;25771.71;27383.76;23917.32;28655.14;25501;1745.37;1276.5;1572.75;2453.02;2315.94;2457.08;2413;477210;509773;543546;606330;651383;708617;743872;0.81;0.81;0.54;0.56;0.72;0.55;0.49;1.54;1.22;1.5;2.11;4.06;3.56;3.52
Kota Baru;10037.87;8066.47;8208.68;9941.58;11072.16;9947.4;10163;16959;16928;13315;10350;10905.51;12508.18;23024;10360.65;9850.4;9663.28;9423.18;15217.38;16600.86;14796;37657;36261;36696;42901;46481.41;43809.38;40276;5848.31;4805.49;4789.79;5000.44;6493.5;5943.14;6698;97146;91452;83040;88285;95173.57;97502.52;102995;32286.51;28518.2;31740.99;33348.77;38957.31;39609.36;48909;43852.48;38664.01;43151.21;45951.25;46761.2;42479.44;49248;20129;18813;21185;24011;27198.48;25869.63;25524;19471.96;21849.04;20584.5;21843.12;21726.95;21812.42;22282;2064.69;1399.71;1439.67;2466.02;2730.3;2361.62;1994;401300;416388;466121;481452;505601;556962;592230;0.51;0.72;0.6;0.37;0.59;0.92;0.45;1.88;2.05;2.1;2.39;4.35;4.43;3.7
Kota Batam;6082.86;5938.75;6230.13;8597.68;9693.25;8261.47;8588;17300;19243;20702;20572;22841.01;21248.29;25464;17263.78;19907.94;18701.71;25043.72;27267.26;29789.29;33141;36190;38013;43560;48169;48891.99;43158.06;43870;5125.37;5356.44;5443.11;6010.89;6977.14;6525.85;6543;155927;166402;150577;140582;147394.25;148981.28;170805;31018.09;29962.97;31134.53;31615.49;33422.13;31291.39;33894;30037.09;34975.31;36819.07;36566.52;34511.02;37873.03;42323;28629;27865;34397;36678;38701.6;38133.63;39308;25294.77;25379.66;28710.56;30713.83;28619.71;28528.89;29763;3434.82;3579.99;4072.5;4762.92;4441.84;4671.03;4169;650406;686956;707856;740109;783730;854465;903960;0.81;0.53;0.7;0.89;0.76;0.59;0.65;3.26;3.04;4.4;5.95;9.6;7.53;7.87
Kota Batu;4821.26;3781.82;4692.61;5261.18;5218.19;5966.17;5395;19235;16160;15281;13896;15129.62;18334.58;23967;13253.76;11667.34;13021.51;15204.26;16340.92;15749.71;19609;13557;11586;12507;13328;14212.36;14721.58;15001;8633.07;7235.36;8787.72;8938.7;10215.06;11130.03;10375;117863;100052;98163;102020;113804.44;119463.96;130966;28612.58;22960.89;26700.04;27496.6;28436.37;32259.36;34902;30089.52;31719.13;36955.44;33949.66;38180.68;46291.02;45714;18930;17010;19453;24919;23425.96;25752.41;25531;17509.63;16879.22;18852.93;17255.4;18408.6;16355;17707;3349.69;3189.26;3463.75;3618.22;4168.92;4845.11;3624;467073;501016;509886;522819;564010;613985;642778;0.55;0.3;0.59;0.39;0.64;0.35;0.46;4.19;4.99;5.33;5.98;6.09;5.09;3.49
Kota Baubau;4567.63;3812.87;3964.65;4390.62;5791.29;4523.76;4122;11992;16193;15887;10576;14247.33;11584.89;13909;2308.51;3161.57;5054.18;3764.55;4817.78;3366.76;4058;30266;28092;26870;31487;33974.03;30652.03;33711;1971.79;1902.01;2423.55;2753.81;2517.76;2558.14;2522;66157;55067;54020;60371;57579.27;61075.49;61780;30272.77;29650.62;33761.9;35165.61;33445.33;34112.07;36653;17889.24;23165.76;18710.47;23139.82;20978.38;24719.93;25301;12621;11788;13796;15898;17907.25;15344.83;15875;14925.97;15324.56;16860.99;14355.82;14193.78;12407.16;14984;1718.4;921.48;1283.81;1754.51;2013.78;1547.33;1423;311509;329977;344598;360766;376932;412008;431717;1;1.05;1.05;1.05;0.8;1.21;1.61;7.77;10.76;13.07;13.05;24.6;10.84;12.95
Kota Bekasi;6852.07;6698.89;8136.42;8566.07;9971.18;9190.61;9872;22239;23264;27693;25543;27616.2;26422.67;32601;21767.42;24064.74;25243.05;28911.07;40417.82;35975.8;38283;31154;35149;41221;39184;48517.27;41219.53;42127;6480.28;7622.33;8314.51;9153.19;9431.69;9124.9;10240;162842;181115;192502;183740;153470.53;198481.02;222280;27652.58;30061.4;29262.71;30627.74;32107.88;33712.24;43530;28757.66;35114.62;41010.57;35459.56;34516.35;42318.65;54370;24865;28019;35478;39159;42175.11;36760;41413;27030.31;27951.14;30032.59;29971.66;33252.51;31299.93;36794;4149.66;4391.95;4899.93;4912.54;5992.17;5047.96;5074;582723;617718;657953;692885;731392;795965;842927;0.72;0.47;0.6;0.66;0.96;0.63;0.8;1.32;1.26;1.33;1.79;3.33;2.27;4.88
Kota Bengkulu;5582.98;5626.93;5021.96;5158.55;7834.41;7289.98;7037;17521;14127;19162;14999;16709.88;16044.18;26610;15880.18;15490.54;16035.94;15943.44;20376.85;17933.98;19918;29400;30207;29558;29631;33240.36;33462.39;35920;5229.27;3868.65;3638.45;4375.91;5091.81;5882.07;5933;92193;112161;110136;95626;94138.77;107002.47;118206;30573.95;27415.46;29668.87;32736.08;34699.47;34128.99;38856;34523.21;37849.89;36788.53;42193.01;45590.72;46656.27;48272;28109;20148;26289;28287;31332.25;32116.59;36762;23501.71;21732;24431.35;21733.39;20716.29;20193.57;21414;3084.42;2571.8;2218.6;2704.66;2945.31;3139.19;2848;642314;660442;702578;740612;785905;810507;820354;4.53;3.89;3.51;3.31;3.21;2.84;2.39;8.21;5.58;8.2;11.11;14.61;9.81;6.43
Kota Bima;4771.86;4937.98;6619.33;6502.04;6448.79;5637.76;5293;25112;18441;20511;24382;17459.13;20622.06;26414;11058.12;12429.31;12943.17;15576.45;13562.38;12569.72;14732;31457;34979;35832;44032;35316.13;31615.62;36791;3821.41;3243.52;4609.6;5120.36;5192.84;5381.32;5727;88473;122740;114903;158202;123302.62;107553.53;132713;31437.86;33965.82;34564.55;32815.08;36456.17;40202.07;57153;29622.29;40902.3;37526.93;42341.24;36879.66;40886.97;45094;14026;13230;16713;19582;17277.37;16968.53;20211;14333.02;17400.95;19276.11;18292.75;17349.56;15106.44;13819;1000.1;1207.86;1041.76;1592.59;2256.75;1787.69;1420;323187;352593;383161;399193;432959;471841;496096;1.55;1.58;0.6;1.12;1.28;1.5;1.44;5.12;0.94;1.56;0.94;1.44;1.19;1.52
Kota Binjai;2698.56;2960.98;3347.69;3412.59;4294.23;4170.14;4379;10675;11764;13333;13056;16611.34;14527.95;18426;9449.34;12065.12;11236.55;10644.67;13566.95;14589.88;19352;30720;33696;33636;31408;37065.54;34236.53;44678;3822.19;4093.86;4055.02;4499.45;5562.19;6050.62;7128;62549;62330;75086;83027;80504.76;86356;113034;27175.81;29297.74;29620.24;30078.22;32122.44;33201.43;42778;26572.62;24551.63;26422.37;25210.8;27296.94;32883.96;37958;22571;20564;25444;28691;32249.5;29149.67;41061;19934.45;19289.53;19123.4;20689.36;19517.31;20682.92;26843;2268.82;2695.47;3139.94;2952.63;4122.71;3563.06;4843;380792;403798;433746;466554;499451;538638;577220;0.72;0.27;0.59;0.59;0.49;0.48;0.69;8.31;5.96;8.08;7.62;11.07;11.5;7.63
Kota Bitung;3766.18;3654.25;3553.65;4574.28;4577.38;4991.73;5231;13944;16931;18135;14625;12688.45;12588.27;23119;7229.87;8221.91;6452;12155.55;12049.46;11823.61;10732;31144;28001;27463;34218;37704.51;36377.4;38834;3769.31;2968.52;3659.72;4666.96;4601.13;4941.9;4938;103385;96790;101110;101698;96834.13;108681.18;114702;31432.08;31095.06;31732.87;34224.05;37607.53;45476.12;45168;28907.93;35555.11;34295.13;37182.74;38149.35;32696.04;46824;20315;19232;20134;27746;29273.44;28118.93;27600;15457.26;15486.3;15101.23;18385.53;16684.2;18600.84;18273;3346.27;3313.61;2983.37;4527.53;3431.61;3683.2;3641;368574;391479;416993;434642;458983;501139;518405;1.08;0.89;0.86;0.95;0.76;0.99;1.11;1.88;2.81;3.06;5.28;3.46;3.91;4.16
Kota Blitar;4097.42;3765.53;3924.15;5399.23;4222.84;5615.82;5326;20524;16810;19309;17828;16594.89;19399.15;20932;11262.33;9742.95;10854.88;13314.61;13324.35;10258.43;12306;10965;8861;9905;12425;11345.6;11141.72;11953;5974.12;5282.64;5382.56;6861.11;6128.92;7342.01;6857;135185;126972;125743;131372;128830.3;144276.58;137242;23878.46;21618.06;21182.15;22582.85;22858.78;27599.4;30548;26228.86;23371.33;25876.14;26594.38;28135.45;34247.72;36570;18851;15285;18771;27836;22127.36;24250.79;21455;19121.7;19040.52;18048.96;21922.19;19599.73;20377.84;18967;1506.86;1742.98;1684.52;2195.1;1834.91;2477.09;2063;425832;456778;465868;481229;517363;568280;596105;1.05;1.14;0.98;1.06;0.9;0.81;1.06;5.14;5.16;5.44;6.25;7.21;6.11;5.42
Kota Bogor;7169.6;6925.51;7056.46;7994.64;7349.49;8544.31;8243;15581;16814;17774;18364;16096.86;19525.07;20303;19803.12;20765.13;21967.48;26887.94;22778.48;28039.25;25158;18783;20834;21535;25213;26366.5;27072.01;23916;5360.74;6332.77;6767.49;7600.95;6592.22;9081.74;7917;111197;149887;120738;139525;123577.01;174755.9;162436;29878.92;28285.88;29067.15;31516.58;31998.77;36949.92;48554;35865.48;43814.01;39976.09;39766;38511.6;49386.11;43270;20383;20433;23528;29088;25514.82;29704.15;29213;21325.91;23537.24;23992;27207.31;23131.22;25851.34;24696;3232.12;2988.3;3524.37;3772.56;3970.3;4016.92;3326;480749;513343;547399;571425;608949;661384;699861;0.77;0.72;1.08;1.1;1.27;0.99;0.95;2.53;1.93;2.95;3.08;5.35;4.86;7.98
Kota Bontang;6257.72;6390.49;6840.18;8598.63;9343.99;7045.93;7280;22759;27195;27938;18560;20282.51;19915.47;28233;18463.49;18443.53;17885.28;21305.9;23828.46;27180.69;23046;40684;38842;40479;47342;45050.82;45311.1;44701;5929.31;6555.18;6965.43;7550.44;7041.86;6652.49;6884;147124;144460;186850;136334;157511.39;153927.02;154988;31480;31528.83;28376.36;33128.84;32833.84;33694.61;36687;23316.01;28827.44;26358.14;34378.18;29029.6;29659.99;30931;22948;22724;26568;32644;27922.79;28750.83;31986;24951.48;25533.52;26651.08;23559.94;25702.22;21181.09;26167;2207.54;2253.43;2609.99;3945.37;3941.98;3850.13;3396;549830;582188;636491;665572;697326;763661;801945;0.93;0.42;0.54;0.47;0.37;0.39;0.31;6.3;5.02;5.21;9.84;11.72;6.95;7.73
Kota Bukittinggi;4105.85;4484.08;4738.84;5749.9;4927.61;5657.56;5520;18944;17000;28088;18726;16930.01;17276.04;21436;15189.26;14980.1;17511.25;22616.56;23012.06;20066.22;22399;26769;28481;29457;31736;33472.75;35597.68;36278;3390.74;3508.52;4053.2;3901.84;4553.6;4435.42;5109;125288;152269;149344;170622;122577.1;151024.18;160760;30231.94;32366.99;31946.11;32461.42;32877.92;40458.48;44878;34578.65;39565.33;38437.49;44017.81;39192.46;37004.3;41458;22531;17924;22398;26898;25428.4;25758.54;35916;18321.47;19419.69;22013.38;23876.11;20163.14;18358.94;21305;3982.03;3447.41;4095.81;4456.27;4681.78;4641.41;4931;459371;475755;519470;540457;570032;619896;658640;0.39;0.56;0.56;0.8;0.83;0.63;0.43;4.83;3;4.27;3.86;8.1;6.21;7.35
Kota Cilegon;7401.13;6783.51;7041.28;7964.18;7972.94;7338.96;6780;27234;18786;21469;20598;16846.28;17020.78;27586;12556.14;14139.39;15427.75;20128.75;18167.5;21760.74;16108;24993;28722;32261;34858;30357.64;31560.59;33184;6764.15;6672.93;6909.85;7717.34;7056.56;7201.77;7893;136956;154763;147716;153731;137284.32;161575.67;155737;31818.91;31799.95;29641.82;34372.77;28577.41;32009;40317;50150.43;46905.95;44658.33;47797.24;54712.96;59373.28;59634;20206;18862;23638;30785;24892.68;27454.35;31121;19661.61;18655.87;18921.48;20282.95;17647.5;18055.52;16539;2174.72;2221.77;2528.65;4464.54;2668.25;3041.9;3082;428867;459469;504571;540032;572780;632703;663533;0.59;0.34;0.39;0.5;0.42;0.48;0.44;2.35;1.31;2.02;2.46;2.04;2.19;1.96
Kota Cimahi;6534.61;6458.5;6973.7;7737.36;8362.92;9920.08;9366;17676;17369;18903;15891;21121.31;19904.34;21799;19233.87;22763.19;22537.97;22894.12;26537.04;28034.31;29117;16139;17591;17062;19642;22019.25;22625.25;21524;6793;7820.69;7548.75;7987.44;8706.01;10170.63;9246;126522;139785;147948;139331;144275.28;164399.14;162669;31628.55;26463.56;28616.11;29331.7;31677.47;32887.57;38872;32829.59;36141.68;42825.75;41191.96;36735.49;55151.46;50867;17779;18416;21456;22980;25806.87;26627.92;26266;20557.63;20193.38;24737.07;24542.57;24841.36;27835.06;29259;2719.99;3225.73;3038.12;3764.48;3630.64;4258.61;3851;462969;484804;511375;522281;549450;590197;612567;0.84;0.6;0.75;0.93;0.67;0.54;0.83;2.71;3.1;2.66;3.23;4.63;2.98;5.43
Kota Cirebon;4969.87;5195.46;5369.82;6773.13;6325.95;7947.69;6831;12868;15294;15407;13342;17016.3;16093.29;18811;12192.11;14228.76;13812.58;16613.56;18433.9;20333.52;17486;10261;13717;11445;17414;18441.27;20462.42;16622;5052.3;6030.44;6138.11;6463.64;6327.56;8065.14;7486;112677;157128;145478;133153;143958.13;150762.06;150125;26665.19;23738.96;25003.86;26679.88;27735.01;33959.56;35134;22554.15;28096.14;30511;27652.76;31719.01;37185.21;37656;12385;14158;15868;20292;19381.9;24144.11;23242;16004.63;18261.74;17946.12;20144.07;16604.38;21879.59;19017;1716.91;2080.11;1814.52;2414.42;3056.92;2729.82;2767;426738;444574;457954;467248;485613;520579;545592;0.99;1.23;1.68;2.22;1.34;1.29;1.18;5.06;3.91;4.52;5.71;7.97;6.85;6.56
Kota Denpasar;4487.7;5113.99;5296.53;6009.32;6471.62;7062.69;6592;20320;17351;27442;15818;16789.81;18813.5;23544;19327.37;22307.79;25527.64;25001.22;27014.89;32076.94;37105;15315;19402;22087;22430;21416.86;29859.26;27306;6078.74;5978.8;6001.63;7805.37;7907.23;7813.3;7353;179241;176121;194048;156091;127238.99;176186.59;195061;29718.2;30097.97;30241.12;34355.11;36904.2;40104.67;45676;28917.36;25336.32;31642.7;26592.19;20921.65;25879.3;32686;20232;19128;25907;29360;28143.92;31366.26;32347;22361.75;21348.63;27050.27;22998.18;19787.7;24176.05;22175;2104.87;2880.37;3161.53;3595;3743.54;4141.8;3998;545357;571246;618064;662499;712815;778203;820512;0.32;0.29;0.25;0.37;0.3;0.35;0.36;1.52;2.01;2.52;5.79;6.02;1.7;1.62
Kota Depok;6971.9;6227.84;6830.41;8206.91;9474.16;10093.56;10494;21405;18689;23152;21926;27328.59;25161.91;33926;20831.96;21561.81;25229.7;26892.49;36468.23;37959.92;39338;23951;28361;28683;32855;39890.75;41169.17;41092;6883.38;7445.68;7560.2;9284.02;9914.45;9760.88;10254;145021;169029;178911;167614;184327.66;184757.19;196130;28766.74;28645.59;28630.04;30860.6;33908.32;36320.46;44321;31231.34;32745.12;37725.37;34401.58;40421.3;48228.14;50197;22889;22914;29247;34751;35535.15;36241.54;39717;26530.04;25883;29373.26;30894.28;33651.07;33075.99;32950;3486.3;3978.15;3988.49;4791.62;5967.95;6583.37;6291;615255;644860;688194;705084;744771;804984;843893;0.31;0.24;0.29;0.34;0.42;0.24;0.34;1.35;1.12;1.26;1.55;2.15;1.99;4.52
Kota Dumai;3980.38;4397.68;4502.75;5996.23;6212.99;6788.62;5942;11597;15492;16185;14769;15813.93;16693.25;17713;10738.83;12279.13;11064.49;12030.44;19048.36;15562.23;15814;33056;36846;35817;38780;46008.84;43826.09;44177;4279.92;4063.01;4244.52;4655.41;6368.27;7187.53;5731;86741;90755;98463;99162;96791.06;103070.38;104552;28358.89;30101.77;31931.49;32431.72;36209.1;36757.27;44619;37290.86;38488.38;42034.72;49271.21;54704.34;48638.7;57992;23208;22431;27070;30022;34954.12;33510.17;37771;21139.24;21061.75;19810.43;22023.22;22820.45;22354.24;23818;2733.42;2464.78;3010.79;3145.87;4344.52;4600.21;4570;418597;439152;484609;509002;543182;601348;631652;0.46;0.28;0.31;0.4;0.36;0.36;0.2;8.25;8.32;8.35;9.59;12.58;12.42;11.31
Kota Gorontalo;3633.61;3245.69;2878.11;3645.4;4398.08;3866.95;3913;8732;13318;12821;10755;11423.25;10430.31;21193;7071.35;5584.14;5019.9;6944.13;11214.85;5978.85;7850;32646;29556;31707;39258;38798.38;41278.66;39471;2838.68;2124.72;2300.36;3014.35;3598.16;3277.36;3980;80734;89782;94746;95562;87902.97;93643.36;100270;27655.46;30848.61;30267.09;31964.23;33691.82;36506.38;54526;28945.93;26971.61;31146.36;34266.58;28814.42;39718.48;39149;18505;17888;19074;27897;28828.16;26052.66;26071;14814.2;16355.69;16220.3;20650;15173.73;11400.01;16835;1729.02;1582.79;1523.94;2121.94;2269.18;2386.28;1886;482585;520095;569538;598363;643531;697650;723861;0.83;0.68;0.61;0.79;0.82;0.62;0.67;7.25;4.5;6.29;12.96;15.17;10.84;9.16
Kota Gunungsitoli;2934.7;3155.56;2972.94;3855.4;2899.06;3116.04;3799;6514;6452;8571;7755;6624.1;5785.58;5135;12139.52;13710.79;15084.75;13139.77;16932.1;14869.72;18466;29646;32618;26813;33577;29074.01;32103.54;31297;1439.18;1894.59;1318.31;2192.75;2011.75;2035.14;2235;44018;44098;39021;37166;30399.64;30740.98;40974;43776.66;44264.47;43439.16;48056.13;49998.3;52085.98;51286;18695.46;21674.34;25933.22;18792.62;15438.38;21923.47;25042;17877;16949;18275;21317;21332.51;20579.84;22301;13877.74;14540.79;16484.16;16385.74;13143.93;15389.49;15928;2086.57;2194.59;2570.29;2193.92;2592.05;1981.96;2368;327303;339671;370967;408190;426349;459787;493644;2.4;2.59;1.74;2.66;2.24;2.08;1.99;4.17;3.58;6.73;6.09;8.92;9.66;7.43
Kota Jakarta Barat;5948.42;5980.84;7021.67;8905.11;7536.52;7799.63;7667;19728;19515;21202;19398;20901.59;24818.47;28981;20355.23;22453.83;24014.8;24450.55;30594;34212.57;32366;28090;31326;30158;32825;33769.87;37987.18;36895;5929.75;6142.9;6000.4;6929.51;6976.42;7444.86;7157;189694;190166;224933;188453;215042.19;225381.7;212143;27936.09;27494.71;27978.47;30464.55;29294.2;33312.34;38548;39233.56;41104.55;42585.98;35945.87;33270.25;41974.99;39362;23439;23093;26731;32445;31103.24;32443.99;30139;20135.24;23997.16;25834.11;27846.34;24459.36;29268.03;27561;2892.97;3122.38;3318.16;4107.41;3744.45;4365.1;4115;490331;517646;557803;570330;599514;657247;685071;0.55;0.46;0.61;0.56;0.65;0.59;0.26;1.35;1.42;1.78;2;2.8;2.03;3.55
Kota Jakarta Pusat;6305.49;6360.18;8336.55;9052.08;7562.91;8857.31;8641;18043;17571;21094;17419;19668.71;19428.16;21283;17432.76;21464.57;26954.04;25633.48;27733.49;26860.4;32031;21368;23052;26164;24293;28385.03;25722.78;30574;6124.76;6187;7111.89;6933.24;6648.6;6673.46;6951;193324;204952;243533;197609;192559.6;245668.46;239483;26571.21;26162.54;25427.22;26371.06;27299.72;29298.17;35068;28076.69;30046.11;33733.97;29230.15;30179.6;38004.9;41643;21480;21770;28591;30921;29174.49;30797.85;33585;28038.96;27975.5;31352.72;25848.7;20455.33;26759.03;25466;2559.77;2441.5;3627.42;3302.09;3614.9;3438.16;3411;580080;625177;672328;689379;733176;784679;818722;0.77;0.33;0.6;0.53;0.73;0.66;0.57;1.35;1.58;1.97;3.08;3.82;2.91;3.63
Kota Jakarta Selatan;7026.36;5893.18;7258.9;7975.2;9794.33;8170.97;8616;19541;21337;24074;21552;27012.83;24195.57;30764;25111.66;27547.89;35068.45;30058.28;38394.61;38120.37;38376;25900;26619;31933;31747;39021.69;33020.65;41310;6387.88;6677.92;8493.49;8677.35;9765.71;9961.41;10796;166818;203921;212204;181463;173484.54;204823.67;255929;29291.4;25677.13;26935.23;30185.85;34346.42;33757.83;43799;35063.76;37196.28;34329.59;33117.86;33341.78;32284.34;47072;23651;21716;35151;35058;39140.46;36115.52;44409;27538.15;26895.67;33806.03;29539.45;30137.17;32756.68;34081;3694.85;3109.85;4735.47;4712.83;5930.64;5308.82;6423;680167;729256;782731;792684;842630;891580;928278;0.29;0.39;0.47;0.62;0.79;0.37;0.27;1.4;1.27;1.5;1.63;2.51;2.28;2.45
Kota Jakarta Timur;5997.65;5087.25;6092.55;6793.62;8508.36;8694.67;7024;19591;19499;20496;21361;23525.24;24629.19;27437;22533.09;22324.36;26160.69;25428.64;36772.8;37199.96;35279;28957;29945;29921;35817;37457.43;40045.25;38390;5806.12;5600.05;5651.94;6707.44;7557.32;7859.01;7887;161421;164894;151209;154216;156923.68;179812.69;178038;27295.32;25240.53;24658.2;28679.99;30198.86;29468.52;35696;34267.33;36458.38;29094.05;33232.42;27207.13;34732.7;33222;24095;22030;27775;33228;33543.75;34468.36;36054;28747.54;25755.4;30916.19;29589.34;31449.89;32255.94;28566;3554.02;3261.06;3909.61;4562.61;5206.94;5495.05;5162;502152;539510;581954;594849;630842;669713;697472;0.36;0.33;0.35;0.56;0.56;0.76;0.33;1.64;1.5;2.18;2.24;3.71;3.08;4.38
Kota Jakarta Utara;6511.84;5834.37;7433.57;8381.6;8843.01;9515.63;10213;19435;20330;21289;19779;19156.99;24947.76;29199;20017.14;23550.77;20996.5;22748.04;30038.62;33660.93;30677;33222;35391;34658;40481;40018.71;47716.85;43463;4890.55;5183.55;5275.62;6455.91;7289.88;8014.1;7738;195201;205643;216903;215582;156172.16;237556.41;259778;28481.8;27506.86;28195.84;29958.17;30769.21;32951.52;38146;36103.12;35033.4;38141.11;34746.17;36952.6;43032.93;45440;21678;21620;26510;32013;32496.07;38236.61;35180;23398.6;23498.99;26436.84;28698.85;28306.95;28517.55;29620;3415.61;3603.37;3233.55;3700.86;4049.56;5052.15;5048;512689;549506;594240;609310;645431;684557;712835;0.83;0.63;0.99;0.72;1.15;1.3;1.01;1.45;1.38;2.18;2.63;4.78;2.62;3.39
Kota Jambi;5982.02;5813.03;6307.11;7435.36;8130.97;8440.33;8019;16549;15609;18309;16325;18587.27;19933.08;27485;15103.2;16339.89;14706.8;18545.8;23092.55;19207.4;19751;28459;32421;28467;33974;39226.57;35065.16;36643;5265.29;5406.65;4504.41;6077.71;6034.2;7098.42;5740;109904;125146;123320;115817;113725.98;136597.64;147437;29709.42;27216.81;26542.58;28173.57;28561.14;32477.2;32772;31409.36;31760.49;30439.33;36612.5;35265.16;39216.96;40443;24536;19337;24645;32722;31691.46;31026.94;34885;21924.17;16783.13;17850.88;23362.76;21218.02;22493.5;22577;4244.62;3482.31;3677.79;4131.19;5047.63;4832.08;4161;466854;488034;529090;563403;605556;667447;757014;1.26;1.52;1.47;1.42;1.19;1.31;0.96;6.53;5.54;6.71;7.25;11.57;10.66;11.41
Kota Jayapura;5665.92;6525.45;6752.24;6170.02;7956.75;8092.65;6157;15927;14038;16979;10429;16580.74;17186.29;16402;15626.57;20183.37;17345.81;22651.21;26196.48;25342.56;21309;49371;51403;44183;56631;42759.05;58370.81;47661;6740.68;6836.13;6823.62;6268.98;8170.73;8818.44;7284;91502;114176;128148;113233;99814.14;112487.97;101250;30608.24;33326.04;32497.04;33241.25;37393.94;39603.04;34410;29598.31;42630.91;43689.21;33372.28;47042.64;40861.3;34825;32681;33884;31632;35866;45225.06;39480.82;33846;22376.55;30123.57;23733.28;22269.44;24946.55;28969.75;26501;8021.47;6976;8095.64;7122.91;9429.66;8760.6;8376;944479;992610;1021759;1051297;1099019;1147265;1179015;2.55;2.27;1.98;2.53;2.51;2.12;2.35;22.99;20.7;14.99;18.46;24.1;18.59;15.85
Kota Kediri;4014.82;3800.88;4380.62;4522.38;5886.97;5771.41;5386;12829;12664;16842;17424;19567.94;17760.5;19744;9697.32;11524.37;12686.3;15813.41;15836.77;16397.63;16896;9034;8763;8094;10808;12679.6;10668.54;11114;8745.93;7697.63;7460.12;8564.71;8858.84;9241.38;9294;91551;98289;108801;127490;142439.47;130469.31;141601;27202.25;25010.13;21012;22243.29;26890.89;29151.97;33164;20764.2;22374.68;26076.84;27081.72;28998.09;31934.78;29851;17783;14830;18323;23668;22709.99;24747.55;25110;16244.46;15851.77;19298.59;18243.78;17974.01;19024.56;21034;1643.88;1586.56;1799.28;2094.45;3324.68;3053.6;2697;453807;471893;493438;506936;537326;587723;621051;0.87;1.23;0.96;1.03;1.42;1.08;1.02;6.8;5.87;7.19;6.37;6.41;6.6;5.31
Kota Kendari;7489.41;6012.57;5720.06;6448.23;7731.5;6682.63;6735;22810;29011;23760;13059;20277.47;17925.93;25222;7913.77;6427.75;6728.02;10714.75;11612.77;10933.8;9343;37090;39199;35970;41209;44840.24;44833.28;44781;4488.18;3579.59;3634.47;4646.3;5749.64;5355.36;5526;96651;111075;116329;113905;102111.46;112117.51;121812;31535.17;30984.22;32158.28;33583.62;33197.02;37092.19;42321;29760.08;35677.81;30837.96;32949.36;26387.58;28557.3;33718;17804;17277;18424;22154;25745.42;24070.78;25135;20406.55;20435.07;22968.71;24468.56;23375.21;19959.06;19332;3009.47;2630.97;2496.68;2667.32;3711.45;3377.21;3108;327976;350647;384379;423653;454846;503369;516809;0.7;0.8;0.67;0.84;0.73;0.64;0.7;3.76;5.25;7.42;7.66;15.51;6.44;5.46
Kota Kotamobagu;3032.98;3278.42;2903.7;4274.9;3645.56;3310.41;4074;8801;23819;23189;14824;11937.22;13953.88;30727;4432.95;5110.57;4519.49;5623.19;6466.18;5094.62;8134;21640;22731;19805;24246;27791.69;26404.82;30660;3928.08;3932.84;3527.96;4302.81;3924;4134.94;5219;76258;108039;98081;103162;86469.03;87934.96;101017;31084.58;33430.83;32609.6;34845.22;39252.09;42667.36;45485;37517.6;44836.37;42184.26;46173.86;35639.94;41764.12;51715;16568;16459;14858;21842;21748.33;21382.77;24724;14794.55;18251.92;13958.15;18512.51;15700.62;13822.46;15059;2406.85;2952.06;2485.65;3515.43;3245.36;3704.1;3343;298742;323292;343675;363777;385962;426174;452245;0.57;0.68;0.84;1.32;0.61;0.59;0.5;2.7;1.74;2.44;5.37;5.53;4.61;4
Kota Kupang;4093.23;3126.3;4346.04;4246.22;5041.47;4888.98;4559;11186;8271;11392;13364;11622.51;12271.77;12756;18341.53;15455.29;19758.96;21761.85;18703.92;20893.8;22877;26571;24413;27910;26506;23544.83;21394.06;25375;7242.89;5556.43;5656.86;7429.22;5776.25;7886.3;7329;89370;91822;94120;94717;65479.09;72602.96;80756;45073.03;44936.77;40991.12;42532.42;43185.31;45629.38;53005;20943.64;26748.53;22696.25;22090.61;19089.54;20610.14;21006;28600;26093;30135;32414;30702.47;33512.92;31371;20170.98;16440.07;20158.35;23249.18;16928.04;14774.85;17611;2025.36;1358.99;1734.18;2973.1;2473.92;2444.59;2289;518095;545219;587921;599880;648982;732921;761108;1.63;1.6;1.6;0.9;1.44;1.07;1.4;11.06;14.07;12.58;10.66;17.54;23.07;12.52
Kota Langsa;3090.23;3246.49;3371.33;4373.44;4040.39;3887.54;3660;15513;14556;16688;15692;15474.82;16180.85;14697;6752.53;5748.88;7574.32;6729.62;9043.34;9007.66;9042;31115;28676;32941;38879;33836.19;36791.35;38969;4301.65;3785.93;3895.98;3875.37;5211.9;4342.71;3650;109311;106238;109471;115243;104465.4;120971.05;110562;24212.8;25988.04;25071.51;28016.69;27345.44;32115.56;37400;25563.41;32582.33;31537.5;34922.71;43027.24;39068.45;38078;18516;16438;21001;24042;24866.24;25643.15;29325;18541.99;15575.62;16203.06;18664.74;16855.25;15713.36;16442;1584.64;1453.35;1711.66;1664.63;2123.08;1646.92;2329;371267;380906;407421;435438;469348;512319;546363;1.34;1.78;1.6;1.53;2.17;1.87;1.52;6.49;6.82;7.35;4.93;11.87;9.89;8.96
Kota Lhokseumawe;2951.2;3061.16;2948.15;5142.72;3961.76;4629.34;4850;9467;11298;12029;14429;13116.38;14948.29;18105;7619.22;5507.38;6817.33;9812.04;8534.06;8563.94;11729;34647;41826;36545;46298;42009.36;45101.3;52725;2944.11;2905.86;2866.09;3280.71;3395.21;3096.11;3512;85019;114263;104973;124024;93521.4;150072.03;136229;27717.22;26825.64;27865.02;29479.17;28781.27;32749.04;38922;36083.05;31625.51;34232.75;35815.74;22676.28;44236.54;35535;19215;15074;19158;23307;24631.4;22351.44;30135;18525.76;16180.68;18241.61;15907.04;12393.17;14178.1;15400;1903.02;1319.75;1959.01;2647.92;2451.95;2057.72;2348;367525;376832;401158;427045;460583;498431;522671;1.72;1.51;1.56;1.87;1.33;2.23;1.98;6.5;5.67;7.08;4.05;12.84;6.09;7.86
Kota Lubuklinggau;6027.62;4842.7;4513.62;5916.88;6792.59;6775.54;7258;14900;14343;14034;11918;13225.19;13463.29;24750;13790.99;12592.79;12356.95;14271.56;13668.92;16101.88;17025;20809;18952;22879;22870;23255.62;22250.27;23539;4196.66;3617.66;3538.04;4073.84;4437.12;4786.92;4490;91366;89353;95659;81143;95978.11;88276.36;84501;29644.41;24852.75;30404.76;30802.14;29215.59;30418.93;35093;30915.64;25992.25;24732.78;28386.33;29313.86;32649.57;32118;22943;20018;22546;24976;25786.21;25121.76;28653;14453.56;16886.82;17699.35;17242.45;17776.65;16813.27;17576;2822.02;2735.15;2655.31;3208.85;3013.65;3149.32;2990;470897;477756;495213;516763;541784;583867;598850;2.05;2.21;2.2;1.97;1.5;1.49;1.43;10.12;9.11;11.14;9.24;9.03;7.84;6.9
Kota Madiun;3660.2;3965.98;4314.02;5683.4;6898.1;5715.53;6090;20023;15550;19684;17286;23567.05;22979.58;30576;15039.1;12054.5;13329.75;15761.32;21123.6;22293.14;20707;12579;11142;11697;16683;18577.04;18286.74;19704;6878.95;7530.15;8127.14;8284.26;9712.81;11338.17;10037;138068;129682;142278;137529;150688.67;166233.87;159871;25941.44;22111.86;23759.78;23877.15;26529.46;30065.95;33900;18613.81;22553.23;22389.7;25578.06;24750.66;30683.51;31202;17634;15314;19185;26108;27389.34;27592.86;27639;24053.39;22965.06;19506.98;23196.42;31366.88;30532.28;28190;2683.83;2143.3;2766.83;3657.49;3623.1;3766.63;4383;446525;478304;497628;514409;551620;605131;637838;0.31;0.5;0.77;0.67;0.4;0.65;0.56;5.05;4.79;5.89;5.05;6.82;5.84;5.34
Kota Magelang;3812.5;3339.34;3486.25;5067.11;6185.71;6139.94;5410;16810;16755;14159;14986;18713.28;17813.34;20024;10677.68;10451.93;11396.5;15666.18;21047.47;17309.69;19589;10718;9973;10074;12513;13105.1;11830.15;11995;5353.08;4900.9;5506.93;7775.83;7979.94;7121.69;6311;95151;112874;99223;97492;135570.08;111689.36;122084;21393.74;19667.49;23728.17;25553.82;27471.78;27943.54;31716;19986.55;27757.85;27529.74;25208.93;36001.65;29883.96;34305;15440;13861;18110;26396;26331.31;25891.01;25320;15812.05;19492.11;19112.57;21763.44;24291.98;24446.56;22192;2281.72;2160.02;1844.05;3458.93;2953.13;2700.43;2474;476582;481282;522099;537783;575130;602794;626614;1.07;0.99;1.12;0.85;0.47;0.74;0.92;10.13;10.48;10.58;11.07;9.48;10.34;8.68
Kota Makassar;7138.46;5715.1;5995.94;6414.62;7292.1;5843.42;6931;21015;19787;19266;13626;17701.87;15327.05;22118;8782.81;9116.32;9029.14;11136.49;19507.17;14976.05;15273;31710;37262;37240;39865;46633.8;45458.32;45122;4539.13;4336.39;4886.52;5337.71;5704.48;5083.62;4945;128677;124809;112604;108883;119080.74;116028.48;119525;28109.71;24896.3;27088.93;28968.98;32290.82;38033.96;44230;28917.34;26834.98;26099.16;25725.39;24135.41;30405.73;33728;16565;15973;18824;21128;25206.93;21041.77;26811;23488.75;18523.21;19454.77;21265.91;21793.06;19221.39;21858;2406.16;1605.24;2371.77;2841.27;3157.81;2780.26;2736;386545;418831;442513;475444;511081;570286;592753;1.11;0.6;0.58;0.76;0.8;0.62;0.81;2.57;2.94;5.46;4.35;6.35;5.18;3.97
Kota Malang;4700.09;4338.14;5201.13;6096.03;8193.95;7539.6;6988;16759;15005;15579;15140;19065.5;18373.87;22495;13796.23;14952.18;15680.04;18435.42;27165.22;21781;24275;14466;15662;15214;17190;23636.75;20391.26;20327;8211.6;9143.06;8237.88;10723.11;11633.68;11362.9;11831;110783;123283;125501;112480;100970.52;124250.66;117686;24835.81;23049.38;24431.92;26622.45;29943.76;31872.12;35654;25504.92;26336.12;28124.81;30582.38;27848.29;31903.52;28648;17264;15894;19142;23492;29575.43;25678.16;26494;20277.05;18765.08;21093.02;25198.54;21747.33;25311.28;21206;2616.85;2836.76;2990.63;2819.47;4965.87;3775.48;3360;507114;543966;554791;570238;609612;674660;706341;0.55;0.55;0.66;0.87;1;0.76;0.42;5;4.09;5.31;6.04;6.7;5.04;4.99
Kota Manado;4122.54;4235.12;5011.65;5473.17;5735.68;4805.27;5086;11868;14579;19838;14292;14019.52;14022.9;22239;10837.55;9194.1;11101.53;12282.35;18567.14;13318.83;15223;30738;30101;30877;39933;41222.15;36179.44;43044;4645.33;2997.96;3129.9;3992.85;5322.54;4733.88;5122;130517;127264;147123;130546;131627.01;121525.91;120857;33919.39;32116.66;33255.55;32519.75;39136.8;39592.22;41783;24236.86;27853.49;37784.62;26765.2;26489.33;31263.62;39962;23684;19375;20637;28510;32417.85;25571.95;29462;17759;17741.67;18902.36;19701.87;18228.19;17338.77;19047;3236.15;2172.89;2099.94;3234.71;3660.61;2827.65;2722;364820;396196;424473;449679;475683;521012;540888;0.7;0.89;1.25;1.23;1.17;0.93;1;1.38;2.34;2.22;5.26;5.01;4.63;4.46
Kota Mataram;5868.36;6466.84;5792.62;6281.66;6946.09;7281.38;7016;27508;20303;28006;23326;19213.11;25659.25;28038;18008.43;17717.97;20903.64;22036.5;23924.88;23485.85;26178;23470;25097;27509;31107;32463.86;31768.32;32056;7308.75;7800.65;7768.39;9190.81;9238.86;11398.25;10063;125169;151668;171902;173504;142682.27;166844.27;154367;29522.4;29957.84;29403.3;30018.01;35806.88;39506.18;45229;30758.88;33040.77;30304.39;35097.67;32998.46;43049.23;37271;19043;16493;20496;27176;23555.37;25726.87;26847;17301.5;18538.63;21497.51;21521.04;18273.84;21302.18;20679;1790.58;2106.34;2471.96;2843.73;3063.45;3029.72;2467;457950;480304;499959;524762;562661;616536;657667;1.17;1.55;1.86;0.93;1.18;1.94;2.15;4.41;0.74;1.21;0.96;1.29;0.65;1.4
Kota Medan;3862.76;4232.64;3587.81;4658.71;5120.3;5536.94;5526;15293;16984;17427;16595;19272.04;22104.16;19479;13947.58;13752.42;13702.61;15917.16;20125.03;20012.48;17472;42460;39135;41662;39045;49373.16;55008.88;51159;4447.67;3813.45;3833.58;4271.06;4706.72;5647.9;5366;113463;131325;133455;129203;121852.2;128736.31;141444;30897.3;29637.38;31698.73;31110.78;34451.13;38483.43;41746;26870.03;29896.5;32860.26;27468.97;30135.09;38001.94;34292;25364;19691;24949;25626;33385.04;33079.3;36531;20831.71;22483.09;24667.39;23949.78;24356.7;24676.55;23480;3176.26;3119.4;3309.68;3456.18;3787.46;4821.33;4681;518420;532055;553796;577126;607166;651901;695295;1.5;1.16;1.08;1.1;1.13;0.92;1.09;4.16;3.29;4.31;4.94;7.86;7.3;7.27
Kota Metro;4561.3;4214.5;4718.14;5887.83;5653.23;5718.06;6100;14815;14142;18424;16305;17272.69;15997.65;27244;10015.31;12302.79;13496.08;15792.6;15952.8;13505.9;14565;19596;22854;24332;24357;25174.95;26043.38;29130;5924.12;5798.82;6109.39;6674.24;6501.12;6912.63;7490;84746;89234;115907;112141;113164.26;102820.79;120704;27784.07;25336.7;27406.29;27404.43;25659.91;30579.24;39494;35072.24;34639.35;38273.6;41830.54;40299.34;41450.96;44412;22329;18397;24334;29777;24310.01;26975.49;32525;22516.73;19947.02;21786.5;19120.88;22060.9;19289.08;20808;1560.75;1467.72;1808.05;1722.93;1850.02;2002.68;2433;360656;371636;406351;417861;449415;480830;503161;1.61;1.14;0.94;1.27;0.87;1.12;0.77;13.28;9.01;11.54;8.27;11.51;8.38;8.23
Kota Mojokerto;3808.22;3053.64;3089.32;4830.47;5337.84;5578.62;5147;16944;13223;16241;14221;15545.29;15606.69;19987;13231.72;14630.99;15274.61;18965.8;20007.73;20223.94;21718;14788;18017;18185;20414;23985.52;22103.19;22771;8392.66;8455.25;8250.58;9988.39;9525.19;11337.3;10533;103660;116718;116051;122118;141564.22;122101.93;127853;25395.1;24531.21;25393.49;27328.91;28868.99;33226.64;39840;24216.62;26021.15;27321.11;25643.74;28088.82;34032.49;29618;14880;13674;16546;23233;20999.94;23649.02;25867;17530.88;16628.91;19918.08;22102.81;21547.53;21875.11;22074;1447.91;2154.21;2031.55;2789.44;2789.02;3206.54;3078;437231;467997;482016;493452;531804;581006;610968;0.59;0.59;0.64;0.84;0.87;0.78;0.74;5.31;4.23;5.61;6.13;5.79;5.18;4.33
Kota Padang;4483.9;4037.36;3812.73;5417.69;5807.44;5535.78;5752;15989;13511;20796;14520;18379.95;15662;21391;12504.58;12981.09;12861.31;14466.05;18484.06;16798.76;15725;28615;29720;27827;33034;37923.07;40219.23;39301;3810;3928.34;3833.94;4566.86;5224.96;5169.44;5266;138889;139567;145014;150670;129349.16;138313.4;155883;29960.88;29531.15;31773.12;32021.62;35907.5;38774.51;43743;41882.66;37634.19;38871.89;38903.75;43027.53;51365.34;49362;27184;22373;28470;32123;37029.62;33611.95;43146;18144.85;19079.08;19295.65;22317.17;24415.83;20635.54;21599;3899.66;3287.41;3742.59;3989.07;4794.06;5115.37;4674;507042;534857;570654;602540;634581;698720;736786;0.73;0.63;0.45;0.67;0.61;0.44;0.25;3.76;3.51;4.64;5;6.81;6.52;8.57
Kota Padang Panjang;3907.28;4076.15;4863.21;4337.33;5241.68;6004.12;6211;15883;16133;20337;14429;17441.39;15070.46;21977;15312.72;18883.18;19703.72;18067.13;24935.2;22013.76;28784;24539;24994;23793;28518;29299.36;30293.98;32431;4008.88;3866.35;4102.2;4438.31;4469.54;5158.95;5129;120989;126308;125160;106024;130146.15;139246.2;154685;29139.99;31117.7;31461.73;30337.45;32078.7;42002.35;41531;36540.1;32391.71;39088.11;39700.55;35681.86;42232.55;67316;22784;18342;23864;25486;26942.32;28904.27;34117;17913.79;17252.59;18460.81;17578.02;20297.39;21183.92;23813;3066.49;3072.43;3351.24;3815.54;3463.18;4706.62;3900;438075;450377;491142;516648;543609;599681;634303;0.88;0.53;0.46;0.76;0.41;0.7;0.46;4.69;3.58;6.05;6.4;7.13;6.81;5.33
Kota Padangsidimpuan;2409.52;2405.73;2529.89;2857.06;2731.48;3340.35;3358;10953;12684;18717;14244;14555.59;13810.51;15359;7294.6;6859.01;9187.97;9456.82;9422.4;9636.45;11818;26302;30706;33791;32817;36133.3;40818.21;40175;4368.15;4345.08;4638.26;4924.48;5522.25;6241.83;6031;92601;108709;114893;113511;87934.38;97691.39;102643;29812.75;32738.95;31983.55;31892.44;33722;42338.17;46642;36813.36;39241.84;43774.2;42375.71;46720.08;47613.4;50393;20658;17047;23263;22595;27007.57;27444.42;33086;12819.08;14953.44;15297.35;15107.28;13015.67;14245.64;16093;2321.2;2020.55;2731.96;2654.95;3045.74;3376.56;3880;363468;382884;417455;453777;480196;523244;556024;1.41;0.65;1.26;1.17;0.8;0.87;0.77;6.53;3.72;5.08;5.35;7.92;7.45;6.99
Kota Pagar Alam;4581.24;5400.9;5427.41;6485.02;6851.73;6699.03;7527;9212;8803;11936;7988;7803.93;8271.99;22187;10415.99;10481.7;11644.53;13766.14;11883.06;10734.9;16219;14861;16366;14858;15602;15927.21;16135.73;20663;3918.74;4745.42;3902.67;4390.16;5121.47;5159.48;5642;52611;61804;52704;65996;73355.29;69116.27;77306;35677.48;34687.44;32391.83;30502.41;29767.02;37991.51;44259;34341.73;31967.78;35107.89;36631.36;37526.2;38974.32;45472;18559;18596;24251;24674;22954.05;20964.86;29486;10315.45;13167.92;11582.2;13281.76;12157.64;12359.94;15880;1629.92;2348.5;1495.08;2318.26;2473.92;1953.19;2686;324025;328745;342738;356287;370417;408917;427007;1.03;0.9;0.99;1.03;0.88;1.11;1;15.55;13.21;17.03;11.76;11.09;10.23;6.91
Kota Palangka Raya;8121.56;7616.72;7642.17;7630.01;9281.46;7985.28;7506;21998;15258;16020;14410;14480.26;16973.79;19444;20718.95;19841.4;21055.69;26509.93;25209.29;27137.68;24984;36778;41046;40742;46261;42774.27;47526.31;43424;5446.39;4577.52;5848.81;5904.84;8160;7358.74;6583;142142;153309;140405;107158;89661.2;145381.4;140172;26547.6;27121.3;29011;34103.5;32443.45;35576.05;35640;26309.22;34897.52;29437.95;29769.31;26982.3;28480.8;35002;22124;21452;26044;32410;33458.27;28079.03;27787;24092.89;24742.18;24897.95;25684.02;25244.09;21716.02;21281;2466.91;2457.86;3239.26;3947.14;3961.13;4628.48;3041;353853;379420;435008;456276;485800;530223;555618;0.63;0.43;0.44;0.4;0.66;0.27;0.42;6.67;6.29;8.85;7.89;11.83;6.34;6.06
Kota Palembang;6582.26;6825.74;8093.32;8885.57;9503.63;9228.13;9653;16339;9985;13309;13010;15022.85;15363.51;25226;13206.8;11385.62;12326.65;15154.27;17800.2;18380.17;20603;30305;27009;28550;32886;36069.64;38617.02;39864;4804.19;4448.09;4998.13;5081.44;5943.32;6047.26;6506;100308;95087;107521;100835;112747.38;123686.82;121600;25241.81;25397.58;25455.51;26725.08;28406.1;30630.08;36042;26268.18;30862.09;29726.41;30614.83;32591;33573.19;34593;20065;16137;21430;22937;24689.97;24775.58;29413;20829.81;18703.52;22439.86;25318.94;29242.84;27523.91;28292;2360.77;2648.46;2875.07;3486.25;4291.73;4323.36;3734;510994;521489;548563;567518;597136;643356;660932;1.7;1.86;1.67;1.86;2.25;2.06;1.66;9.78;8;8.99;7;6.12;4.59;3.36
Kota Palopo;5742.48;4541.78;4804.71;4880.41;5416.04;5335.97;5862;20685;23922;20093;8148;13618;34317.26;33575;7635;5244.76;7233.1;5673.55;8018.33;9488.68;9552;38435;30884;32350;33610;35461.09;34064.51;38589;3123.13;2247.53;2240.25;3039.71;3688.91;3486.81;4514;97292;76262;103146;108399;97235.73;113417.61;115741;32784.11;27790.11;33951.49;36346.53;29417.52;37920.84;41776;32020.42;36844.54;32884.38;35697.12;38555.56;40923.18;47316;15214;11910;13962;15794;16513.64;16360.49;18785;17719.11;16068.33;15165.72;16661.55;15768.76;18787.28;16113;2689.22;1137.29;1388.82;2151.88;2419.7;2060.04;2417;292602;324233;362859;383007;403144;442276;466521;1.14;1.15;0.95;1.17;1.43;1.1;0.94;2.55;3.21;4.22;3.69;5.62;4.35;2.98
Kota Palu;5548.3;5252.5;4484.77;5912.41;5467.16;5941.65;6234;11489;17268;20505;14272;11106.54;14210.01;18160;7281.46;7791.42;5709.04;7232.67;9800.57;11332.18;8930;27054;26705;24452;26600;29739.31;29996.7;30817;4934.09;4709.72;5496.55;5231.58;5748.66;6948.38;6625;92728;136806;118937;113577;87674.16;95214.48;112933;30398.25;28582.41;28949.52;34215.06;34638.54;45422.34;44278;24301.74;37244.66;31360.72;35932.51;33501.9;39692.65;32651;15814;16314;17289;20915;23825.72;25025.21;23879;19011.39;18109.15;18888.26;18768.7;17713.2;19028.23;18048;1488.39;1835.6;1427.18;1384.64;2050.62;2228.8;2772;492085;522444;559246;571605;604280;632261;658112;0.91;0.99;0.97;0.86;0.94;0.84;0.65;5.72;2.78;4.36;7.28;11.95;6;6.96
Kota Pangkal Pinang;7157.23;7435.88;8239.34;9076.76;10390.64;10492.72;8836;22706;20141;23697;20248;27301.4;23991.78;35417;19642.28;20283.67;22514.9;23652.9;33927.9;30449.19;33821;45682;50580;45128;46586;59117.24;53494.17;56985;4684.93;5054.3;5497.46;5236.82;5950.27;5821.24;5858;109121;108778;116815;125122;121351.85;126061.35;139775;31511.19;31567.96;31710.29;32017.74;32973.11;34699.81;44222;45682.88;45913.02;48543.12;38015.85;41593.39;45961.95;48694;27866;26104;29132;34619;39417.03;36848.1;44055;31116.31;26632.96;29311.47;29480.65;31805.48;33615.24;30615;2741.59;2860.86;3118.35;3777.74;4131.57;3905.45;4637;700949;748487;795653;808839;858840;894224;925522;0.49;0.59;0.6;0.57;0.79;0.62;0.68;9.06;7.47;8.97;9.63;12.95;12.74;8.68
Kota Parepare;4343.77;5065.7;5906.8;6299.32;5255.25;6124.19;4575;12560;16591;16941;12356;9750.92;13619.74;17465;5175.37;5841.56;5561.78;7707.11;6311.22;7889.81;6666;27906;30394;29512;36045;31849.11;31342.09;32661;3199.8;3001.41;3243.69;4538.62;3406.52;3547.86;3821;82846;110024;111960;127559;104025.74;122850.23;101916;24642.63;24583.62;28766.86;29538.08;29885.68;33617.24;38401;22203.68;30039.53;29312.34;32284.97;32091.6;31428.02;31802;11716;10369;13715;16515;15344.8;16006.06;16610;16008.28;11758.17;15494.37;21038.86;16049.71;16882.41;15926;1091.14;1364.49;1270.69;1603;1404.05;1081.31;1122;308337;323839;363710;383471;402126;445032;467151;0.75;0.71;0.94;0.72;0.56;0.58;0.72;4.4;3.64;5.95;3.92;6.71;6.37;4.92
Kota Pariaman;2710.58;3404.42;3690.9;4659.22;3806.6;4326.56;4291;14112;15245;19595;14656;14590.56;13677.14;18388;7371.09;8891.44;12181.41;10780.65;11463.37;10967.47;12641;28136;31560;31147;36456;32141.35;31648.54;34697;2897.56;3461.46;3116.57;3641.58;3519.81;3648.33;4028;148959;126559;152508;139818;134997.15;141186.74;156204;24945.99;28919.22;28644.14;28808.31;28288.79;34743.25;41103;31723.26;35035.45;43795.81;37151.48;42294.68;40788.93;40526;22485;20096;25246;27550;25368.49;27603.74;34187;15694.72;17244.93;17991.06;17346.22;16672.19;18292.97;18264;2092.64;2207.87;2221.17;2986.58;2610.02;2900.71;2725;431368;446514;480028;495386;522932;576455;609286;0.68;0.49;0.49;0.36;0.46;0.48;0.46;3.94;3.3;3.75;5.29;7.55;8.38;7.3
Kota Pasuruan;4897.28;4212.24;5158.76;5319.78;5947;6468.5;5662;17742;11729;15442;14461;15694.49;17770.56;24577;12363.12;12215.52;11314.15;13142.28;14794.33;15434.52;18721;19099;19700;20503;22798;23764.91;24010.81;24406;8237.6;9510.99;8848.71;9328.57;9773.84;10955.71;10623;110399;114809;122406;122076;151831.26;139461.99;143669;31009.18;26482.57;28998.91;30706.7;29828.37;32982.98;43537;22252.52;28319.44;29431.18;29954.12;34572.77;34384.51;35709;13616;11643;16016;18904;18365.58;20941.62;22476;17085.25;15250.93;17344.41;21825.31;23018.62;20738.04;21542;1906.33;1886.92;2134.52;2287.18;2012.72;2800.24;2974;415171;434435;441531;461624;486893;529512;554195;0.9;0.91;0.78;1.15;0.93;1.26;0.7;6.28;4.88;5.55;5.84;6.72;5.96;4.29
Kota Payakumbuh;3645.98;3612.6;3857.31;5267.66;4827.3;5252.82;5516;14709;19370;25671;15535;16940.81;16166.61;20893;10993.86;13830.84;11526.27;12571.42;13567.78;15571.56;15000;23470;27229;24234;27507;26900.61;31328.19;32913;2764.49;3005.37;2529.78;3705.39;3642.89;3872.89;4075;136854;146997;142080;142635;145859.84;165531.56;149201;29244.41;34099.88;29856.43;30762.98;32835.71;44634.6;42859;36673.68;36918.23;38883.39;42377.09;45281.45;51297.03;48433;21198;18924;21553;25334;24851.46;28108.39;35821;15456.94;18754.7;15494.51;14882.84;17861.51;20113.58;17152;2747.83;2888.96;2657.51;3241.39;3137.85;4111.58;4044;462243;482184;526490;543335;573234;616357;648230;0.71;0.46;0.71;0.82;0.49;0.76;0.74;4.44;3.22;5.37;5.09;6.7;6.51;8.17
Kota Pekalongan;4989.34;3817.22;5428.19;5283.32;7378.48;5309.86;5791;11546;11118;12771;11176;12775.35;10690.11;12721;9212.08;10991.98;12167.77;15272.62;15218.7;13300.97;15477;12169;12722;11891;12652;15860.59;12698.28;13978;4608.02;4331.93;4656.14;5425.15;6095.68;5967.1;6245;100301;108047;116231;135832;149353.41;158230.27;159587;25613.6;24106.65;25614.56;27283.72;28375.19;29980.87;38024;29263.92;20683.53;28638.88;28350.3;29968.3;34248.86;36438;14002;13125;16346;20265;20934.72;19231;21333;14648.23;12082.91;14378.15;16941.12;16792.11;14031.23;16442;1098.45;1123.19;1761.11;1728.87;1128.42;1073.02;1338;415172;425026;460789;480415;513243;565998;605312;1.01;0.92;1.28;1.51;0.9;0.82;0.84;7.48;8.19;7.35;7.72;8.41;7.76;5.05
Kota Pekanbaru;4691.67;4942.16;5387.29;5846.84;7649.14;7416.48;6990;15169;17443;21243;17991;20237.31;18880.16;20590;13317.87;13771.89;16983.19;17287.48;23432.79;20539.71;21446;33938;37277;38828;40443;49483.62;46849.45;44958;4017;4605.22;4616.58;4537;5448.62;5634.52;5690;131807;154872;160232;137905;143177.75;152454.08;152927;27840.77;28565.76;29084.02;30278;31193.92;35343.76;38663;37600.36;41739.25;34893.45;33336.05;40372.87;43102.46;46010;24744;21643;27766;29199;31721.79;31761.83;38892;21240.71;20296.17;23905;24998.44;24458.38;22666.12;24835;3089.1;2997.89;3413.05;3413.41;4513.2;4303.81;4402;499852;516368;589281;613183;655389;712000;749522;0.49;0.31;0.48;0.19;0.33;0.38;0.34;7.02;7.42;7.51;10.11;11.81;11.75;10.08
Kota Pematang Siantar;3261.22;2842.63;3128.16;3324.7;4090.86;4632.62;3892;18399;16951;17994;17990;19042.71;23872.97;21132;12542.01;10795.78;11071.87;12900.3;14282.95;18301.81;14720;40947;33616;37745;38100;41483.48;49722.73;42994;3825.69;3413.72;4514.3;3909.05;4355.23;5236.86;5316;83925;86255;94042;84176;75397.68;108114.95;91733;29619.8;28031.1;34682.87;32417.03;34068.04;39986.64;43960;32829.17;27783.92;34510.91;30741.19;36078.69;36050.38;44331;21763;15929;24542;23464;26541.66;29496.38;29169;22219.22;20435.49;25219;23564.57;23613.31;26886.82;25393;3259.27;2193.18;2897.58;3338.86;3512.8;4765.73;4120;474084;502726;536486;583588;631886;670183;709992;1.69;0.7;1.1;1.12;1;1;1.26;6.71;5.47;6.25;6.62;9.75;9.09;7.24
Kota Pontianak;6779;6463.52;6470.08;8218.18;8366.8;7858.09;7626;11343;13355;12815;13361;16223.34;14833.05;21734;17010.95;18100.98;16332.49;19597.05;21927.01;22592.88;26124;37028;37618;38773;40121;47203.62;42830.67;44745;4591.69;5172.49;5510.39;5464.58;6176.28;5649.86;6411;136200;141345;136058;123398;122815.19;135642.33;152153;29463.21;29539.94;29697.86;30976.72;30799.52;33708.96;38554;27579.62;34902.91;34342.01;32802.99;35602.19;36215.21;37040;19998;18952;21205;23897;26143.32;25668.08;25974;26267.93;23584.14;24424.41;25113.87;23545.04;26028.07;27739;3309.69;2822.08;2916.71;3160.2;3672.48;3345.87;3344;483618;523736;567432;578615;622735;677512;708333;0.62;0.7;0.5;0.68;0.49;0.49;0.58;7.65;8.41;9.47;12.54;12.36;9.71;7.05
Kota Prabumulih;6714.09;6295.62;5993.76;6681.58;7863.82;8149.36;8189;13836;8241;12457;8771;10567.79;11845.77;17859;11194.64;7401.63;8742.44;10164.59;12247.43;12696.86;15595;21764;19708;20847;19464;24056.95;26448.33;25740;3812.08;3284.76;3483.66;3658.09;3638.98;4507.32;4660;78901;74300;70776;59830;68471.93;72003.76;71997;23914.73;26369.67;26815.04;27743.97;27003.81;30456.57;34093;27505.31;28364.65;24803.96;21040.84;27028.15;27103.74;26290;17378;13593;19584;18091;19986.42;20905.14;25175;19681.03;17634.91;20302.08;20435.26;21210.02;21344.43;20688;1972.81;1627.68;1938.33;1999.31;2512.32;3378.63;2875;530748;541648;569769;592210;623429;649951;650002;1.69;1.37;1.27;1.2;1.37;1.48;1.47;14.63;11.19;14.56;13.36;10.54;8.09;7.62
Kota Probolinggo;4224.75;3514.46;3440.78;4115.24;4591.18;4643.66;4280;15876;13807;12435;11691;11486.58;10916.13;13126;8883.85;9056.39;10427.35;11288.73;11878.48;11321.68;12178;19472;19419;18540;23247;22829.8;20949.12;20690;8599.65;8597.05;7391.52;8822.46;8265.98;9287.77;8523;80553;90476;87012;91499;92901.33;100691.59;100142;29523.23;30289.93;29140.79;31307.4;31448.1;34065.63;43041;19675.91;19501.78;24306.81;23309.24;24677.54;25311.17;25070;12557;9916;11849;16077;14592.64;14829.71;15327;18117.7;13675.9;15976.01;18130.33;15875.94;15287.97;18292;2441.62;2481.95;2402.72;2961.79;2535.45;2585.55;2316;479267;501505;524528;545955;575195;628380;654409;0.89;1.04;1.19;0.9;1.04;1.13;0.98;4.5;3.65;5.9;5.46;6.77;5.29;4.47
Kota Sabang;3635.46;4906.82;5001.92;5550.19;6394.69;5739.18;5284;14902;19067;17572;15203;20358.31;19932.29;19164;4614.62;7272.25;8127.25;7455.83;15324.77;10982.09;11959;43823;49523;45787;44486;47498.26;43769.85;46925;3118.18;3833.94;4466.49;4226.02;4832.99;5411.66;4516;120526;139918;151221;139868;140667.74;147521.19;158541;28692.57;30160.9;30615.11;32404.42;32744.1;36599.65;41946;29263.82;42689.74;42633.4;50319.05;51981.83;45993.32;51044;20299;23434;28086;27664;33125.25;30166.8;33146;20791.62;21340.63;18125.02;18398.96;17944.02;19838.77;17952;1931.22;2269.04;2391.09;2225.31;3148.34;3112.75;2895;552272;563100;599381;620373;660573;715446;725956;2.64;2.71;1.94;2.8;3.3;3.17;2.9;5.28;4.8;5.15;4.26;8.4;9.01;7.81
Kota Salatiga;5342.16;4809.8;4613.56;7135.9;7694.02;6073.95;6077;21416;21921;19494;21361;26805.31;28959.23;28300;10904.32;14399.75;14650.72;20509.08;27263.86;24982.33;22320;11841;12465;12560;17459;18740.55;17178.21;16006;6212.78;6370.52;6329.85;8658.26;9893.09;9253.54;9367;133529;135491;126377;133677;159960.98;144777.57;135171;24692.04;25071.1;23082.2;27028.48;28780.07;30848.9;37550;23900.49;31527.75;30782.38;29342.96;32404.25;36784.11;40415;17036;16932;17922;25286;25994.39;25241.97;28264;20605.48;21453.47;18701.83;25776.61;30722.98;31565.67;26319;1613.19;2023.65;1894.65;3353.74;3196.62;3016.19;2870;380856;418955;454154;480903;518815;565031;596659;0.69;0.83;0.53;0.8;0.66;0.75;0.61;5.59;5.79;6.54;6.89;5.97;5.83;4.04
Kota Samarinda;6472.14;6369.89;7419.44;6595.56;8966.51;8326.05;7940;16364;16740;21765;13773;18582.5;21632.43;24971;15397.18;13702.2;18617.14;17641.26;23866.97;24424.33;22582;28981;34073;37278;31296;43273.5;40370.05;43593;5224.21;6417.12;6602.66;6106.27;7594.22;7726.8;8466;106077;140354;147569;110870;137044.66;163265.52;172567;27466.88;25144.46;31599.81;27266.51;31912.64;33353.76;38005;30108.19;32602;36649.54;28291.8;27376.23;33696.26;36780;20100;19315;28695;25480;31983.79;27957.55;29426;23287.11;21356.42;24087.9;19610.31;25749.48;26543.18;23426;2745.65;2269.41;3584.58;2618.92;3640.56;3550.45;4043;616365;658307;719710;750055;784198;850842;877945;0.49;0.57;0.72;1.07;0.59;0.75;0.54;8.36;5.45;6.29;13.51;14.5;7.87;7.31
Kota Sawah Lunto;3757.7;3491.59;4035.28;5197.71;5929.41;6529.82;6694;12674;11682;19061;13336;13915.59;13719.93;19479;16306.15;14707.75;16164.67;19873.18;23342.03;20104.33;23384;23669;22643;27450;30810;29451.5;32680.6;34425;4201.75;4336.12;4548.89;5492.51;5871.93;6626.42;6428;93384;89577;91129;93327;91120.99;109160.57;120783;31419.28;31598.63;33881.69;36125.51;34768.21;43778.06;45559;35968.4;40358.58;36074.64;36785.86;47718.19;55292.32;54658;28237;22934;29885;32883;33964.67;38269.36;45140;16336.06;16879.49;17222.97;22619.32;20031.4;21760.53;23480;3826.31;3547.72;3461.77;4541.46;4454.75;5410.16;5076;354665;374615;399688;412757;443301;487610;524196;0.27;0.23;0.07;0.33;0.34;0.17;0.3;5.68;4.65;6.41;6.15;9.22;8.76;8.19
Kota Semarang;6299.51;5009.4;5731.83;7169.3;8078.13;6590.81;7715;18756;20455;19285;18417;21499.19;17913.67;24951;17157.1;14698;17125.07;19743.56;22161.72;19806.52;24389;21005;19376;20571;22312;24928.2;19408.23;24259;6158.21;6171.42;7472.6;8704.01;9174.72;9453.63;11073;139957;136749;144584;131949;137137.19;121651.47;166853;25028.44;22632.29;24950.96;27954.63;28479.49;29952.79;39552;21539.32;20618.16;24402.72;26849.16;29897.08;30985.58;37229;19472;17695;22325;28377;29859.09;26632.09;33487;22569.91;20830.56;25172.42;24812.93;25512.55;20802.6;25999;2211.17;1942.2;2765.57;2942.63;3482.17;2867.91;3029;427511;474930;522691;543929;589598;642456;671936;0.58;0.57;0.68;0.67;0.56;0.54;0.59;5.06;5.7;5.69;6.66;7.08;6.81;4.15
Kota Serang;4940.1;5032.17;5836.69;6026.88;6643.73;7276.04;5687;18966;14516;21371;12861;13961.97;15397.8;18687;10462.61;12937.52;14905.84;14819.95;17489.59;16584.35;14693;17791;21345;22932;23157;22761.61;24586.91;22860;6172.38;6244.5;6614.81;7526.21;8287.88;9008.85;9240;103231;135798;168550;136479;125005.64;136880.58;144688;31196.64;30382.96;30283.75;32047.01;31011.25;34254.56;41640;38212.31;43164.68;53845.99;54830.09;54521.19;53729.35;55340;18421;17090;23644;26124;24308.79;25422.26;25436;13724.46;17532.16;21883.74;19791.31;14858.5;16115.73;15324;1477.07;1620.71;2266.07;2671.99;2426.9;2950.68;2599;350237;379641;411595;431210;460613;511575;540786;0.6;0.51;0.57;0.92;0.77;0.75;0.75;2.41;1.28;1.29;1.99;2.42;2.3;2.18
Kota Sibolga;1630.02;1853.5;1972.56;2263.16;2442.49;2531.15;2852;10123;13052;14221;12564;16055.95;14412.72;16724;4166.8;3710.94;5002.58;4911.03;5961.72;5718.66;7592;33818;32163;34113;35260;40776.72;45256.61;43518;2021.42;1728.22;2198.14;2412.5;2710.99;3288.63;2660;88824;114791;119871;116453;120213.76;121749.41;131571;27042.88;30035.12;29042.12;30267.14;32593.29;37739.74;41984;33730.56;40455.23;40409.26;45555.1;45770.75;54264.58;58532;16858;13151;17383;18593;22660.36;21795.09;26060;10795.87;15259.4;14755.83;15678.52;16148.25;16880.67;16708;1422.42;1219.3;1157.88;1164.93;1720.34;1699.62;1508;415478;425236;453786;485527;516367;568188;612818;2.23;1.26;1.49;2.04;1.4;1.49;1.7;6.19;3.58;4.47;5.33;7.08;7.32;8.53
Kota Singkawang;5612.44;5071.02;5511.23;6982.84;6721.87;7131.79;6395;10671;12618;15579;12175;16573.21;13653.98;21994;18892.28;18889.32;16957.63;18520.44;22344.18;21597.18;30757;36302;39594;38143;46117;45249.69;44140.82;44162;4633.37;5528.13;6175.31;6149.19;5759.4;5355.86;5902;104630;109445;116725;115028;121182.38;110844.48;106361;27196.84;28250.86;31179.41;32025.08;30416.22;30408.7;39342;33306.86;30711.94;31330.08;35227.26;38196.85;35499.82;32942;18103;18391;23770;24030;22331.33;22278.4;22915;19869.8;20830.2;23054.46;21420.49;20633.34;20528.38;22521;1921.66;2129.31;2492.86;3011;3221.21;2883.26;2546;464673;492131;510596;527892;552823;588561;614077;0.7;0.53;0.48;0.73;0.87;0.74;0.47;9.58;9.13;8.69;11.21;10.4;9.29;7.39
Kota Solok;4060.18;4343.96;3764.68;4929.67;5405.84;5588.59;5534;15762;18146;19597;15215;20017.48;19781.78;21356;14687.07;15461.52;14704.35;16068.48;20191.8;18293.51;17657;25029;28171;25541;27723;36816.18;34292;31152;4129.38;3702.49;3997.59;4300.16;4715.07;5585.26;6068;103268;118008;115284;107192;134813.45;136808.19;129286;30907.93;33439.2;35207.52;34559.83;37254.86;42140.13;44536;39238.58;45247.82;41430.27;45899.74;52225.81;53117.05;49735;25997;20605;27747;28337;32150.91;30685.19;38612;20077.09;18372.59;20735.43;18266.29;21707.32;21280.51;18823;2974.14;2913.78;3095.28;3452.58;3810.59;3956.22;4551;414673;440618;450254;464977;491488;538682;569869;0.42;0.29;0.27;0.28;0.58;0.19;0.34;4.58;3.84;5.02;5.84;5.7;6.71;7.89
Kota Sorong;4669.3;4425.51;4751.21;6453.75;5823.8;5332.02;6043;20453;14993;18799;15002;14283.66;15909.94;15776;10487.15;7720.73;10442.7;12946.74;13309.44;12143.95;13419;41061;39368;37687;46842;47649.18;45316.81;45103;4995.61;4147.37;4084.35;5329.87;5512.26;5564.42;6058;82202;104608;96651;103238;75672.21;99340.1;111638;33215.42;31333.32;32434.34;32044.22;36732.31;37104.95;42381;29619.16;40268.06;38722.71;39790.74;43109.55;40642.33;38187;33136;29404;31281;38585;36839.83;37124.01;38615;21654.6;22068.55;20324.73;23302.74;21002.58;20869.39;23715;6366.24;4900.01;5696.93;6739.81;4789.08;6148.78;6379;668533;725117;765183;791155;827339;889486;902534;2.91;3.13;2.81;3.64;2.88;3.98;3.07;15.96;14.83;18.93;17.61;28.1;17.21;19.2
Kota Subulussalam;2203.71;2576.07;2563.2;3079.58;3607.77;3730.88;3138;8847;10568;10277;10188;15917.52;15573.25;12453;5001.18;5317.74;4352.52;5936;8793.96;7065.01;6341;23107;25700;26586;27531;35715.11;35025.35;33381;2918.16;3032.29;3206.52;4122.51;4834.27;4394.78;3913;49900;52573;53982;55079;70684.01;74941.08;61141;39767.14;42257.8;36359.6;35807.49;36841.48;44624.03;50798;33786.94;40988.52;41557.94;38732.86;46370.17;53599.5;53129;16412;14737;17398;20667;25940.05;26175.87;27271;8227.62;10371.94;9188.02;9354.4;11660.35;12315.83;9505;1363.77;1559.65;1684.6;2296.93;2658.27;2583.71;2437;315453;351093;400517;418643;444818;487777;504372;2.67;3.15;2.27;2.29;2.45;2.19;2.11;8.04;8.15;7.7;6.76;10.19;7.3;8.02
Kota Sukabumi;5986.35;6166.02;6992.98;6904.41;8032.19;8633.01;8582;17682;17783;17847;14932;17179.28;20941.13;26156;14867.3;19368.64;16904.75;18002.95;25260.73;26626.74;26961;15791;17793;16937;17227;19655.07;22101.83;21546;5376.54;6298.64;5982.84;6065.83;6147.92;7999.15;7987;107826;119259;134738;115160;97360.71;157854.38;158565;35498.68;31572.7;29161.69;28947.04;31856.14;38521.55;43724;40874.29;48631.57;44517.18;39439.43;39029.22;53101.19;43674;15229;17747;18158;19838;18017.6;23580.06;23347;17661.66;24053.53;22474.69;19859.52;21619.11;23960.02;25636;1944.35;2281.83;2625.15;2588.91;2826.17;2671.85;3424;497995;520742;547415;567734;594118;644276;678258;1.09;1.08;1.17;1.39;1.27;1.21;0.88;3.78;2.92;3.65;4.9;8.46;5.23;5.57
Kota Sungai Penuh;4987.87;2984.48;3557.39;3701.1;4211.07;4005.14;4784;17216;12063;16579;12849;13086.36;13539.97;18462;14340.97;13229.87;14370.51;15191.74;13408.95;16046.91;13748;33333;31807;31933;32627;32354.2;35398.3;35499;3697.8;3575.46;3934.45;4009.48;3534.8;4760.54;4279;111892;100123;99474;79817;95584.91;102873.12;109797;32442.22;37226.95;36223.26;33699.67;31722.6;38251.42;50876;44486.23;54269.61;50248.65;51615.84;54755.05;55710.86;51427;29223;21797;27518;30931;29936.88;31640.12;33372;16377.2;15080.93;14410.97;14108.45;11286.51;15173;16071;5767.84;4033.69;5084.33;5428.45;5547.94;6069.81;5963;351391;373673;401966;426380;450708;491568;610141;0.26;0.25;0.62;0.43;0.28;0.51;0.33;6.31;7.03;7.95;10.4;14.21;15.75;14.91
Kota Surabaya;5250.75;4675.13;4677.99;6592.46;7493.51;8747.44;8774;16852;15377;16214;15759;16867.49;22211.14;30306;20576.63;18656.26;19346.13;23808.27;25580.74;30536.17;31510;25967;22634;24313;30880;31280.34;32244.22;36712;7142.68;6883.39;7814.02;9013.52;8970.09;10576.61;12172;161397;163847;165246;145008;145901.45;163344.95;187105;27417.02;23647.63;25699.84;29097.33;28975.5;33858.51;45452;30711.25;31391.54;33918.03;33438.05;32071.62;45578.2;40888;19991;16635;21218;28731;26518.79;30675.29;32959;24821.99;22806.54;22424.87;27956;26801.17;29513.78;35573;2300.34;2265.8;2596.67;3646.14;4136.72;4332.32;4749;530178;567474;592137;611466;652540;718370;742678;0.81;0.62;0.87;0.75;0.69;0.71;0.65;2.7;3.09;3.82;3.72;4.37;4.06;2.37
Kota Surakarta;3916.98;3487.87;4096.12;5014.21;6728.74;6935.44;6214;14280;13687;14341;15297;20506.22;16786.32;19005;10570.17;12048.51;12267.51;14244.95;18023.44;17686.28;18967;7950;7683;8074;11101;15015;11829.64;13711;5158.61;5720.56;5945.61;7264.51;9186.74;7618.31;8416;139269;159074;147082;128947;151544.33;152506.96;146617;22115.15;23157.45;22646.49;26107.75;28766.28;33029.96;36597;16201.2;24646.34;21689.05;23631.71;26137.37;28529.68;28398;14942;14069;17253;23197;26354.28;23942.8;27384;17163.63;16351.66;22014.83;21285.63;24384.04;20032.56;22627;964.23;1439.04;1743.02;2135.15;2998.35;2519.18;2487;464063;473516;487445;511216;538441;600953;638102;1.47;1.6;1.51;1.83;1.07;1;1.14;8.16;6.35;7.83;7.74;9.52;7.92;6.22
Kota Tangerang;7164.11;7285.1;7430.28;7801.12;9568.28;9190.78;8598;21125;22186;24687;20031;25463.19;30839.05;31424;19935.8;21458.98;23807.83;23397.75;35042.59;37286.41;32080;27233;30468;35409;36032;42421.39;51474.53;42729;6571.27;6643.29;7014.39;8157.41;9167.3;10561.94;8640;161894;181903;170010;150952;178990.63;218663.57;215821;29173.69;29243.26;28481.47;31213.49;33604.31;36177.42;41771;38399.15;41846.31;51757.21;45641.59;50101.26;44130.09;52237;24753;23142;33971;36204;39572.29;42717.23;37403;28337.77;28028.02;32734.14;25762.32;30183.02;32286.98;29693;3176.69;3131.64;4599.14;4153.72;5634.96;6691.83;5603;556782;584318;632835;655061;695225;746468;785113;0.84;0.64;0.74;1.08;0.72;0.88;0.94;2.3;1.12;1.42;2.16;1.71;1.58;1.89
Kota Tangerang Selatan;6512.66;6120.97;6328.39;7955.62;8667.78;8277.72;7977;23708;20081;22603;23050;24143.59;22616.42;28095;24976.25;23364.04;21855.02;28674.83;29383.37;29298.91;34763;32019;27571;31167;38136;37552.79;37491.39;37444;7901.16;7740.55;8107.07;9171.88;8419.08;8697.17;8712;160241;157859;162063;156902;161145.26;160658.14;168807;29128.92;25049.87;26900.92;30931.32;28806.29;32099.43;40152;35334.22;31288.62;35128.88;36366.17;40012.76;41055.54;40276;27208;24532;30664;38908;34493.97;36848.74;38855;26545.35;23912.67;24012.84;24930.14;22784.19;25163.52;26753;3697.44;3485.12;4215.02;5964.82;5512.38;5670.01;6461;549150;593781;643083;665610;712717;782543;828278;0.22;0.27;0.31;0.34;0.32;0.45;0.27;1.57;1.12;1.51;1.89;1.5;1.92;3.13
Kota Tanjung Balai;3176.3;3617.26;3340.54;3185.49;3743.66;3773.62;4201;10859;12007;13001;12703;18189.3;15541.72;19002;7121.09;7540.06;7560.04;7520.34;11659.32;10663.98;10852;33959;33733;33441;34232;43654.89;44833.17;48124;2133.85;2240.03;2262.26;2609.54;3094.12;3227.6;3561;86206;91243;96357;109276;109038.84;108580.84;113521;30847.73;29764.08;31815.87;30557.71;32652.23;37836.47;42616;39201.33;37018.26;43022.27;44509.42;43779.86;48053.95;55200;15545;13986;18296;20023;23420.77;23721.9;29000;15937.57;15680.53;15259.23;16697.9;16070.7;17720.13;13248;1441.49;1463.61;1925.09;1742.55;2591.66;2383.69;3524;397647;421671;444125;482602;515456;554065;592573;2.25;1.69;1.69;1.72;1.81;1.34;1.6;6.66;4.14;5.82;5.15;7.14;7.56;6.3
Kota Tanjung Pinang;7258.06;6702.18;6223.55;8031.26;7747.08;8489.76;7210;13677;15691;17898;18448;14220.97;18670.68;22011;17578.48;17770.32;16956.57;19524.31;19622.6;23608.41;22677;40006;43636;38214;44274;30754.12;42064;40318;5276.55;5810.03;5181.27;5763.92;5036.95;6635.77;5302;109964;156874;164875;131609;118214.38;181124.78;192707;26371.53;25640.02;24322.65;27013.99;23104.09;28558.08;28997;29033.81;31552.27;27453.26;34691.42;26785.19;28276.79;28268;27853;24969;28022;35263;29623.98;35000.74;33770;19695.01;22280.75;25223.97;24911.41;18773.92;23586.62;21804;3003.72;2610.15;2347.34;4277.22;3136.03;4264.27;4079;625473;659170;691738;719776;764410;771584;798218;1.49;1.15;1.58;1.75;1.64;1.18;0.86;4.79;4.24;6.07;8.75;14.21;10.07;10.63
Kota Tarakan;5538.59;4512.74;4951.51;6724.4;7291.61;7330.84;7582;12322;16709;14787;15738;13296.52;17154.01;17371;12588.87;15679.67;15794.3;15361.56;18482.32;18886.13;20440;40808;42439;48669;53174;39123.53;42773.77;43464;5688.7;6076.77;5276.25;6740.29;7278.58;7302.43;7328;128744;134189;132743;120952;107156.58;120483.01;111943;33007.94;32388.23;32583.18;37575.2;36716.85;39000.4;42954;28580.32;33023.03;33829.44;33724.35;33497.15;32037.3;39811;20335;19949;21037;28376;31506.34;28013.53;27613;23128.72;20803.93;21583.25;23532.35;20313.57;21601.14;20809;2656.79;2492.77;3159.26;3905.52;3204.7;3809.98;3346;613593;654308;696585;711268;773446;819621;854967;0.99;0.7;0.77;1.01;0.73;0.79;0.5;7.1;7.68;10.78;8.17;20.68;12.82;14.05
Kota Tasikmalaya;5014.4;5240.64;5444.93;6397.15;6581.78;8344.32;8463;19390;15578;14315;15488;17474.93;18147.63;26861;9506.9;11027.87;11483.58;16056.43;17458.48;20670.81;19658;9401;11000;11860;16339;15307.77;18621.91;18762;4373.6;5426.26;5165.59;5188.83;5501.47;7086.75;7404;104916;129865;124187;119742;123381.95;161151.51;158932;33839.04;33883.78;36834.18;37655.8;34094.36;42634.71;49443;34461.51;32758.63;34904.59;34032.71;35412.39;47409.81;44368;10298;12394;12750;14945;16353.65;19605.51;18723;15049.09;16085.01;15580.14;17564.32;17496.64;22633.16;20094;1452.09;2291.45;2619.06;3192.44;3148.61;4273.4;4175;447008;457899;470150;480341;498711;537497;565377;1.52;1.98;1.75;2.42;2.34;1.62;1.35;4.56;3.03;4.17;5.35;7.92;5.14;5.31
Kota Tebing Tinggi;2443.6;2723.87;3255.87;4028.73;3559.91;3743.14;4288;9248;10983;13516;13925;13733.08;15664.03;18190;7497.89;8072.11;9303.19;10605.39;10719.48;12462.05;14271;30870;29512;33672;38130;35345.78;41596.05;46183;2640.62;3168.59;3979.19;3835.44;4135.66;4511.28;5555;80539;87305;103931;103040;99881.1;129011.57;135512;27007.34;27414.33;29422.1;27785.29;30860.23;36487.44;43170;24548.36;25330.85;33406.12;35823.5;27404.51;32607.64;38387;20344;20424;26163;28059;26607.09;30990.74;35255;18515.62;18024.49;20502.44;19368.64;21271.6;21271.64;22093;1845.31;1787.61;2429.51;2901.94;2293.78;3292.46;3428;426469;460533;493227;536531;578512;623531;665016;1.91;1.47;1.74;1.37;1.14;1.49;1.25;8.89;5.7;7.42;7.19;10.52;9.78;9.54
Kota Tegal;4637.54;3970.04;4965.38;6812.59;6021.74;7369.32;5432;11916;12678;14975;14348;14300.54;17259.15;14732;6959.63;7169.57;9981.54;13779.9;11176.57;13180.05;11625;8260;9960;13095;15753;13607.05;15495.16;14726;5043.86;5461.66;5954.59;6437.53;6122.38;7557.69;7451;120415;134954;155038;161639;144873.75;190778.82;163382;26406.58;23841.98;24163.74;27574.77;25478.6;29834.86;36634;26725.61;25090.2;35635.04;37408.68;35848.74;36691.27;34294;10599;10757;13660;17900;17272.39;21467.1;19828;14438.18;12944.3;15551.11;15181.64;15434.21;19425.77;18564;784.69;723.49;1526.52;1516.93;1864.36;2278.35;1512;455488;465047;502031;523413;565826;623617;664922;1.23;1.15;1.38;1.04;1.15;0.86;1.34;6.68;7.22;5.82;7.62;9.07;7.16;5.02
Kota Ternate;4693.58;3587.65;3132.34;4179.36;3958.6;4764.14;5314;14758;20684;21456;13341;19790.98;14907.06;38587;2531.32;2758.41;2967.26;5112.79;6570.22;8153.54;7834;38982;37051;36072;39730;41464.73;44084.91;47057;2845.98;2382.22;2361.79;3079.32;3889.51;4539.46;5842;113977;117875;106282;118125;87249.27;103327.57;134573;35123.97;35043.31;35139.86;35587.44;38545.45;39159.37;48083;51642.68;44961.33;47520.26;45763.07;37192.31;53108.73;64316;25562;24240;26199;29644;30623.89;31325.94;40741;14907.92;12979.46;14578.02;16431.73;14572.19;15222.04;14330;3431.44;2092.73;2064.2;2578.26;3130.68;2761.33;3062;537524;578185;595553;629463;661459;668074;701354;0.26;0.62;0.38;0.53;0.41;0.56;0.78;17.99;20.68;21.78;13.6;24.6;17.86;22.16
Kota Tidore Kepulauan;3106.49;3177.15;4242.55;4858.7;4289.36;5941.05;4832;13107;22457;23170;11881;18806.54;18696.14;30262;2137.98;2022.1;3966.23;4427.27;2843.89;3770.5;4570;36118;34465;42880;44761;46556.46;50733.02;42405;2684.89;2421.46;3138.24;3846.37;2552.84;3347.87;3206;50357;55565;64537;64273;62096.88;70590.33;73624;36140.41;35367.82;39660.69;40370.29;35161.27;42489.72;45582;32944.37;36107.62;43297.79;45316.01;43104.36;54628.8;67128;25328;22552;27266;29715;31413.77;33178.5;32425;12943.21;9646.99;12569.34;13902.7;10972.08;16293.46;11881;3916.32;3738.17;4816.36;5390.3;4387.16;6205.98;5569;404721;435277;448352;472651;484983;540752;581193;0.82;0.4;0.6;0.82;0.83;0.96;0.95;30.02;35.89;29.47;21.58;30.02;26.77;29.05
Kota Tomohon;3843.94;2974.01;3224.17;3865.55;4749.3;3983.78;4301;14766;17777;21650;15119;16198.91;13664;26559;12011.83;15024.42;15509.04;17078.88;18558.71;18782.18;18565;30309;28179;29416;36787;43133.76;46230.54;50421;3750.68;3683.94;4245.4;5058.74;4993.23;5167.74;5141;105222;97304;87471;85956;103125.59;103732.69;109188;34444.12;33373.7;31956.37;36043.35;41224.8;49508.62;45070;33769.65;29125.26;30717.19;33265.64;26176.9;33499.64;38493;21912;20772;19461;25532;32128.51;30388.2;30793;16317.06;17692.44;18655.32;16992.25;21848.01;20853.27;21740;3695.14;3320.47;3481.33;4324.9;5058.35;4205.07;3204;363856;394584;422746;440680;461424;508251;530321;1.25;0.78;0.96;0.94;0.63;0.89;0.8;1.72;2.22;2.77;5.43;3.24;3.75;4.15
Kota Tual;3044.1;2901.98;2983.69;2619.47;3246.02;4825.92;4362;9315;10759;11007;7159;10745.76;11062.22;17827;2335.58;3882.22;3901.91;3182.47;5269.81;4080.96;5626;26460;28039;29743;29216;33717.28;38748.3;37566;1140.48;1624.5;1853.79;1580.64;2481.28;2263.58;2207;45785;44285;43883;38826;47441.11;56128.62;70177;39844.98;42045.94;41496.35;41165.4;43192.28;50155.15;61327;18891.35;22745.72;27401.29;24190.19;27654.86;29358.65;31745;20537;18334;20652;21178;24662.98;25477.97;27477;10443.38;12043.54;12670.31;10444.7;9411.57;13092.6;12127;5145.57;4857.26;5429.02;9652.64;9027.85;9774.2;5244;510231;535425;574105;600172;640542;722498;746967;3.39;3.39;3.67;4.03;3.77;2.86;3.03;25.76;25.26;28.96;26.57;35.29;29.31;27.91
Kota Yogyakarta;4329.85;4009.82;4517.23;5359.96;6683.43;6359.94;5864;16681;18020;16282;15444;19597.82;17234.38;21943;12150.09;13045.09;16306.24;16381.19;21532.13;18768.4;20280;10417;11964;11202;13298;16908.95;14378.78;12934;5033.02;5254.48;5565.78;6228.54;6475.14;6716.3;7478;169742;172394;163708;140461;140896.01;175332.03;187706;19676.4;18743.13;20164.87;21807.45;22251.6;25766.16;31279;16812.37;23296.76;24165.58;20021.36;23778.16;26994.95;28172;15261;16883;19610;21587;21709.73;21706.98;23867;20122.31;18427.44;19077.76;18151.9;20726.6;20342.5;26339;1479.24;2373.48;2201.09;2900.25;3184.1;2705.71;2490;467061;495562;533423;556674;601905;662267;686973;1.38;0.85;1.19;1.07;0.8;0.86;0.76;5.88;4.3;8.3;10.59;12.06;8.74;10.35
Kotawaringin Barat;7700.87;6900.66;7725.72;8753.93;8245.56;8073.15;8380;13570;16169;13939;13688;19725.91;19239.19;24465;18575.41;18092.76;20868.13;22114.37;27107.82;23896.32;29803;37516;31662;33798;37012;44672.47;38799.8;44170;7793.49;7394.71;8455.39;8503.17;9710.34;9017.62;8824;84731;96911;96063;95074;93491.32;100140.46;111379;39212.7;36053.06;36886.24;39165.04;45132.22;40943.56;48127;47210.38;42384.63;49763.8;49267.4;44219.08;47879.62;66836;29437;25889;31052;39857;37709.6;33625.21;40004;24359.1;24824.02;22897.82;24083.64;22265.65;21232.17;22807;3238.93;2930.92;2759.53;4551.14;4288.41;3599.88;4050;344337;360942;397883;418388;476297;513949;536747;0.55;0.55;0.4;0.48;0.47;0.55;0.43;6.22;6.82;9.36;7.01;10.37;6.52;6.43
Kotawaringin Timur;7380.4;5985.46;6901.32;7675.46;8079.34;8444.85;8847;11963;11781;14989;13002;13241.12;14911.44;18506;13659.41;14467.5;14524.39;18707.93;20812.69;19306.6;21759;32681;31767;31057;36579;44093.1;39500.74;45333;5406.02;4920.83;6149.74;6984.75;6950.04;6745.79;6544;62277;75706;73846;81210;72916.29;97369.66;109993;35005.11;33569.91;33885.44;37555.97;39546.64;42597.44;53569;36840.04;38780.97;36197.39;46121.3;49638.24;55991.78;59245;20795;19842;23741;35156;32121.4;31033.29;33940;19851.2;17226.45;20104.05;20893.06;21542.97;21160.46;22319;1641.83;2037.74;2026.48;3085.9;3688.65;3565.25;3416;393474;416777;446039;467551;510290;547170;572827;0.75;0.92;0.87;0.89;1.34;0.75;0.96;8.9;8.54;10.62;8.32;12.6;8.44;7.57
Kuantan Singingi;4085.15;3923.43;4636.71;4883.07;5673.06;5380.49;5306;12213;11419;10700;12913;14098.96;12903.51;16237;10490.7;10937.8;11680.43;14566.8;16593.37;15778.41;17751;28966;27411;30661;32235;36282.81;38338.33;41601;4322.49;4027.12;4028.32;4376.12;4608.14;5006.9;4752;66677;72925;75405;80560;80632.64;88810.46;75983;36128.79;33472.16;33972.03;35564.48;34243.72;39140.52;44657;43317.57;44155.22;37145.44;46211.32;44485.84;60699.83;57512;28332;23917;28682;33389;35372.11;39086.98;45544;14681.97;14212.89;15726.91;15549.53;16168.56;16939.45;14528;3329.74;3659.52;3355.46;3898.68;4515.77;4609.06;5031;521591;545403;580453;599163;638678;693493;736050;1.36;1.28;1.44;1.14;1.18;1.17;0.91;11.37;9.56;10.87;9.02;15.8;13.75;11.47
Kubu Raya;5963.02;5861.66;5829.25;6174.23;6824.72;6781.46;6921;6596;7453;7417;6158;7953.49;6954.16;11862;8866.88;8818.51;8545.76;7968.15;9817.94;9498.4;15043;26722;28070;27778;27829;31098.15;26349.24;28969;3908.04;3528.65;4159.92;4359.52;4244.26;4374.21;4244;68332;69001;70630;58576;76040.06;62863.87;70740;30427.79;31503.61;33532.17;33134.69;31986.43;37268.24;39886;28855.88;35429;35642.03;34868.24;38406.1;35306.3;40276;15626;15725;17799;19110;18846.86;19524.07;20346;13651.57;14241.21;15000.31;14062.01;16057.61;16153.74;15528;1597.55;1831.46;2054.99;1728.97;2044.97;2270.52;2330;377302;401586;423430;431211;457367;492642;511815;0.63;0.75;0.62;0.47;0.4;0.56;0.36;18.86;18.43;19.33;22.08;21.45;19.55;17.56
Kudus;3719.33;3500.82;4423.64;4552.09;5412.29;5840.43;5772;10325;10451;10574;10925;16481.56;13018.86;15687;6684.3;6579.64;7259.98;8632.33;14181.34;11639.96;11554;13835;13495;15566;20226;22187.58;20415.94;19817;5140.51;5709.44;5433.48;6555.92;7095.93;6691.92;6934;76247;89774;87932;84316;89715.61;108195.93;135267;21186.04;19806.71;18903.04;21398.94;23170.96;28971.14;35180;23679.91;19551.88;30315.69;29453.62;31811.61;37045.38;39652;13363;11766;13765;20060;20949.44;20154.23;21699;14124.95;13104.14;15146.36;15894.61;17275.05;17879.82;16199;1354.25;1322.4;1806.23;2097.97;2503.17;2439.24;2134;393078;406470;429666;450992;482806;520830;550075;0.88;0.83;1.01;1.23;0.9;0.99;1.02;10.73;9.99;10.06;11.01;11.72;8.36;5.41
Kulon Progo;3237.41;3524.86;3793;3937.48;4994.71;5610.87;4813;11654;11413;10382;9184;14302.33;13320.18;14666;7857.82;8124.46;7629.42;8906.49;12381.87;14137.21;12571;6789;6651;7453;6940;9152.1;7621.31;6953;5285.47;5043.33;5017.63;5833.69;6407.16;9378.68;8140;65790;74543;73449;64454;73644.34;80371.55;79787;22886.52;25637.67;26679.66;27746.03;27626.32;34540.4;35504;15639.13;19164.89;15372.5;17532.18;23525.69;25842.8;27147;14131;13682;15992;18496;18397.11;21382.71;21149;11526.8;12113.53;13561.69;12792.61;14373.26;17215.81;14277;1490.96;2104.88;2283.39;2895.99;2829.92;3247.04;2224;323105;333781;353807;360202;381666;416870;438007;2.47;2.72;3.22;3.01;2.32;2.54;2.48;12.83;10.4;13.29;14.23;19.09;13.44;8.75
Kuningan;4000.3;4352.36;5786.48;6232.01;6834.45;6638.2;6376;12472;9156;13707;12420;11608.62;13288.22;12792;9342.63;10993.28;14203.49;14684.43;15909.04;15239.53;15134;8585;8026;10670;13037;12082.46;12203.6;10304;8397.81;8074.69;9285.06;9583.08;8373.46;8393.11;8868;84579;71917;105229;111270;103030.19;87750.02;94052;30801.18;29546.9;30411.38;31343.44;29294.11;34852.16;39337;30172.6;29230.16;37873.79;46512.67;43037.94;47658.49;45017;15927;14214;17339;24198;19185.47;19958.88;19957;10618.74;11981.16;16430.33;14727.26;14066.11;14092.77;15768;2051.7;1834.86;2496.63;3744.66;2933.76;3781.89;2710;332483;340775;352358;358069;371665;402767;420867;1.73;1.24;2.41;2.02;2.14;1.87;2.02;5.1;6.36;3.51;3.73;6.63;6.43;5.83
Kupang;1846.97;2019.54;2093.64;2225.05;2268.94;2687.12;2420;3425;3223;4348;3302;4342.72;5838;7087;7687.26;8171.04;13216.72;9733.2;13812.58;13951.76;19809;10725;12808;12786;11801;16156.8;13590.45;15291;2339.86;2586.48;3041.76;3748.84;4672.37;3790.14;3964;39093;38883;37821;31666;34156.06;43314.03;43467;42178.76;51271.21;52748.8;57697.48;54133.52;57545.82;65574;14347.36;17540.08;15771.01;13995.47;15862.7;17796.34;15387;14635;16809;20238;19671;21552.76;23859.22;24304;5020.53;6206.96;7625.86;8012.43;7228.91;7745.16;8375;976.96;464.33;750.78;1132.15;1616.79;2202.35;1312;336984;356463;379600;386577;425750;471901;486458;3.55;4.48;4.36;3.71;3.89;3.68;4.64;18;17.71;15.43;16.21;17.66;17.14;14.39
Kutai Barat;7488.42;7429.25;8228.74;8779.72;7606.58;10289.31;9285;29164;21254;22753;13027;12802.21;24313.32;26268;17108.85;22505.91;20416.78;21736.03;25401.42;27628.19;27566;32803;39762;43433;43543;45567.41;52762.65;47095;5208.63;4733.14;5440.84;5574.45;5361.39;6419.54;6366;62831;88371;106122;84454;101254.72;112253.3;137166;37624.16;37312.19;35741.43;36694.19;36166.6;42800.41;44292;37378.37;42937.15;43405.87;41059.24;52512.06;43905.45;54455;20217;18837;24726;23728;23096.25;29508.37;26342;17816.26;25550.72;24715.59;20547.55;23899.86;25208.47;24637;2506.98;2015.92;2282.72;3387.87;1885.38;3377.26;3459;517621;542393;583532;598037;635478;679660;716440;1.19;1.48;1.23;1.07;1.56;1.29;1.18;14.7;9.24;11.17;14.2;16.39;12.63;7.23
Kutai Kartanegara;6157.54;6546.31;6824.68;8313;8097.71;7934.29;7455;14100;13448;15599;11046;13575.14;16965.28;27137;11470.92;10855.57;13021.48;12905.08;15405.95;18363.14;22003;30431;31786;36301;35673;40412.96;43927.11;42484;6194.72;5511.28;6747.88;6372.13;6492.94;7288.88;7557;79646;85669;93711;75777;90980.96;108295.21;120145;30762.96;31836.16;33363.25;32116.83;33434.15;36900.84;46206;35766.4;32707.69;36819.03;38336.38;40290.49;43160.12;43737;20270;18834;26455;26400;28244.64;29668.61;31156;18963.2;18110.48;19782.35;18503.54;20481.83;20576.84;18972;1487.95;1854.23;2595.8;2328.25;3157.56;3666.04;3299;485435;503968;548423;569640;605321;644570;682490;0.95;0.95;0.91;1.22;1.18;0.91;0.65;14.3;9.34;11.14;14.41;18.52;10.59;8.06
Kutai Timur;7783.55;8001.92;8470.29;9772.14;9611.24;10212.95;10211;16171;20541;22997;16087;15603.98;23386.28;28065;17388.41;19765.18;19524.58;18847.61;22274.87;28073.27;26584;46214;43018;51189;42306;52186.85;50320.87;50152;6750.24;7356.78;7169.62;8090.39;7955;8670.97;7766;109617;114847;104076;112564;101898.21;134822.46;133521;36402.08;35523.08;39163.61;39330.18;38810.1;43920.18;50374;46991.14;49559.66;55670.11;52439.48;55775.45;57737.46;66870;26058;30573;33384;35914;35319.17;41103.2;33670;23896.36;24184.61;27183.32;25828.49;23264.17;28305.34;22782;2775.69;2988.88;2978.93;3152.59;3412.91;4453.81;3720;543442;569449;610858;626492;659136;714241;753332;1.49;1.9;2.02;1.64;2.33;1.2;1.14;9.31;6.78;9.24;10.9;16.35;8.7;6.6
Labuhan Batu;3340.6;2973.61;2861.41;3044.1;3390.34;4435.77;5120;10106;10552;10729;8146;11388.4;11501.39;12083;8982.52;9264.98;7473.29;7315.27;11228.77;11579.52;11591;36559;33232;31797;32929;38531.31;40496.03;47652;3510.7;3605.61;3491.68;3365.66;4075.36;4225.16;4561;78672;69263;61801;61756;67100.74;74777.27;83584;37628.69;36566.98;36979.9;34935.74;40561.5;45297.13;52043;41996.9;41627.03;37166.2;44807.34;39690.35;57038.4;56303;24306;20047;24765;23042;28185.38;29414.2;31898;13575.96;16080.67;14361.94;13156.66;13947.8;12842.56;17702;2949.39;2348.05;2798.84;2039.76;3096.6;3515.99;3393;368357;389402;425035;457021;489503;524240;556900;1.01;0.87;0.98;1.32;0.69;1.4;0.83;4.15;3.89;6.49;5.99;9.91;7.38;7.07
Labuhan Batu Selatan;3775.72;3255.06;3238.07;3542.72;3505.1;4497.75;3921;9189;10143;9627;10655;11868.67;11277.53;11344;9875.61;7782.43;7992.32;10822.75;10810.55;10489.03;12732;29764;31054;30779;33377;34098.41;36871.67;39020;4314.82;4266.42;3922.38;4815.55;5082.28;4915.92;4807;66076;68363;73395;68431;67272.14;80442.82;72432;40776.15;39225.06;40394.78;40312.68;39576.96;45231.29;52531;37948.8;39591.8;42561.59;50862.71;52487.31;56566.33;60575;26837;21655;24627;28292;29443;30877.75;34636;15009.43;13718.69;14163.38;14579.2;14260.66;14504.97;17197;3212;2718.78;2525.91;3128.97;3441.43;3574.95;3693;355517;368205;404819;426574;448994;486275;533535;1.42;1.12;0.99;1.22;1.04;0.94;0.93;3.75;3.79;4.8;4.54;6.73;5.33;6.65
Labuhan Batu Utara;2876.14;2749.31;3302.62;3097.94;3274.84;4244.06;3711;9546;10129;13718;11207;13991.62;12867.55;12927;7111.19;7492.97;7920.45;8655.77;9876.77;9036.1;8601;28190;32641;33484;34211;40794.9;42839.33;40635;3142.93;3056.09;3500.9;3888.88;3994.22;3854.59;4508;52410;63912;68461;64847;70586.51;78339.45;79253;38611.13;40765.28;37282.1;38732.88;37367.75;44833.82;50881;38097.99;41993.61;35389.93;41284.93;50515.94;51039.82;51663;20544;19628;23508;26270;27575.1;27626.03;32322;12683.49;11935.3;14216.34;14036.05;13093.23;13669.02;12933;1895.21;2255.03;2865.42;3186.95;3169.63;3563.98;3211;395696;422063;471678;497922;527922;573783;607292;1.73;1.66;1.87;1.07;1.17;1.19;0.89;5.25;4.4;6.3;5.52;7.58;7.69;7.08
Lahat;4732.54;5857.05;5859.04;5921.27;6967.77;8419.72;7820;9805;9394;12898;7862;10506.03;13417.57;21966;8528.09;9464.87;10056;9671.5;12784.96;16401.03;15388;18201;21694;20645;21623;23869.55;28780.45;28550;3913.94;4044.51;4208.9;4044.55;4691.69;5794.81;5344;40768;54711;54786;55151;70497.48;90804.87;86034;33476.81;36906.73;37718.25;36058.97;34102.6;44631.92;49258;34399.65;40874;36457.26;35900.37;49049.5;55345.38;54103;23332;21484;27885;26724;28954.92;33292.86;36505;11960.92;14762.56;13910.5;13893.5;16064.89;18077.62;16611;1592.46;2185.24;2275.2;2825.17;3346.9;3489.61;2388;419658;428309;457569;485142;513085;547203;582041;2.85;2.66;2.64;3.14;3.42;2.49;2.13;12.65;9.73;10.11;7.62;7.72;5.41;5.55
Lamandau;8004.63;8804;8337.57;10170.32;11207.53;10785.56;9985;15979;21040;21360;16881;20847.75;19992.03;28283;22843.09;28559.48;28606.54;35065.12;44896.47;37011.37;37169;43217;43954;47240;56152;60451.09;56271.38;53441;7037.34;7581.53;7662.21;9238.74;8692.5;9217.95;8464;77336;89947;95162;84104;102616.55;129033.26;103055;46083.22;43924.94;43298.16;45319.19;47576.73;50634.3;53730;49103.23;57944.06;53245.46;57648.59;62715.15;66606.32;81056;36524;32388;39688;49053;46493.25;46471.69;45544;20942.71;24476.37;28688.23;28473.97;36368.25;29941.32;28250;2542.68;3621.54;4683.96;5975.05;5466.6;6304.29;4300;411088;430656;479514;539744;588591;634710;673768;0.34;0.22;0.36;0.56;0.37;0.33;0.61;5.58;5.31;5.52;5.74;6.98;7.13;5.06
Lamongan;4780.24;3845.5;4514.63;5328.74;6551.92;6355.64;5460;12062;10566;13115;10893;14586.84;15942.04;14356;9240.99;9202.88;9138.9;10538.06;13131.17;14494.34;14839;20333;19424;22101;22798;28038.26;30432.84;25628;5983.33;5376.66;5936.52;5902.58;6172.96;7047.32;7452;92952;73726;84106;86678;101595.11;114189.41;105803;27626.18;28938.23;29212.88;29085.04;29401.45;36908.1;43714;29918.46;29386.45;30850.36;42358.92;45826.61;49250.97;47906;14333;12156;16143;22023;21464.99;25696.87;23014;11034.68;11314.39;11910.9;14215.46;13181.92;14196.84;12403;1266.03;1568.29;2021.22;2123.73;2465.45;2730.73;2103;360444;380220;397980;419309;446601;481969;524636;2.83;2.53;2.71;2.7;2.13;1.73;1.88;4.59;6.13;6.02;6.41;5.91;5.06;5.3
Lampung Barat;4644.34;3949.84;4141.82;5364.56;4930.34;5884.46;5488;12193;8326;16102;9590;9920.51;9867.55;21380;6733.81;9875.19;10839.8;9757.85;10321.25;8945.3;9223;18234;19561;18845;19643;22714.64;20534.42;20423;5385.14;5009.98;5524.81;5987.45;5771;7608.89;6727;51726;40913;46481;49718;52205.32;73200.47;71664;42180.66;38441.22;37914.8;39610.2;39732.54;41257.31;50995;33846.03;38801.4;36529.22;40681.38;40376.1;44719.21;57581;22808;20957;25193;31215;27375.45;29645.37;31524;10141.53;10842.99;11024.14;13223.5;13077.48;11940.73;11971;2357.21;2171.09;2129.16;3743.52;2950.98;2817.19;2606;391444;400662;443313;457478;495283;530803;563531;1.84;1.86;2.01;2.69;1.89;2.34;1.51;9.22;8.95;10.98;8.63;12.82;8.5;11.17
Lampung Selatan;3907.73;3853.53;3936.18;5683.8;4488.23;6099.82;5115;14637;9068;10537;10526;11484.02;13627.88;21347;7564.59;8151.56;8291.94;9299.68;11686.39;12717;12310;15679;17850;17189;22251;22944.41;26280.53;22290;6365.97;6155.22;6235.65;7796.51;7937.29;9106.12;7601;56110;69514;59164;65788;69070.94;78581.8;68204;31058.08;29285.21;31335.24;32916.47;34748.36;38522.7;44656;33173.59;37028.24;36909.33;43766.79;45239.07;49283.76;51643;20532;19054;23577;32354;28390.09;30089.01;30775;12644.93;12548.42;12919.84;13716.92;13479.18;16160.07;13628;1377.94;1270.62;1862.26;2856.42;2541.11;2733.69;2284;375868;389236;422328;439421;470857;508494;528226;2.47;2.32;2.52;2.37;1.87;2.16;1.94;12.7;10.43;12.33;8.79;13.06;7.61;9.91
Lampung Tengah;3752.95;3832.14;4198.08;4463.63;5766.65;6317.51;5457;10765;8452;9895;8466;10133.52;12119.04;17218;6208.89;7183.83;7478.59;9077.49;11220.55;10718.01;14096;13513;14102;14075;16117;17658.15;22519.54;22510;5278.33;6085.18;6204.49;7045.39;7433.36;8459.47;8760;52908;62943;64563;58128;58338.45;79048.54;78069;31065.16;30161.88;27997.3;29303.89;30256.03;37220.54;44462;25408.31;30445.21;31869.14;32480.64;37523.73;47316.71;40458;19038;19835;22080;27401;26072.88;30665.28;32513;12474.5;14096.26;12412.25;13002.89;14160.57;14142.91;16693;1055.78;1528.7;1705.64;2631.14;2582.14;2920.86;2851;385132;394338;436777;450232;474289;503645;526313;1.62;2.09;1.63;1.76;1.64;1.57;1.66;13.75;10.96;12.46;11.42;16.45;9.35;10.25
Lampung Timur;3908.16;4049.73;3690.94;4478.04;4757.55;5036.92;4314;11711;8120;9122;9038;10080.68;11115.14;12661;5647.22;7361.39;6870.95;10218.88;11128.26;10439.38;10458;14529;13181;15157;16733;19277.41;18332.14;17079;6071.78;5827.88;5945.38;6125.14;7051.3;7567.34;6708;50892;54022;65233;49024;61268.29;64768.01;61159;29456.7;24927.48;28975.26;29823.79;32052.08;33829.66;42539;30037.98;31021.66;34034.88;35688.17;40766.49;40259.81;42181;19103;17630;20856;25025;26150.1;27637.41;26791;12082.1;11247.67;12337.7;13506.05;15253.79;12785.86;12354;1407.44;1265.47;1592.17;2261.63;2934.68;2315.06;1566;352173;360610;398298;411200;433965;465856;497183;2.91;2.5;2.5;2.45;2.31;2.11;1.57;13.24;12.07;12.3;11.79;15.41;10.59;11.54
Lampung Utara;4051.84;4841.94;3441.94;4794.2;5591.25;5274.02;5077;9185;8259;7428;6796;7855.88;10540.22;11665;6136.52;7279.7;7523.12;6161.35;8737.16;9261.28;8058;15357;16817;15394;16231;19313.18;21253.4;19431;5185.73;6138.72;6318.06;6250.81;5343.83;6469.14;7218;36934;45028;48734;46332;48590.98;48084.11;52009;35198.63;34002.54;31209.25;32991.21;31481.3;36158.6;41543;27869.3;32747.49;31608.32;35278.9;39739.22;40066.73;46492;19529;20714;23587;27587;25452.83;27128.94;30295;14398.75;13640.45;13413.24;12872.66;12821.55;15037.31;15454;1069.57;1629.43;1280.7;2270.1;1877.73;2199.45;1914;390927;400248;441045;451876;475290;510098;544994;2.96;3.72;2.88;3.3;2.95;2.37;2.3;14.28;11.71;12.46;11;16.5;10.28;10.36
Landak;4516.75;5037.32;4782.7;5496.16;5929.18;6920.87;5672;4686;5340;8942;5809;10926.4;10596.71;18662;15469.73;16667.45;15397.42;19753.19;22146.26;24823.12;22525;23695;25270;24459;31149;38705.73;42258.23;39655;3545.61;3310.66;3011.27;4281.8;5019.28;4716.36;4739;35917;43257;40582;50864;60490.49;86530.74;69495;42663.78;44740.76;43676.55;43401.47;42567.2;48417.24;55328;27967.22;29557.69;30155.51;39294.06;37930.38;44842.66;45300;19030;20708;21771;25151;30801.07;32958.26;31145;12281.81;12952.57;13808.39;13894.37;15527.8;15449.72;14318;1587.68;2155.42;1682.97;2227.97;2366.58;2686.83;1700;351942;374117;385314;395486;414536;451681;473797;1.82;1.71;1.54;1.29;1.4;1.32;1.48;23.02;22.76;24.23;20.44;18.71;10.43;10.89
Langkat;2095.25;2813.67;2302.4;2947.91;3520.26;3720.82;3509;7105;8858;8992;8821;14222.34;13092.38;11878;5786.16;7063.46;6261.33;7032.85;12205.39;12466.64;10909;22779;23439;22449;28342;32900.86;35365.82;32884;3705.08;4058.32;3622.4;4550.9;5495.63;5460.74;5162;61149;66525;61507;69541;73713.55;71833.2;77643;31726.19;31381.08;32520.66;34749.61;35533.54;41054.64;46112;32008.85;34529.81;35371.28;37203.67;38424.89;44891.5;51440;19032;19484;22224;27458;32024.43;32145.82;35056;11457.7;13963.49;12925.42;13249.49;14921.49;16081.15;15575;1627.32;2143.8;1983.87;2670.66;3758.58;4216.64;3220;382536;392050;412422;432371;453383;483543;507996;1.68;0.9;1.52;1.17;1.33;2.22;1.18;7.79;7.31;9.61;7.96;10.74;10.75;8.82
Lanny Jaya;7132.14;14302.54;13650.06;20710.34;22921.8;18001.32;25818;5943;12586;10951;18903;21086.13;17747.09;26829;3116.9;5500.48;14200.51;24960.25;23921.63;30457.1;38422;7650;7850;10604;14609;18011.6;16628.9;16678;29.09;92.64;547.03;185.15;1021.11;862.29;614;6803;8673;11895;20372;20482.74;21185.84;39093;31809.56;53831.88;54814.79;80972.58;92733.04;83178.01;104997;38341.02;41811.14;41196.44;72186.94;72411.42;69647.8;85624;53138;67027;61247;85420;105059.11;95145.65;126042;6076.54;5995.3;8906;16859.92;21322.29;21616.32;31933;167124.45;172623.16;151942.32;235876.73;262902.45;225053.04;287964;451802;464328;490508;537322;564670;625677;816044;14.59;16.35;13.87;14.87;13.73;13.15;6.73;35.19;30.9;24.81;24.85;22.36;20.07;12
Lebak;4847.72;4695.45;4282.2;5520.74;6966.93;6136.47;5968;13292;13757;13806;10539;14744.85;12261.71;22967;7402.85;7492.02;9913.9;12972.73;16752.04;14047.33;12240;17495;17294;17261;23096;25751.98;23825.18;22043;6325.96;5218.88;5510.07;6736.94;7440.27;7804.28;6973;71840;75732;84541;83280;99584.83;94773.25;99909;39212.23;34971.62;32897.08;34091.96;38762.79;41838.04;54070;51448.34;54328.85;58687.88;61445.07;74122.21;60597.97;65754;14760;16260;16523;22422;22639.66;22498.33;20970;9534.83;10978.13;10204.96;11386.72;13390.38;11357.05;12237;1614.07;2369.66;2261.11;3596.49;4121.79;4128.49;3304;283901;298201;334509;358479;380681;419066;440705;1.26;0.97;1.14;1.66;1.35;1.73;1.02;3.84;4.02;3.14;3.87;3.45;4.82;2.52
Lebong;3701.56;3973.81;4163.19;4128.39;4798.87;5455.21;4599;9249;9093;15597;9946;10177.88;11225.56;22115;9236.1;10733.94;11033.12;9306.87;12728.69;13509.63;13707;19942;23350;21657;24606;25312.87;26367.41;27799;3659.88;4486.9;4422.46;4408.61;4690.37;5160.51;5159;59066;59570;64391;59165;62573.05;71539.05;68464;36922.16;34181.36;37566.2;34776.81;35013.61;43388.54;54883;43676.72;46480.14;41106.76;49689.45;51584.65;60137.72;59222;25910;24163;29494;31125;31277.35;35973.86;41218;10916.46;10126.2;13222.35;11480.68;12557.56;13793.82;13115;2273.65;2295.45;2682.48;3249.83;2563.92;3767.25;2927;389973;404368;424637;440127;472738;507046;532432;1.63;1.27;1.45;1.42;1.15;1.45;1.3;10.36;9.37;8.03;9.51;12.66;9.94;12.38
Lembata;1568.97;1174.97;1362.06;1544.12;2119.33;3066.25;2718;4293;6359;7225;6986;9463.94;11707;10462;3405.31;3843.29;3388.32;5913.63;2847.2;5174.67;4935;18876;20965;19463;20202;24332.56;28582.32;26286;1907.32;2401.09;2431.64;2419.84;3662.36;3430.69;2117;17278;20150;23338;19275;27463.02;42182.19;42878;45739.59;45484.25;46212.96;47726.67;45611.82;55704.18;60290;14713.08;16919.2;17581.18;24742.14;22988.16;27710.18;29560;13890;15559;15700;17177;19191.61;22439.16;18830;5388.8;7164.75;9189.06;7281.35;7615.2;9913.34;10767;1656.51;1311.41;1393.73;2396.65;3296.04;2876.27;1637;353957;359792;388577;421901;464542;508575;517948;4.48;5.03;4.77;5.64;4.84;4.56;4.35;19.49;21.82;20.04;17.93;18.36;15.85;12.5
Lima Puluh Kota;2895.19;2664.75;2605.41;3486.42;4805.38;5417.94;4758;10151;10662;15038;10683;14164.6;11427.08;15183;8323.64;7945.31;8299.11;9096.17;14632.37;12336;13908;22769;24173;23107;28496;30024.02;33275.55;33639;2988.96;3117.14;2842.96;3112.8;3959.76;4732.34;4235;81712;93540;98517;103685;107745.64;106256.16;113575;37773.49;42494.03;40362.37;41434.6;42968.9;54238.13;57901;36928.79;40182.34;39432.25;45197.48;47946;53161.17;57276;24457;19668;24512;26980;29297.64;31754.02;41642;11806.38;11245.99;11021.38;13076.92;12637.56;13743.85;12226;2922.91;2626.47;2739.59;3096.65;3780.73;4587.32;4402;388689;403030;451295;475123;504670;553068;582794;1.09;0.51;0.78;1.21;0.92;1.07;0.77;7.04;5.3;6.12;6.36;7.24;6.85;8.83
Lingga;6538.69;5774.09;6286.36;7219.76;8300.03;8782.06;7926;10328;10459;10179;12389;13708.83;12766.86;17625;7403.72;5710.61;7345.63;9622.72;14277.67;10713.09;13039;35866;41498;40524;46019;43920.88;45245.04;50902;3219.23;2909.3;3386.47;3560.36;4128.36;3837.11;4082;73462;82314;89337;95579;79388.31;74779.56;86025;35713.91;36247.81;37082.69;34886.54;32611.47;34779.66;38385;28314.38;27615.72;35883.8;36308.77;39279.31;41029.35;38834;19285;19804;21432;24999;26152.53;24921.24;27163;15495.76;16374.46;16622.93;18149.11;18608.54;17215.51;15039;2159.29;1915.16;2354.55;2597.43;3600.54;3263.75;2459;411387;429764;472384;484088;507223;540936;562906;2.25;1.97;2.32;2.98;2.53;1.6;1.25;10.09;9.65;13.47;14.38;17.33;24.11;20
Lombok Barat;4781.36;5735.9;5608.57;5210.42;6314.38;5641.83;4847;18403;16166;19265;11494;12505.61;16824.48;21800;10345.63;15066.03;14041.44;14084.99;15403.4;15156.26;14530;21515;20854;18019;18000;22654.77;22272.28;19022;6606.5;6698.02;6601.71;6310.92;7159.68;7879.37;6008;81749;101264;93967;88554;89509.84;108123.21;106333;40816.27;35676.8;33500.19;31078.44;37999.46;44781.1;58324;27176.18;32824.58;33954.67;30919.17;31761.53;34216.49;35740;20194;17605;21163;26549;24316.65;27058.78;23964;9422.26;12121.96;10003.35;8769.7;10896.51;10721.03;13005;1669.51;1495.95;2042.53;1805.22;2010.94;2028.32;2030;412487;431862;439595;466495;503509;546421;576478;3.07;3.42;2.91;1.7;1.82;1.78;1.84;4.13;2.04;2.4;2.32;2.83;2.42;3.35
Lombok Tengah;4059.41;4330.08;4606.52;4653.78;4706.5;5165.53;4702;15946;11683;15660;10289;10881.81;15943.08;16847;9163.06;11100.68;12346.4;13542.85;12642.25;14036.09;13796;16515;15798;16213;17679;18012.48;19633.35;21448;5676.84;5964.58;5934.36;6383.69;7058.41;7773.09;6802;82042;78243;80245;94163;106270.19;98748.73;90156;36145.33;34794.01;32538.71;32234.5;33718.18;38041.74;51167;23788.56;27683.78;29081.48;35664;31421.72;35063.85;37009;20944;19759;23646;29810;29097.35;28121.54;27690;8306.41;7901.82;11219.96;8917.39;8957.01;9256.18;10495;904.66;838.18;1375.61;2150.19;1541.64;1947.48;1236;386676;404633;421439;447200;480657;520852;549400;2.31;1.56;1.42;1.69;2.01;2.12;1.56;6.15;3.68;3.56;2.18;2.82;2.98;3.84
Lombok Timur;5077.03;4624.8;5215.34;7000.29;7102.88;8007.97;6402;16634;10135;14044;16076;17321.69;22106.79;30949;9557.79;10069.88;12368.59;16590.58;18848.92;18344.04;15560;14819;17247;18621;28409;27788.56;28854.87;28690;5741.68;5841.32;6148.72;9218.38;8661.15;8771.37;7038;66109;72419;76295;94429;115202.58;114962.25;105055;33781.74;30935.85;33143.59;38410.76;38986.07;46650.34;64685;16607.83;21348.36;21447.78;21069.71;28128.2;28571.48;30333;19816;18193;22854;38320;32766.88;34013.37;30906;9240.2;9085.45;10081.79;12142.23;12700.75;13090.11;13250;1206.08;1683.66;2013.04;3323.75;3215.73;4332.16;3382;414721;430727;447263;472304;503525;546404;583957;2.67;1.48;1.84;2.88;2.58;3.57;2.66;8.52;3.18;3.43;0.98;1.32;1.52;2.37
Lombok Utara;4900.41;4389.31;5136.56;5538.96;6271.23;5429.11;4533;24707;18683;22457;11835;22205.89;26677.85;21475;12910.69;12451.3;15126.88;15690.92;16475.1;18114.71;23899;19569;21265;19856;19388;30477.35;30960.9;28283;6210.82;5149.3;5964.21;6129.63;8075.13;6903.73;6973;67468;69360;78989;66566;81545.74;87220.17;78321;36778.58;33218.83;34729;33605.41;43996.54;48378.98;61206;22102.94;23961.88;23878.62;20880.74;20044.74;25727.06;21175;21821;17719;21364;26671;29476.54;33479.33;27007;11152.96;8878.73;9798.29;9579.3;10267.07;10324.71;10844;2208.4;1745.86;2093.96;2636.89;3943.85;3623.87;2537;416705;437543;451721;478906;514755;556462;594789;6.98;7.39;7.09;5.69;6.08;4.44;4.81;4.91;4.09;3.65;2.91;2.92;2.66;3.04
Lumajang;4200.42;4166.17;3913.31;6100.66;6365.43;7359.21;6277;9773;10203;9358;12316;13286.88;17356.12;20599;6311.83;8223.67;7668.62;16549.86;16187.21;19047.58;15907;14301;16541;15405;22777;22694.76;25995.17;23804;6363.12;7717.54;7102.68;8600.45;9042.65;10621.48;9443;60496;63857;62347;75974;90990.18;105977.9;107097;33082.96;28363.66;28327.46;32831.57;38245;40077.77;51061;21680.43;21610.62;23059.27;30289.81;29525.06;35309.55;34095;14251;13917;14170;21397;21414.6;26352.34;24844;9508.89;8781.85;9096.89;12017.13;12496.87;13563.53;15964;1766.03;2223.07;2592.82;3635.79;3970.06;4841.03;4422;281461;296633;318196;334906;352776;386995;405136;1.38;1.09;1.14;1.57;1.34;1.41;1.23;8.6;9.42;11.29;7.84;9.25;8.77;8.44
Luwu;4091.05;3293.37;3611.2;4071.01;4149.74;4247.74;4082;15848;21159;20714;6753;12671.72;17777.47;20035;6063.15;7205.76;6125.49;8520.52;8514.18;8328.23;9253;26553;22532;28023;27749;27633.48;29505.41;34088;2924.92;2767.34;2655.32;3003.66;3053.48;3583.22;3336;57752;50494;53423;55074;56785.7;58871.37;54687;32354.82;28191.53;35278.18;36566.94;35598.26;40029.03;43520;29904.86;29528.8;33855.94;33764.66;35814.49;35166.32;39724;11384;10135;13346;15272;15023.42;15915.11;17843;12286.31;9650.06;11741.02;12288.24;12643.94;12941.31;13243;2550.37;2305.02;2076.7;3001.66;2865.25;2836.34;3008;305722;318911;347539;359925;381015;414118;433898;2.35;2.71;2.12;1.77;1.9;2.19;2.05;5.42;6.93;10.74;7.76;11.78;7.61;6.8
Luwu Timur;4877;4526.7;4438.18;4760.41;5659.74;6188.42;4624;13737;24337;19240;9733;19731.49;29350.52;24407;6383.64;8043.75;10714.61;11899.5;9491.9;10188.16;9918;27030;27572;28527;34030;36463.8;38314.78;36943;3886.7;3708.39;4235.72;4288.49;3791.52;4612.53;4453;61387;69916;61641;60573;66525.49;70781.99;71279;35056.16;33150.39;36540.9;40211.59;39453.26;43156.13;47253;34752.92;37511.88;34159.42;38808.71;43268.54;47029.02;53866;13844;14031;15536;18016;18115.58;18919.69;20552;16007.77;15193.11;16901.88;15490.58;14662.17;18599.78;17949;2599.67;2009.14;2308.26;2561.72;2641.62;2540.69;2349;315478;333739;350576;371947;394158;438178;460356;1.16;1.11;1.05;1.09;0.8;1.46;1.31;5.3;6.3;8.49;7;8.77;6.85;5.23
Luwu Utara;3822.76;3382.02;3593.51;3507.87;4080.23;4897.7;5422;11150;16729;16759;7377;18104.71;23371.98;28463;4737.12;4546.35;7729.04;5335.62;5856.59;7088.9;8817;22747;23339;27307;28293;31603.1;34752.6;37493;2788.48;2712.08;3300.85;4234.96;3719.48;4294.3;5045;63867;60948;51457;56354;71733.83;73338.38;75887;33552.05;29125.65;31731.98;31150.94;32376.59;43726.5;48795;34438.81;34453.78;40587.82;50378.75;44417.71;49196.58;53770;10800;10252;13994;14742;15515.91;17613.85;20412;10598.02;11331.38;11667.78;12615.74;11667.67;14932.83;16314;2617.97;2304.18;2383.86;2670.16;2621.29;2500.59;2869;329967;342277;354669;368716;382251;414548;431980;2.43;2.55;2.29;2.07;2.26;2.2;2.1;6.21;8.69;10.81;8.53;9.05;5.38;4.16
Madiun;3963.16;3208.08;3239.35;3645.51;4814.23;4993.36;5486;10950;11812;10357;9668;10511.16;13329.86;14818;7751.88;7343.08;8211.04;8386.64;10297.07;10517.68;11537;8831;8462;7471;7911;9096.82;10020.07;10857;9110.38;8045.84;6802.2;8259.1;8032.14;10237.41;9292;74311;67715;71490;67460;76089.43;69924.21;85009;29110.36;28743.65;22647.02;22543.49;22608.1;29546.61;38496;22510.45;24216.78;26081.7;23185.78;29470.68;30021.26;37543;18137;13646;15972;22328;19768.48;23835.35;24463;15625.08;12965.78;14597.46;11905.96;12342.46;14987.89;14553;1603.66;2027.84;2304.32;2612.29;2199.73;3202.18;2725;327536;344994;364638;380287;405127;437296;460205;1.6;1.53;1.63;1.65;1.67;1.47;1.4;7.71;9.48;10.71;13.43;14.09;12.46;10.97
Magelang;3346.44;3859.54;3913.25;5059.97;5214.53;5590.04;4892;10537;11710;10914;8964;10946.27;13519.47;14372;6408.37;7237.21;8700.39;10010.96;13753.32;12777.5;11626;5499;6110;7431;7179;6876.31;6936.95;6920;5483.79;5436.96;5355.23;7469.91;6921.43;7576.94;6665;64444;70292;68559;65492;67491.76;75223.77;83912;24354.66;20394.87;23168.86;24717.4;24062.85;28936.92;32205;21325.13;20868.08;22640.45;26736.57;28644;35105.16;35556;13723;13733;16459;20428;19013.62;21101.06;20080;11231.39;12842.52;14868.52;14433.07;12680.23;12383.6;12320;1270.18;1633.84;1976.88;2184.9;2138.62;2686.84;2130;296327;325921;342430;353608;377497;411129;431289;1.55;0.98;1.23;1.63;1.66;1.73;1.23;14.13;14.54;13.75;15.23;15.84;11.23;11.24
Magetan;3203.3;3540.59;3924.21;5530.63;4056.23;3816.66;4282;9571;10806;10270;10765;12178.15;12430.27;15295;8083.47;9410.96;10428.71;10958.1;12195.76;11713.86;13024;6776;8492;7597;9077;9755.88;8707.44;10464;6352.55;6838.3;6651.48;8184.55;7982.94;8408.93;8548;76946;74067;67535;64422;86207.6;84140.28;78324;26863.98;25867;26902.93;29371.56;27543.73;30903.95;34266;20997.25;21099.03;26297.11;24807.92;31182.66;33813.09;32439;15423;14715;17950;23865;22701.91;23692.2;23636;12985.75;16033.37;15513.23;15060.21;15104.55;18328.15;17268;1941.41;2356.07;2593.11;2921.89;3077.27;3120.07;3325;319909;336989;354936;371182;396696;431203;455119;1.16;1.56;1.2;1.54;1.55;1.11;1.09;8.74;8.23;9.05;10.51;9.67;9.29;11.19
Mahakam Ulu;8048.64;9627.71;8225.32;8575.94;8585.21;10476.43;10613;28142;20912;21847;9918;7910.56;16696.53;17121;20521.3;29312.67;40001.57;38412.51;30873.98;38935.06;44078;46553;54580;53417;49784;54425.81;68362.23;76255;3607.86;4493.66;5237.01;5696.07;6840.35;7861.06;8766;42422;76194;51574;59617;75478.67;109327.46;77964;38964.78;46598.07;49159.86;51549.17;49873.6;57574.2;66270;32055.54;54028.67;46340.02;56751.01;38232.43;46630.71;57860;28012;31269;33133;30688;35650.64;46242.24;45625;16970.38;26461.2;25850.49;19703.35;22474.62;26576.56;24817;2120.6;3831.09;3919.01;4904.93;5517.93;6294.72;5732;566944;588756;631517;644910;684644;740683;792742;0.33;1.94;1.46;1.77;2.08;1.02;1.64;9.98;5.48;8.2;10.76;18.22;13.82;8.18
Majalengka;4684.43;4967.16;5510.44;5990.14;5984.94;6702.09;7169;11303;11109;12359;11451;12746.55;12705.82;14795;10259.07;11022.08;12855.81;14321.68;13562.32;13196.68;14254;7785;7816;7563;9520;9326.21;9518.52;10415;6051.14;6933.05;7045.09;6493.35;5995.34;8684.68;7502;98129;97831;121662;108532;86063.63;101318.93;106492;36928.8;31853;32723.26;32145.73;28305.45;36094.07;46602;35690.03;37871.98;35764.63;40788.7;43970.04;45414.02;42922;11346;12662;15342;18919;16226.7;17507.96;20069;13236.27;13990.29;15053.29;12557.95;12998.86;14639.29;16274;1688.25;2075.41;2460.68;2689.99;2160.86;2827.71;2781;440776;445184;453201;466813;483319;520713;547912;1.96;1.39;1.41;2.44;1.55;1.34;1.76;5.66;5.13;4.17;4.94;9.88;7.9;5.95
Majene;3058.54;3474.82;2934.86;3625.49;3729.6;3878.02;3818;8917;11242;11601;6459;6812.17;7691.69;15450;850.48;1064.64;1398.09;2255.02;1812.96;2073.36;1613;26094;24721;25105;29583;25520.99;32066.05;27949;1717.29;2301.79;1885.99;3309.76;2280.05;3604.24;3407;61723;66712;60878;54168;58091.56;61208.7;65072;37604.9;35800.19;37277.1;41382.73;36347.92;43345.53;45532;23975.06;23714.84;25190.87;25425.78;25627.71;22172.86;20224;9132;9926;11962;12647;12578.55;14816.74;16204;6320.63;9266.42;7475.42;7915.74;8125.4;9200.56;7911;946.99;822.04;746.05;2074.43;1205.62;1913.51;2190;349522;360362;384344;399350;433111;461255;482173;2.61;1.99;2.21;2.03;2.6;1.87;1.82;9.63;5.37;7.45;9.86;9.25;6.66;5.47
Malaka;3480.94;3093.74;2720.76;3090.37;3059;4204.35;3994;3181;2010;3739;2699;3836.5;5499.22;8370;16546.06;12554.3;14165.44;15666.28;15224.41;13498.25;19737;12062;15479;12717;11781;14920.69;16835.15;18836;3936.32;4225.63;4305.35;4812.39;4795.86;4418.02;5609;32453;27793;31709;28718;34679.7;44530.86;57704;49720.41;49608.55;50049.34;49131.29;60003.69;57484.47;67340;12583.65;22514.85;17700.81;16552.27;21776.21;25676.97;22311;16114;17751;19342;20148;20861.61;21971.87;23525;6132.98;7429.16;7113.04;7743.41;7062.63;7748.34;9498;2113.16;1027.89;1526.26;1527.9;2311.07;2730.64;2646;330899;348919;371812;378824;419292;458399;474853;2.05;2.81;2.48;2.04;2.24;2.3;1.99;13.79;15.55;15.42;13.77;16.49;15.13;12.18
Malang;3891.82;3251.86;3560.96;4781.35;5034.76;5617.16;5440;12270;9595;11471;9511;10333.57;15208.75;17556;6929.68;8457.08;8120.76;10201.19;11200.38;12141.84;13212;8701;8817;9034;11393;10897.21;12890.56;12184;7333.9;7647.2;7051.29;7759.93;7428.19;9384.56;9542;74323;78060;67809;66358;70905.99;90886.24;90050;28833.09;27089.35;27533.83;29213.32;28849.64;34632.74;36489;26076.82;27478.46;26263.77;29577.28;32302.78;39300.72;41322;16141;14765;15828;22669;20029.15;24829.39;24736;13234.43;13229.36;12434.38;12243.28;14127.86;15622.54;16580;1763.84;1952.95;1868.43;2695.57;2531;3262.11;2508;314550;329512;338156;348695;367579;399647;420334;1.67;1.57;1.37;1.41;0.92;0.98;0.98;8.52;7.95;10.59;11.05;13.2;8.47;9.42
Malinau;5465.58;6731.6;6366.33;5998.77;7525.88;6994.09;8627;11480;11468;19546;9127;11662.19;8046.33;18345;20462.03;28640.67;25324.8;32844;31189.92;31029.45;40348;38806;41344;43623;38861;44290.45;46947.09;58988;4934.93;5078.66;5448.13;4019.46;4797.49;5365.19;6130;84993;68231;94779;58016;75986.83;75494.1;83129;42336.47;43002.81;42040;42594.16;49310.76;47724.8;62270;35866.85;37302.97;47486.04;37445.89;47179.76;48995.4;58580;27707;27306;29341;31116;37199.93;35605.27;40769;19044.45;20911.17;24134.54;14921.18;19382.2;19560.52;24537;2851.89;3387.13;2510.77;4648.19;4690.18;3645.53;5207;539742;585654;616161;650444;692605;749933;791037;0.93;0.85;1.16;0.85;0.73;0.37;0.57;10.9;11.28;10.73;16.35;19.89;16.44;11.44
Maluku Barat Daya;2561.92;2467.86;2332.2;2807.95;3641.1;3720.76;4993;6375;7614;10361;9249;10011.64;11683.07;18819;8530.1;9708.46;7703.49;9950.1;12277.92;15525.02;17619;21774;24543;31614;33787;35468.77;32972.24;41428;2324.32;2386.83;1627.99;3740.38;1779;2917.68;2362;19086;25880;38658;37359;31923.13;38183.25;43170;43319.83;51438.47;51302.65;55567.26;56620.46;68514.8;78629;12019.36;16958.88;21811.34;23102.73;20902.12;19553.34;17782;19751;25096;25423;27931;30532.09;31385.39;35449;7673.24;7475.62;11623.91;15742.74;11976.53;13524.54;15661;2194.25;2476.91;2577.14;3861.74;6209.45;8738.33;6056;441211;468842;521899;535594;586021;658036;686428;5.81;5.41;5.46;5.7;3.33;5.58;3.52;44.64;37.44;36.29;25.98;27.22;26.59;30.33
Maluku Tengah;3236.37;3032.68;2874.53;3387.42;4595;4827.22;4337;7306;9897;12395;8670;19562.29;16205.13;23904;3227.82;4928.16;3724.31;4306.3;6417.5;5581.47;6846;31826;28041;29148;30806;33540.28;38172.92;34242;2670.24;2603.4;2758.9;3345.12;4055.62;4141.11;4156;47472;45931;46297;46864;62668.8;54389.3;51979;37322.95;38474.86;39419.46;39279.08;44280.52;45713.47;49489;28957;24654.05;26357.57;26861.86;28522.81;35069.67;38584;20664;20382;24955;25918;32273.86;31254.69;29592;9386.21;9483.38;10795.22;10340.04;10851.77;13069.18;11790;5899.53;5857.45;8018.53;9695.3;7722.11;8434.03;8222;431512;474224;503800;515582;542782;589125;614323;3.25;3.67;4.05;4.03;2.75;2.78;4;37.73;42.08;43.07;35.1;36.9;34.62;34.3
Maluku Tenggara;2796.74;2493.25;2315.28;3131.71;3093.74;3783.11;3962;7754;8628;12546;10626;13299.2;12157.78;17975;2191.83;4636.28;3813.94;4607.71;6023.85;6346.64;6495;23270;30628;27150;31474;30527.28;36109.01;39822;1050.13;1429.82;1505.13;1661.68;2258.2;2447.52;2395;31730;35268;37279;35985;48604.15;47063.24;45657;37630.07;40246.6;40343.23;39225.23;41548.78;44752.07;58166;15555.8;22481.67;20189.14;18731.08;24117.42;28275.26;32118;21372;21217;23924;23783;25558.66;25384.71;28337;8104.68;11936.67;10907.97;10686.6;10902.41;9631.6;11491;7613.99;9791.47;13288.09;17743.98;13364.72;15090.7;10023;436927;464649;517821;549047;595041;669140;695738;3.96;3.78;4.26;3.23;3.78;3.85;2.65;35.4;30.79;36.42;32.05;28.78;31.66;30.97
Maluku Tenggara Barat;3261.83;3159.68;3450.08;3409.66;3013.31;3465.83;2812;6602;6286;5491;4857;6625.27;7724.67;9985;6950.46;3987.35;5819.26;6015.68;2865.72;9047.45;4088;29233;31326;33093;34837;34354.72;35255.1;31859;1687.08;1204.86;1641.21;2242.61;1852.27;2164.33;1182;28940;36066;38581;34927;33497.06;27682.57;24372;40352.07;52267.56;51072.39;48580.12;50585.08;51125.98;65135;20959.62;26117.23;24273.2;22813.66;29223.61;18677.62;22435;19765;22009;23376;24355;26976.87;25207.35;26329;11652.7;9569.81;10732.06;12288.7;10841.61;12316.54;10542;8209.25;4297.88;5738.13;5889.51;9147.74;5819.18;5037;398729;423823;479402;506106;546300;615768;645956;5.64;3.92;5.9;5.1;4.48;4.07;4.23;40.28;36.58;37.05;35.01;35.03;34.05;35.83
Mamasa;2271;2679.5;2462.77;2779.32;2857.27;2509.56;2926;6546;7721;6411;3874;4147.96;4650.09;15856;8102.12;5908.57;7433.68;10428.2;10629.94;10481.31;9962;19897;18329;18367;21879;18650.57;19197.56;21868;1895.26;2160.54;2610.07;2324.06;2276.33;1639.67;1828;42632;39894;42538;31928;37471.02;51679.88;49208;35550.34;40205.66;35205.6;44366.89;40928.87;41586;44036;21438.73;24439.38;23392.3;22643.66;21329.54;24494.28;25886;12157;11324;12795;13326;12133.23;13421;14377;7448.05;9108.68;7768.84;8585.39;6537.3;8112.62;7181;2290.35;2044.78;1938.15;2536.44;2703.03;2159.93;2109;249103;256544;273513;283758;312206;329768;347008;2.24;2.19;1.71;2.25;2.09;2.17;1.75;14.41;13.25;17.71;15.41;17.58;14.95;7.16
Mamberamo Raya;2615.68;2003.5;1710.5;7708.82;3165.06;3632.3;4660;3929;12710;7606;10651;9918.17;13691.36;13490;11216.56;25400.27;7256.3;16021.73;15759;17052;22418;29440;52564;39185;41555;40232.19;106565.41;98726;284.5;241.38;15.16;1502.46;578.34;41.68;132;10625;32238;37389;53363;28222.95;46106.59;47115;14575.29;14684.14;16180.14;17360.36;18496.53;23222.86;27386;22916.39;22317.92;24108.01;39981.22;43994.47;48299.42;57060;16424;36512;18005;29997;20844.09;24890.09;28171;3125.07;2137.88;4148.37;10178.04;6590.28;6087.81;5554;17294.76;28381.85;23634.64;21494.29;16391.6;26174.91;29720;666886;683779;727830;769848;803286;834564;861147;4.38;6.87;4.12;3.53;5.66;6.25;3.37;59.93;48.64;47.87;38.99;51.4;48.03;52.1
Mamberamo Tengah;22616.34;9893.55;8740.8;8328.71;3324.79;7683.38;7140;13807;14196;12036;21139;35322.4;37785.26;35590;21038.12;31694.24;29270.93;34286.51;32729.5;39061.24;40981;2145;8529;15784;6246;1989.23;2362.04;2352;2037.52;2216.27;1846.9;804.48;1450.01;547.5;684;27;3305;2410;2494;2678.59;3905.26;4489;25852.18;30770.61;32931.19;23726.52;41148.34;38681.7;36464;20934.39;31206.52;23107.42;16405.8;30923.29;26848.77;26586;39059;42866;47077;44886;110812.84;106927.24;111515;393.3;1608.98;5414.32;8601.23;5019.84;2715.61;2894;98788.19;161034.54;152291.88;137244.56;182170.89;179014.81;158199;375753;388619;412574;449409;475436;526584;713489;8.45;14.5;9.11;6.51;7.61;7.89;5.1;46.6;39.53;35.51;51;20.15;26.1;29.91
Mamuju;4052.26;3526;4168.6;4502.76;4831.4;5124.86;4661;8238;10908;14707;5525;5777.7;9332.83;16675;4064.62;3467.43;4477.3;4284.26;5299.83;4622.32;7610;24931;25705;26582;27116;31364.67;33804.99;35468;2749.88;3136.18;3194.64;3085.72;2995.75;3621.42;3700;45524;50245;51385;32389;41102.87;63669.18;59425;37577.82;39391.86;39483.57;40962.94;40762.24;45714.54;50473;29351.84;29413.39;35640.94;38442.97;35466.22;36240.33;41073;11279;9998;12256;12117;17086.88;16701.62;18413;8619.07;8050.78;9284.91;7516.87;10100.14;10000.37;11226;1761.65;1256.68;1930.34;1521.39;1114.27;2502.98;2644;252429;259969;277078;287896;319586;340795;356903;0.79;0.84;1.06;1.08;0.98;0.79;1.12;10.21;6.96;7.91;10.41;9.04;7.35;7.37
Mamuju Tengah;4708.67;4413.4;4369.81;5134.25;5135.36;5363.73;6458;7924;9139;17332;8610;9869.75;9208.28;15068;4100.51;5585.79;5772.94;7358.57;6070.18;5702.16;7210;23635;26475;28836;27700;32541.17;28314.34;35161;3825.86;3703.12;3219.83;4718.46;3812.18;3980.22;4860;43653;46115;38066;52005;48264.31;50704.1;60538;40292.42;39527.12;40657.37;43389.87;40181.93;45287.97;49306;30775.21;33785.35;36455.55;40479.71;45124.87;46923.83;42686;13717;14071;15614;18996;17359.77;18035.72;21713;8241.58;10234.41;9388.89;10820.32;14163.37;10027.24;13093;1471.98;1623.61;1860.2;2162.88;1864.37;2229.23;2446;236699;239592;255440;265413;290030;309227;324888;1;1.37;0.88;1.15;1.15;0.97;0.92;8.32;5.33;7.32;7.83;6.98;7.4;6.18
Mamuju Utara;6147.24;5144.37;4612.14;5649.4;6949.78;6221.15;6578;10175;13352;17747;10470;9756.43;10611.87;15378;6484.24;4969.98;6766.91;8365.08;6108.2;5331.66;6101;35229;27720;28423;34765;35636.88;36967.15;37580;4514.53;3842.02;3645.41;4835.01;5527.57;5444.86;5404;66473;57439;60522;56547;71762.64;68513.36;81636;41375.69;39564.98;41868.23;43383.64;38693.93;50983.89;51147;40590.17;34690.5;40481.3;46578.44;54800.79;59712.24;66947;17000;15654;16822;23163;22314.04;21845.86;23441;14230.02;12625.36;11073.16;12557.87;15732.19;13206.04;12850;2624.01;2100.76;1900.52;2772.14;2321.78;2825.25;2697;330226;332145;354115;367941;404318;432269;453038;0.47;0.46;0.36;0.55;0.9;0.72;0.66;5.61;4.53;6.35;5.38;5.19;5.48;4.97
Mandailing Natal;1658.76;2053.84;1964.3;2325.05;2531.02;2800.94;2585;5594;8813;11127;6999;8473.93;8924.06;7379;3587.91;4458.55;6744.7;5718.05;7589.77;7787.1;9135;21773;25644;22752;24611;31919.05;32374.35;31497;2934.65;3117.26;3887.3;3647.12;3897.65;4717.96;4626;59428;71069;66066;64328;71361.56;75272.46;86444;46841.57;45446.79;45239.58;42491.24;45794;58302.5;59434;40430.51;50604.61;39904.4;46463.63;52665.18;55391.28;49637;20298;18965;23275;24445;28227.01;27488.23;32294;9322.54;9464.56;10471.05;9674.1;9930.89;10238.23;11101;2405.1;2330.69;2810.78;2949.58;2864.53;4098.46;3630;336820;356058;400721;423017;450345;487436;519553;1.48;1.01;1.14;1.44;1.15;1.48;1.11;5.27;5.38;7.21;7.25;7.83;9.03;7.1
Manggarai;2494.9;2554.58;2404.28;3242.68;3625.21;3283.81;3108;5270;6552;6077;7231;9357.77;7374.87;7129;8210.87;9795.4;9935.69;15513.43;13355.44;11266.35;14643;13079;15518;16608;16915;19040.92;17753.29;17682;3347.01;4881.92;4743.34;5571.44;5063.2;5137.98;5094;48352;54618;50430;53610;45961.44;53930.74;62771;42230.5;49963.69;48309.84;49375.67;53256.24;63892.48;70066;21548.07;23327.51;24794.6;29002.1;27845.64;30328.38;32028;19179;25284;23212;24841;25719.47;24373.69;26575;6790.17;9654.22;10341.83;11327.63;10733.18;8693.52;11022;2921.68;2506;1829.42;3624.68;4050.49;4603.28;2689;311833;316910;340633;371531;407261;443908;454625;3.19;3.48;4.53;4.83;3.34;4.63;2.88;11.61;9.79;11.11;8.84;11.33;13.62;11.03
Manggarai Barat;3382.16;2531.85;3125.75;3080.97;3134.26;3575.72;3555;9402;6514;6242;8398;8527.34;9965.59;8872;7599.31;7515.68;6226.15;14409.09;9523.17;7425.18;9821;17959;20549;21494;20407;22598.4;20142.34;20224;2664.94;1918.94;2177.8;3236.11;2744.92;3453.58;3039;53241;61817;55675;57836;57185.95;54172.74;50599;54424.3;53945.76;54277.44;51532.38;56217.52;55990.15;66442;23023.89;29366.84;28632.78;30165.42;31244.38;39678.43;42047;18471;19128;21946;22579;23559.21;23477.22;20825;8793.32;8101.35;10642.88;13006.54;11703.71;9678.49;10050;2060.09;1245;1022.28;2036.48;2691.41;1640.22;1676;313380;318546;340094;370943;405746;444474;458834;3.42;3.39;3.09;3.55;4.44;3.59;3.55;8.78;8.51;9.9;7.78;10.09;10.39;11.03
Manggarai Timur;1911.62;3008.28;2065.82;2874.52;2413.94;2916.89;2890;6315;5361;5274;6274;7416.81;5610.25;8049;4115.3;4665.15;4692.9;11242.06;5614.5;6021.87;11606;9273;12239;10255;17125;17839.84;15162.96;17547;1336.41;1809.12;1675.93;3242.66;3612.71;3249.69;2795;31416;47720;38744;37101;40307.45;36157.15;33626;63520.62;58785.98;64897.39;60722.71;63678.48;76923.54;79072;14391.89;21280.25;17400.57;22271.47;30647.57;27138.69;36188;14827;15672;14788;18618;18135.62;21473.82;17728;4021.83;6600.96;5345.62;7399.82;7307.96;7406.47;6200;4669.18;3399.85;2379.88;3440.18;4177.77;4434.2;2604;313593;318762;344642;373972;411670;446504;458116;4.56;4.74;4.5;4.96;5.27;5.57;5.14;13.1;12.63;13.52;10.5;13.04;12.9;13.14
Manokwari;5594.8;5625.6;5509.35;5454.57;5951.68;6718.24;9385;18203;19035;28549;12223;22662.61;25248.95;14924;13844.54;12060.72;14464.51;20168.41;21195.78;29606.11;26222;33281;37459;36663;34503;49478.97;40969.62;44744;6078.39;6189.81;5684.43;6118.63;7938.3;7521.95;7912;68240;96655;83015;61159;72011.37;86311.43;99233;32827.37;30886.12;34020.89;38147.65;38843.78;40327.17;52428;30391.08;46130.1;39357.9;46149.62;39476.95;47585.3;61446;26195;28130;29487;30071;38543.39;36317.49;40226;17417.72;20630.26;18500.86;17755.51;19568.53;16688.68;20147;7388.41;8295.68;7059.52;6450.26;9590.18;11568.1;10295;575114;629074;651032;663438;690028;752635;802749;4.17;6.41;5.87;4.96;3.69;4.16;3.3;22.17;16.85;20.9;28.74;28.7;22.6;22.18
Manokwari Selatan;4079.62;5003.34;5340.9;5226.06;6571.3;5543.17;7616;13389;22796;22492;10901;26373.26;25931.65;17536;11912.67;13496.35;18046.63;22555.1;22387.47;19698.01;30949;37027;35819;38462;35501;50221.23;46095.57;39497;4329.55;5757.22;5490.45;5702.7;6683.37;6505.11;8445;53423;68424;73578;60072;72828;74040.89;98152;34397.93;31214.94;35316.16;35752.87;36127.37;41201.89;46829;34039.07;38444.61;44298.9;35340.53;40087.09;61766.24;59082;23606;25995;29887;29662;34179.88;35608.03;44533;13991.96;13428.04;18515.13;13937.32;18759.74;12747.99;21957;6437.62;8134.28;7576.55;9774.99;13614.44;11279.51;16645;578734;635595;678494;686235;702674;719773;734246;8.52;7.77;8.61;8.92;8.99;7.45;5.17;20.49;21.17;20.77;26.34;30.42;27;20.01
Mappi;4678.94;4032.12;4549.1;4187.32;4977.59;5309.28;5904;9963;13056;7409;5794;17959.85;10183.66;16344;17812.97;17642.1;13798.08;14727.99;19730.22;17317.13;17832;37789;30891;28392;32478;24366.94;37591.56;39295;1760.43;2177.14;842.51;1154.78;1618.31;2146.67;3114;22257;25127;18983;21030;27738.6;37846.82;31144;17231.96;17434.34;16967.03;18775.39;23100.28;21319.36;23518;17892.42;24612.01;36624.85;30068.81;34607.64;20544.88;28089;26648;20059;20911;18124;24040.83;23915.15;27609;9303.92;6275.66;6028.64;6146.05;8881.73;10125.12;11707;26824.93;19546.69;17787.04;21064.68;22100.6;23036.71;25194;301237;330427;351801;375922;402212;427352;480727;5.07;4.66;4.99;4.46;3.9;3.12;4.58;40.61;50.58;45.62;56.26;39.54;48.88;46.32
Maros;5083.48;4917.7;4858.02;5698.33;5695.6;6301.78;5493;12498;14428;12569;10463;12115.58;11810.84;17225;4328.86;4689.21;7896.46;6196.24;9314.64;8825.44;9908;28037;24665;30222;31780;36320.97;32544.52;30034;2948.27;2938.23;3224.03;3500.25;4076.19;4632.87;3805;78788;79504;77445;72281;70161.94;79658.66;68455;28860.26;27276.18;33469.76;35239.02;35179.91;38791.4;44486;31927.53;32592.43;30898.42;32813.18;32495.54;36622.91;40900;11883;10977;13489;15253;17991.49;17235.02;15981;12080.93;13287.97;16985.76;16685.35;14528;17782.4;15430;1495.76;1043.69;1164.08;1875.61;2689.16;1863.7;1255;376749;405944;414324;424637;450275;510040;530070;2.19;2.5;1.45;1.61;1.77;1.89;1.06;4.52;6.16;7.83;6.27;9.72;7.15;7.23
Maybrat;4606.38;4450.13;3464.61;5143.28;4364.91;7067.92;6881;13802;12073;20753;10722;11691.12;15531.71;25357;27717.27;34348.73;32414.12;26913.02;27720.13;24121.34;50038;45581;37212;53436;63976;70104.93;66043.49;70931;8856.97;3870.34;5501.19;3710.28;5832.65;5763.56;18282;45309;63092;39997;60523;54607.84;98797.61;107075;32231.3;27490.23;36964.62;37695.62;40323.52;40361.86;40546;25217;36447.94;24060.82;42704.25;50439.94;60366.28;57396;34654;32996;37379;44962;39381.26;43433.42;54497;11149.46;11379.12;13072.26;13314.67;12226.57;13978.23;21364;23222.98;27263.78;30468.76;28630.64;32088.61;34864.81;44279;335912;359500;383715;396386;479977;515069;565725;11.15;9.67;8.01;9.09;9.13;8.09;4.48;20.05;18.15;25.91;22.18;19.49;18.13;18.16
Melawi;5206.74;5055.92;5271.1;6573.11;7515.18;6843.34;6206;5060;7890;9062;5750;10407.88;8159.18;13838;17268.98;19130.88;21767.69;23624.3;26619.54;28537.68;29037;27532;23338;28018;31132;40013.31;35479.52;29199;3159.18;3344.63;3484.1;4100.12;4551.88;4573.34;4206;38356;36712;50452;50754;70164.23;65203.49;56566;44556.36;45336.66;46172.7;44900.43;42932.58;44025.71;45356;30079.96;33223.85;35589.78;45085.08;49584.96;51212.87;50390;24969;22257;27195;31667;31703.05;33164.8;29312;12838.89;10974;12416.47;14869.79;16438.57;15643.06;15311;2384.36;2279.79;2149.11;2200.36;3041.93;2953.78;2140;509138;534933;550535;570434;602209;640608;666972;2;2.24;1.63;2.21;1.83;2.47;1.72;25.22;26.88;26.96;21.08;21.43;19.73;20.28
Mempawah;6055.26;5781.28;5123.89;5524.28;5199.92;5844.09;5704;6640;6686;7670;6298;7426.82;7955.94;14660;11287.92;11789.34;12030.02;11004.14;10420.56;14828.63;13288;33272;28997;32060;32905;33187.26;34516.98;36903;3861.13;3765.68;3998.82;3691.46;3893.39;4147.66;3827;62861;65488;60039;56707;73320.1;80502.22;79554;30524.73;32540.26;31002.18;34459.44;32707.97;38259.35;42676;35331.79;30231.01;37163.6;35239.01;37633.62;40144.55;43887;13995;14925;17458;16848;17940.15;19773.69;20225;15794.62;14691.39;15479.45;13406.93;12994.45;14029.54;14192;1513.75;1660.41;1676.34;1803.52;1719.87;2389.3;1968;337350;360962;379808;387948;414334;444790;471845;0.86;0.8;0.41;0.52;0.42;0.52;0.49;17.96;21.54;20.71;23.22;21.96;18.88;15.19
Merangin;3765.1;3751.89;3322.35;3756.69;3542.83;3896.46;4176;13389;8607;10400;8366;11459.59;10264.84;34066;12917.09;11654.03;10182.1;12699.97;15385.38;11032.46;14800;25533;24483;20394;22519;26450.39;26068.14;30865;3973.1;4085.77;3886.04;3766.03;4076.96;3792.68;4039;61237;69081;62845;54112;67523.88;69095.26;69400;36035.48;34845.24;35868.53;38387.98;34213.71;36514.91;46090;34636.41;39496.41;41029.86;32576.2;47817.17;49462.03;55681;31424;24927;30494;34226;30346.37;30888.62;43442;12964.68;11242.63;11648.18;12589.27;12312.14;13864.32;11314;3266.37;3086.78;2624.07;3745.06;3793.8;4008.76;3798;374250;406466;440156;453696;489880;537492;617011;1.86;1.39;0.94;1.25;1.21;1.02;1.18;10.13;9.39;10.06;11.91;13.28;15.14;10.21
Merauke;4596.01;5920.2;5996.86;6653.08;8000.67;7950.93;5554;13445;24077;23344;14307;26650.69;17845.38;18663;17045.88;23649.27;26776.83;31784.1;26634.38;28770.15;22314;33584;39794;37618;39379;43677.9;36602.41;34664;5886.5;7117.04;8444.85;8832.23;9639.12;8683.97;4194;70281;95261;97183;81638;120553;103818.32;46847;25754.24;34116.42;28076.51;26459.41;29995.86;30489.95;29532;43026.88;51866.16;49146.49;50818.86;49944.26;46531.77;50056;24327;26205;28058;36285;42800.7;36495.43;34504;16842.02;20383.84;20909.64;20032.27;21464.74;20164.18;14347;4163.14;5360.04;6534.96;7271.76;8280.36;7733.71;17701;345965;346502;366296;387443;408710;434596;484224;2.06;2.4;1.53;1.46;1.67;1.96;1.98;33.62;25.89;20.21;27.39;24.37;23.02;14.29
Mesuji;5063.55;4361.11;4319.76;4739;4733.28;6056.22;5474;11719;8957;8234;7989;10395.39;9775.46;15057;9503.93;9512.08;8618.53;9404.21;10229.18;11143.6;9146;18947;16450;14093;18096;19964.55;21672.7;21256;5843.23;5611.69;5548.24;6333.35;7263.44;7674.85;7889;48872;50791;45387;46909;60152.72;61254.76;65847;37820.38;28889.48;30183.67;29140.81;32982.82;37770.43;45635;32736.93;40824.94;32678.22;36702.92;48510.1;46464.67;49745;25738;21566;22639;29448;27680.18;31242.66;34132;12908.25;12993.41;13159.29;13021.89;14346.87;14224.86;13290;1342.51;1240.33;1446.98;2280.64;1866.57;2321.63;1929;370497;382020;423133;436653;459977;525183;555729;0.82;0.93;0.88;0.83;0.65;1.18;0.83;9.28;9.07;12.27;9.76;11.88;8.75;10.25
Mimika;5452.03;4619.74;4862.91;6320.54;5366.61;7057.4;7645;19789;14813;15132;14590;14474.35;16130.21;18250;25475.79;19419.13;16506.53;18986.18;22789.56;23784.82;21467;42754;46092;42368;52457;35223.76;57059.44;46839;7165.44;5774.8;4876.91;5829.79;5464.9;7069.39;6810;125206;92451;82458;87306;88002.05;87983.05;106451;33045.03;34116.75;35270.55;32591.56;33730.32;36408.83;37718;46358.08;43212.34;49533.47;48081.39;44119.52;51281.22;63280;38487;31474;33075;40056;39326.67;44222.83;44876;25262.76;17410.06;15196.38;20614.42;18857.82;21439.94;19602;6903.56;6998.4;6817.96;12559.59;9818.43;7240.44;10427;762184;836301;870355;936862;1002327;1056252;1099143;3.81;5.51;3.59;2.53;4.05;3.96;3.82;20.43;25.5;23.02;27.33;31.44;28.76;22.09
Minahasa;2952.5;2754.45;2625.16;2968.62;3604.42;4293.25;3968;11813;16199;16806;13859;14722.94;15057.59;26534;10690.58;11991.75;11401.74;16004.69;20305.43;17290.91;18640;28890;26087;26442;32037;34657.82;34957.78;39873;3326.62;3283.71;3279.94;3525.41;4436.7;5288.33;4873;99791;96085;90636;81447;112068.61;107691.68;120765;34481.26;30567.56;33739.35;37516.31;36780.5;44407.95;47384;26500.11;29602.98;29709.66;28691.76;33750.23;32713.51;41158;21614;17241;18299;25732;30886.28;28148.16;28282;13408.87;13555.97;13212.33;13999.35;14620.99;17248.4;18690;2962.09;2628.98;2119.53;3543.5;4488.8;4929.76;4504;261388;275444;285596;299072;308634;338802;352693;1.17;1.02;0.82;1.31;0.91;1.51;1.38;3.17;4.14;4.77;7.32;5.38;5.42;5.51
Minahasa Selatan;2034.24;1998.86;2961.13;2789.99;3023.56;3106.29;2960;9588;12750;18696;14076;15017.46;12156.72;19912;10597.76;13124.92;13224.92;14807.59;18710.88;16285.68;10664;27233;29899;27288;32548;36687.69;34779.18;35348;2635.49;2379.71;3032.47;3966.49;4265.18;3451.74;4509;64519;81427;66227;66928;69348.65;74139.73;77537;34366.73;33442.63;35635.01;34235.57;42168.77;46678.46;56234;23012.67;27675.16;24224.3;23454.81;24119.82;40681.64;32518;19830;19360;20180;27085;31646.35;27150.3;26227;11781.88;11625.53;13041.39;16590.31;14108.86;16006.37;16663;3110.11;3312.52;3195.06;4474.34;4959.51;4102.08;3632;303738;324860;336715;352603;365119;394739;435428;1.63;1.31;1.02;1.19;0.93;1.14;0.79;5.68;6.13;6.87;9.48;9.66;9.15;8.38
Minahasa Tenggara;3103.32;2784.42;2375.68;3678.3;3873.56;3904.48;3782;12807;15269;20277;12975;12471.87;12897.59;21162;8518.14;9660.03;8774.83;13736.32;15673.72;14111.36;11508;32666;28995;30459;35613;33651.44;38066.5;41018;3081.58;2208.22;2906.85;3117.36;3528.52;3786.99;3902;73755;63356;82031;70820;75995.16;88531.79;74410;37165.58;33905.3;37156.2;39165.75;39437.94;47797.44;50805;27401.82;26206.03;29502.96;34840.95;36308.14;39596.88;37979;21920;18119;19515;23440;27721.84;26948.4;25075;12956.05;11044.48;13016.34;13345.45;15070.19;15090.37;13395;2939.02;2051.91;2206.84;2606.57;3383.17;3895.63;2571;305919;325896;332966;346746;356988;385636;402654;2.5;1.7;2.27;2.39;1.89;1.47;1.53;4.18;6.32;6.45;8;8.11;7.35;6.93
Minahasa Utara;3012.78;3162.97;3877.75;3931.09;4204.51;4489.28;3471;12379;16258;19699;12944;16804.03;15333.74;20941;8919.27;9970.36;12633.83;13677.18;15766.63;15356.59;14100;33488;35752;37897;35088;44324.46;41149.98;41439;3874.21;3436.1;3748.33;4116.87;5625.11;4687.57;4218;90101;100128;98811;85260;84745.74;90807.09;91831;34350.14;34512.45;35253.85;36653.7;39957.37;42575.41;45310;28433.63;31727.42;33388.26;27507.42;26122.22;34448.79;31350;22741;24562;25332;29439;33697.62;28834.16;27192;14563.56;16084.35;19252.95;16257.7;19411.71;18290.12;18560;2943.53;3593.91;3850.4;4613.88;4633.46;4082.51;3160;300764;321679;333535;347938;362428;391699;427412;1.15;0.87;0.98;0.85;1.16;1.13;0.73;2.92;3.79;3.62;6.91;6.87;7.11;7.47
Mojokerto;4478.82;4618.5;5001.7;5298.8;6379.55;6406.33;5130;13752;14933;14584;14762;16023.84;17301.27;16997;13196.58;13392.66;12757.48;13832.91;16215.67;17630.7;15664;16550;16775;15708;19298;19711.13;21396.3;19205;8181.8;9159.09;8064.04;8418.23;9515.9;10417.71;9306;86590;101835;104525;97448;104946.48;111939.35;100613;28866.08;28065.5;28491.75;32532.83;31709.41;34654.56;41578;31069.72;31181.68;36444.72;40326.64;41478.68;51142.68;45689;14931;14828;17045;23544;22256.77;24443.53;22487;15543.3;15742.41;17458.34;15412.33;16002.63;18714.18;16623;2087.26;2908.42;2607.52;3455.39;3273.32;3607.7;3141;370610;394003;406043;417784;445608;486520;508618;1.81;1.29;1.95;1.59;1.37;1.73;1.01;5.66;4.03;5.93;6.6;7.65;6.61;6.94
Morowali;6936.08;6051.32;5977.06;5936.62;7103.58;7968.35;9742;23337;31660;24278;10161;19822.83;22292.7;30445;8177.46;5972.36;5880.02;9244.34;10781.79;9346.97;8211;36378;34674;40436;46227;47406;58014.02;64162;3254.61;3053.14;3945.74;4507.39;4112.5;5753.53;5269;92951;74529;72574;73274;81753.73;88014.96;102301;35179.92;34257.34;37151.81;37543.55;37087.37;44425.34;58666;51093.47;51562.52;53363.99;58361;68516.48;71488.29;83807;15325;17265;18946;24677;27915.96;33179.72;33774;18147.73;14751.1;15002.78;16213.85;15133.69;17763.7;21083;4479.87;4418.97;5019.51;4360.83;4051.55;4979.17;3893;402292;428744;463140;478409;507523;553185;590027;3.05;2.12;2.48;2.11;2.03;1.52;1.79;2.75;4.63;4.97;7.03;6.69;7.9;4.14
Morowali Utara;5099.31;4604.64;4927.1;6190.86;5638.11;6540.11;7066;13204;19688;20953;10750;15138.75;22592.53;24296;7494.4;7077.08;8769.57;12388.53;17296.78;13718.48;16400;34170;31143;34715;36546;45010.14;44364.01;55602;4882.41;3694.86;4192.92;4988.44;5520.38;5643.35;6566;55535;53140;60711;55494;58280.66;94083.97;84148;39153.17;36106.13;37956.88;40057.27;40756.38;48001.3;57917;33149.22;37946.96;45553.69;46293.99;40194.33;62114.68;66954;19161;18372;22712;26191;28559.97;28256.77;30364;13724.88;12619.94;14121.64;14603.47;15302.24;15906.88;18129;3174.88;3017.8;3601.4;4149.24;4311.41;4484.59;5244;412942;441554;474170;486511;519441;556204;594137;1.76;2.9;2.95;2.35;2.18;2.33;1.89;6.09;7.95;7.41;8.75;7.4;7.1;6.31
Muara Enim;6717.35;7309.82;7129.89;7624.08;8374.96;7773.04;8886;9846;7271;10997;8253;9254.2;9349.83;18674;7410.75;9008.97;9287.9;10397.86;11825.45;11266.11;13980;17683;20101;21038;21724;23033.16;24547.58;26372;3988.36;4047.16;4548.47;4595.12;4502.26;5027.24;5465;52722;56866;60602;56600;65630.19;60830.83;74472;31459.81;38221.36;34152.51;33994.18;33294.85;39609.23;45626;33044.33;37164.66;32332.32;38459.2;37174.14;40118.06;46121;18308;16744;24056;24253;23250.15;24179.42;32935;13119.68;14249.51;15282.73;16770.59;17488.88;14678.63;18945;1979.95;2224.72;2980.35;2778.57;3058.49;3625.27;3311;353012;367761;390342;405782;426216;467396;491107;1.91;2.1;1.94;1.66;1.72;1.92;2.14;11.05;7.74;8.24;5.73;6.84;6.13;4.86
Muaro Jambi;5393.7;5341.08;5534.98;6262.84;6717.12;6899.1;6916;11843;9862;15175;13259;15933.04;16372.42;26176;11648.64;13142.99;14527.94;17028.49;18370.66;17191.8;19284;27241;24648;26051;30862;30123.78;28618.42;34668;5008.68;4723.19;5075.39;5715.18;5439.24;6640.45;6371;60796;65950;66371;67323;68877.9;92504.11;87684;32802.77;29342.56;33503.72;33141.81;33547.32;35706.37;44835;37766.25;32988.64;39688.24;35778.82;46664.48;62378.77;59592;28583;23020;32367;39138;34119.93;36123.06;41603;12141.56;12591.46;12985.07;13380.54;13014.72;17216.32;17015;3533.31;3197.19;3898.12;4698.05;4345.61;4739.95;4627;353583;375372;409104;425294;462035;535244;617948;0.68;0.39;0.31;0.47;0.4;0.62;0.48;10.14;9.48;8.17;8.54;10.92;11.14;7.78
Mukomuko;3865.76;3703.66;4210.46;4031.79;4757.45;4915.23;4394;12880;11592;18321;11976;14508.62;14188.99;25043;13720.85;11318.46;11363.75;12558.1;16973.92;13128.67;13413;25419;25414;25534;24941;28988.61;32492.43;33711;5013.36;4288.86;5209.1;4562.85;4498.79;4975.42;5448;63697;65240;72834;71617;66505.38;80915.69;85290;43702.34;39198.8;39837.45;35648.54;39536.61;45655.31;50277;44512.88;46940.38;53077.87;50920.14;59976.78;72115.35;77134;30977;25001;33405;32920;31741.58;38906.7;47994;14514.92;13581.28;15102.02;12702.1;13741.53;15850.9;15830;3123.52;2761.92;3320.63;3004.92;2961.83;3660.99;3141;411795;426737;448127;464473;494426;534660;566069;1.7;2.19;1.52;1.88;2.05;1.54;1.56;5.01;4.78;3.64;5;5.94;4.86;5.56
Muna;3667.84;3486.72;2914.7;4104.52;4273.8;3529.89;3082;7227;11992;10861;7301;7984.14;8218.95;11569;1070.06;2198.41;2068.76;1399.4;1369.3;3198.29;2074;23308;22846;23930;26245;26626.29;24148.12;22151;1845.55;1961.48;1850.02;2845.41;2659.04;2732.81;2045;49365;42054;55501;52121;51911.53;48268.53;39773;30194.95;30062.66;36853.31;37944.72;38700.77;42936.78;43867;18080.31;19597.55;18409.3;17930.56;20536.24;22914.9;19845;10597;11277;11759;13563;13573.77;13144.96;11556;8157.43;9927.64;10527.11;11034.69;8687.67;8140.36;8076;899.23;1077.59;1006.86;1809.91;1821.44;2103.07;1030;314928;342948;358333;368922;387114;419071;434750;1.7;1.71;1.86;1.9;1.57;2.21;1.87;8.7;11.26;12.04;13.86;22.55;13.98;19.36
Murung Raya;8515.57;9444.1;9691.46;9422.89;11032.6;11271.08;11809;11429;10493;10159;5890;7850.26;11163.14;11817;17165.38;20872.38;18270.99;21810.52;25309.1;27416.43;24485;28859;33779;27745;30009;40258.5;38776.75;35934;4386.35;4953.19;3578.76;4198.12;4501.87;4693.43;5019;60894;61415;45919;53446;59367.32;67101.56;67986;41350.47;40385.36;41305.48;39251.43;44595.24;49580.39;51237;40660.63;38214.12;40732.52;37750.01;37879.38;44002.7;44213;22125;23132;20639;24997;28381.41;29256.82;28701;19091.17;16940.43;17833.42;20142.82;16672.24;21379.02;19918;1758.77;1782.57;1654.08;2454.23;2454.36;2875.69;2554;442639;462334;492693;510939;550105;607650;646759;1.2;0.69;0.87;1.09;1.11;0.9;1.04;6.04;8.41;9.59;11.29;13.6;8.97;8.71
Musi Banyuasin;6800.18;6458.73;7494.76;8567.84;8227.01;8816.15;8222;10622;9727;10962;11505;12998.56;13450.81;23586;9034.81;11518.96;11436.79;16262.61;16111.5;14733.43;17596;21261;22718;23729;28514;31394.19;31626.39;34740;4578.94;4102.97;4757.14;6002.59;5662.56;5997.31;5852;44893;44204;47750;53567;52254.6;64426.05;85660;34269.57;29233.96;34778.14;34400.16;32568.22;41672.31;42819;42578.56;33945.61;43186.16;37479.88;43864.81;53788;54138;22236;20546;27925;30847;31874.1;31327.43;34415;13673.66;13689.7;13982.74;16181.6;17475.48;18443.89;19896;2477.53;2254.75;2979.76;4440.68;4510.57;4123.06;3884;466822;486476;519797;537774;566393;593258;594355;3.41;3.37;3.67;3.1;2.95;1.77;2.02;8.15;7.98;7.64;4.95;6.21;4.58;4.41
Musi Rawas;3678.38;4695.44;4386.66;4886.92;5574.75;6193.13;6732;7851;9672;10485;7117;10207.39;11769.25;23514;7347.05;8860.75;9619.7;10025.17;13942.13;14856.6;14827;13574;17212;17549;18253;20650.05;20343.45;23733;3699.25;4328.4;4970.15;4955.47;5092.35;5637.69;5988;45298;57456;57968;52862;59034.75;65824.89;73734;34438.91;35180.57;34571.85;34705.24;32480.83;38791.29;51112;28994.91;33745.02;41736.13;34908.69;37252.89;39464.76;45277;19714;21026;23886;26401;25120.2;27380.74;31922;9588.43;10301.69;13163.45;11137.66;11324.51;12723.1;14649;1933.92;2752.54;2396.5;2671.78;3518.66;3675.4;3643;427595;437854;467766;493675;524110;564151;589926;2.25;2.21;2.05;2.43;1.94;1.99;1.87;10.91;8.33;8.9;7.12;8.67;8.12;6.83
Musi Rawas Utara;5792.84;6248.75;5937.18;6344.44;6206;7351.27;6351;8059;12610;11042;9239;12083.85;11348.22;18995;9002.41;9282.25;10566.61;13287.98;15591.99;15344.25;16154;19331;20612;21249;25187;26587.74;26584.06;28804;3209.85;3391.59;3712.84;3755.34;3951.61;4087.03;3811;48744;58959;65049;62228;67184.8;65568.02;76353;41096.5;36208.36;35910.42;35992.78;37153.61;41643.98;49923;38627.86;45873.9;30783.91;34281.76;37308.35;47901.82;47374;23852;20801;23221;25591;26635.31;27627.93;30521;10632.7;11933.28;11305.36;13060.86;10918.19;16436.47;14041;2433.75;2010.36;2737.86;3709.58;3547.7;3933.98;3120;456844;470485;504598;532273;565070;604903;638089;4.64;3.27;3.24;3.02;3.07;3.33;3.07;8.63;7.51;8.31;5.55;8.12;7.49;6.5
Nabire;4787.34;5591.49;7469.49;7867.56;6486.17;7605.15;7906;11610;9441;20225;15765;9618.4;14243.54;13415;24333.86;32310.49;26945.34;31548.62;22247.57;20020.53;24736;42708;42492;49503;59918;41037.31;45563.27;41298;5673.84;6896.3;8333.71;9302.94;7429.31;8445.98;8099;56720;64081;92174;93235;71522.52;77499.37;83491;27500.76;31898.92;32287.52;35865.55;32943.07;39049.79;43296;46031.8;38724.38;52649.82;53944.96;55180.94;54980.79;47864;26676;32417;39417;39095;34325.3;39310.91;41768;12908.96;19173.23;23347.51;24511.18;19981.92;19614.81;17024;7507.93;7311.35;6818.97;8288.61;6537.24;7974.34;8888;579470;579753;612872;665325;705953;771751;833652;7.87;9.93;9.26;8.41;6.8;8.02;5.85;34.95;31.27;21.73;23.86;28.68;28.08;24.93
Nagan Raya;2687.86;2581.92;3615.09;4832.46;5509.18;9173.35;7409;8697;9065;11408;14819;19421.26;34462.66;25445;6503.55;5951.76;10901.01;13311.84;24576.79;59200.27;28418;28106;32646;33095;43188;51813.51;96484.7;63025;3727.61;4021.68;4776.48;5228.86;5931.28;8891.08;8180;63707;60892;85831;117467;115071.14;178444.34;178245;35883.98;37375.92;32856.78;39813.36;40498.68;48109;48878;40203.93;46930.07;49381.98;65867.62;66139.06;79239.1;55524;23449;19628;23725;31946;37017.99;46303.19;43856;9494.7;8855.21;12459.98;13627.81;14870.73;22732.11;17754;1563.28;2000.47;2376.99;4177.39;6243.67;9533.44;8585;426827;446144;493121;508801;544300;594374;635820;3.7;3.17;3.33;3.5;3.06;3.12;2.3;11.24;10.91;7.64;4.75;5.95;3.43;6.91
Nagekeo;1802.55;1411.27;1677.36;1994.44;1952.07;2135.72;1808;7924;5727;7488;6445;7417.98;10078.49;9918;9962.2;6594.97;9072.04;13225.34;9921.39;11573.66;10193;13473;14545;20137;18324;17452.01;20110.96;17781;2706.26;2016.85;2605.79;2495;2432.72;2431.14;2232;31858;24477;29761;32870;28185.86;28361.57;36726;47755.7;39148.17;42834.97;42659.16;41968.68;53088.81;57897;18818.23;20064.06;21295.14;22844.97;20759.26;29396.54;26888;19239;17376;19445;20973;18763.42;20545.35;19337;7629.54;6837.37;9091.99;9264.93;7521.06;9275.47;8395;2693.57;2136.23;1881.85;3024.54;3584.14;4339.94;2942;323316;328646;353481;386027;422982;472041;487814;1.88;1.93;1.7;1.73;1.3;1.16;1.56;9.31;15.33;11.95;12.03;12.74;13.85;12.34
Natuna;8929.57;7530.76;6812.68;10647.47;8773.75;10651.3;9784;10122;12678;11966;10840;15542.17;12212.49;21067;7145.89;5489.64;7779.5;8434.54;11371.5;15945.44;18271;40056;31746;35430;38084;39836.57;45380.29;40682;4800.51;3603.88;4179.71;4454.32;3303.6;5188.14;5131;80503;78401;83261;70423;83195.32;96817.31;98837;37900.17;32812.66;33490.07;33235.16;29028.14;36373.09;36290;36739.69;39397.22;45865.77;44216.17;37273.85;43701.03;47148;25573;21685;24852;27822;27581.14;33210.22;32571;20973.74;16595.05;19406.72;22434.04;22205.88;25829.61;21009;3639.11;2948.66;2985.98;4466;3943.1;4335.13;4337;362519;378573;408164;420503;449302;480103;501927;0.58;0.49;0.4;0.44;1.06;0.7;0.31;6.7;8.55;11.39;11.67;15.53;15.94;13.48
Nduga;7344.94;8146.64;9798.96;15801.84;20377.56;12045.4;11772;3840;5032;7446;17879;15360.32;10214.91;9101;13886.52;5417.12;34168.68;116170.72;86365.22;39425.06;40177;9369;3396;7320;48912;29498.5;20782.31;14289;97.33;244.11;142.52;9270.85;5587.97;3055.18;2394;3464;3928;4446;48770;28279.26;27944;18812;24725.6;21573.56;31764.71;76046.7;54126.5;37591.19;33059;20833;20855.26;21741.63;49570.48;37036.67;22530.03;18095;49582;60743;75644;127632;97764.14;77566.53;63789;5234.13;6247.81;8607.06;40787.22;26917.94;18004.93;17510;146760.11;174756;184361;286422.18;236877.59;211613.48;186698;331445;341566;360779;392990;420185;475682;654456;9.81;7.07;7.57;11.89;8.31;10.75;5.42;26.22;26.79;17.51;7.49;13.88;20.68;21.67
Ngada;2240.09;2477.14;2600.11;2872.53;3180.46;3794.72;3744;9562;8469;8362;8462;10940.74;10390.47;14190;11338.2;14131.36;13004.36;16915.61;17478.18;20327.55;23169;19614;23248;22789;22917;27893.02;23138.83;28613;3585.62;4083;4240.22;3742.88;4863.78;4972.04;5931;27548;50880;46204;52896;52120.83;65642.59;53164;52434.78;50732.36;49260.72;50694.45;48972.42;55676.33;70767;17611.83;31255.05;22459.6;27883.9;30620.56;30048.5;24844;21771;23788;27323;23172;28585.4;28628.02;31836;11519.41;9394.35;11685.75;11280.22;10141.16;12023.71;14772;3086.34;2206.26;4029.72;3047.85;5686.54;5799.26;5327;331266;336601;363531;396506;435916;477840;489139;2.29;2.37;2.4;2.89;2.13;1.77;2.14;9.46;8.54;8.93;7.49;11.2;10.93;11.42
Nganjuk;3504.37;3537.32;4441.77;3681.59;4272.45;5067.58;5200;8284;9013;9735;10791;10114.62;13012.14;12730;6716.19;6673.79;8242.69;9422.83;9782.22;10890.54;11399;7392;7709;8180;7993;8472.28;9738.81;9194;8880.62;9847.69;9662.9;10786.35;10240.5;11059.2;10961;62991;68194;65839;71387;75921.66;79598.83;102964;26004.82;28127.27;29240.53;30573.55;29568.84;36587.88;48290;21634.08;25018.49;28464.85;28390.65;34822.96;34374.06;32661;15712;14055;18138;26758;21439.34;26214.52;24307;12654.32;12352.91;13309.45;16024.45;12600.85;14584.43;16648;1191.13;1529.82;1973.39;2491.15;2086.91;2984.77;4132;388186;408160;428882;446232;474429;513565;539714;2.07;1.22;1.62;1.56;1.48;1.48;1.04;9.94;12.26;9.74;9.65;11.11;9.03;7.71
Ngawi;3709.16;3911.33;4080.28;4442.46;4098.62;5602.01;5790;8600;9245;8103;9379;10869.4;12394.84;19969;5656.4;7663.08;8448.34;10146.53;8116.62;8903.44;12411;7753;9447;8886;10617;9616.41;10471.78;13278;6186.8;6537.18;6454.44;7142.2;6462.35;8546.82;10657;58707;69387;67869;61536;66069.92;77405.53;106655;25274.54;23934.89;23916.27;26342.26;25244.6;30706.05;46549;18228.72;20755.11;24758.56;26352.31;29774.29;33831.44;33118;15393;14536;16518;23091;19285.62;23748.19;29762;12044.05;13373.42;11722.6;12650.82;10304.73;12854.41;15894;1908.98;2193.19;2338.68;2958.65;2691.47;2962.45;3382;301158;325235;342556;358663;382301;413947;445865;1.96;2.65;2.37;2.23;1.66;2.29;2.22;11.07;11.46;12.75;12.23;14.87;12.28;9.4
Nias;2807.15;3034.39;3107.1;3454.06;3334.78;3719.86;3583;4187;4735;6395;4407;7145.97;6892.83;7413;13667.01;16773.45;17478.59;12199.8;19117.44;19044.37;18810;15635;18226;16956;19545;19921.08;24187.72;23353;425.41;654.52;410.15;1454.38;1319.72;1737.63;1746;21381;16540;15793;19289;24481.92;24729.92;22663;44751.56;53540.4;50358.63;52173.43;55815.98;65853.43;71321;13045.19;19801.14;14524.36;16546.4;16504.6;26028.54;25486;15907;15745;15636;17254;18880.01;22228.95;22551;7224.39;7787.14;6526.54;11456.31;11160.61;12444.42;11461;2313.67;2254.91;1228.92;1567.37;3025.71;1828.22;1433;353141;361698;405355;428739;454570;485533;520024;2.45;2.53;1.91;2.21;2.53;1.95;1.64;5.8;4.61;7.79;7;9.53;8.14;6.24
Nias Barat;3264.15;2908.96;2619.92;2977.45;2866.02;3390.53;2994;4620;4853;6117;3727;4585.3;4343.81;4823;10796.54;14613.66;13024.92;7448.41;12292.25;13067.51;15965;16741;18662;16305;15389;18699.73;19212.38;21283;541.39;1103.58;1072.29;1603.87;1793.44;2113.25;2197;22671;20866;19155;17293;21531.92;18135.8;23046;48777.3;56921.39;55426.36;51811.17;54597.3;63591.66;66929;11734.64;16437.74;15776.64;14957.19;13336.88;19069.3;20539;13637;13110;12358;14162;13705.26;14913.26;15663;8182.52;9320.8;9020.49;10583.34;8802.86;10789.2;10710;2285.02;2707.73;1525.76;2258.55;2602.05;2620.68;2329;386431;393450;433249;458533;487469;520543;556919;4.36;3.34;3.21;3.32;3.1;2.08;1.76;6.42;5.8;9.07;8.52;10.44;10.95;6.96
Nias Selatan;3932.13;3026.19;2743.08;3006.49;3142.23;3365.22;3614;3823;5670;6977;3204;3210.63;3961.41;4778;12440.7;16151.05;16387.21;12400.75;13532.84;13193.98;16722;20859;24217;21395;24066;24217.41;26233.73;27232;588.45;1132.87;1033.85;1329.8;1785.53;1120.88;1995;17379;23182;22801;20253;14370.53;21112.81;33562;47205.24;48384.77;52275.93;54955.73;60208.54;64059.99;71475;17781.5;19661.62;17982.27;17403;13821.22;17129.03;20939;17597;17252;16675;20580;20263.89;22971.02;24198;8904.55;11775.81;10632.78;12060.26;10810.67;10566.98;12494;4890.21;5184.46;4687.48;5007.46;3996.79;4057.56;5209;261104;279468;312453;329308;350452;379929;406429;2.49;2.28;2.82;2.38;2.71;3.04;2.62;8.62;6.86;8.55;8.51;13.08;13.45;7.81
Nias Utara;3044.55;3421.53;2638.72;3585.34;3056.92;3529.84;3188;2754;3686;3493;3052;4132.36;4671.69;5578;13348.93;13987.15;11946.91;9415.77;14775.4;17202.63;12833;20795;25614;22086;25644;25440.92;28757.76;24832;423.13;718.85;727.41;1147.43;1376.56;1369.49;1274;23799;22838;21887;20188;22452.39;22707.13;22313;45956.66;52663.16;50636.32;51852.66;58325.24;66049.28;71324;14208.08;19547.5;17127.19;15841.98;21503.68;24533.49;23088;15258;14723;16133;16213;17268.42;21780.28;20649;8254.08;9826.13;9711.4;11970.33;9524.64;13944.28;11463;3566.26;3213.95;2801.07;3289.8;3273.14;3405.97;3778;383552;390564;429836;455118;474533;501443;535575;5.1;4.38;4.12;4.24;4.54;2.52;4.34;7.23;6.8;7.85;8.17;10.69;9.2;6.73
Nunukan;6589.36;6932.06;6960.54;8006.9;9102.66;8151.22;8450;9002;10358;7247;10090;13450.96;11890.38;14910;9813.61;14919.88;13816.59;16486.5;20711.85;17720.2;21128;38270;41301;41052;38600;47179.84;44272.19;50326;4446.03;3803.9;4331.96;4557.61;4882.95;5271.75;5910;82446;85930;78979;71466;76967.67;87161.75;85806;34538.36;35654.99;35012.21;41841;41476.06;42383.26;44292;39298.37;39964.71;41907.95;45370.24;45862.92;44646.74;44840;22679;20331;23049;24919;28235.77;27601.72;29010;17345.09;18731.48;19410.58;20930.41;23017.58;25509.29;28794;2697.4;4970.74;3127.85;5042.68;4923.01;4395.06;3703;403045;430630;450718;479712;519231;556342;597431;0.99;1.32;0.87;0.68;0.84;0.59;0.82;14.77;12.62;15.42;16.8;27.98;19.75;17.73
Ogan Ilir;7066.36;7207;7456.64;9241.62;8005.22;6811.21;9107;12501;9608;12778;10035;10737.11;8677.87;21466;7238.03;6686.23;8384.39;8254.78;10271.74;7992.97;9870;18914;20750;19790;24181;24871.74;23406.13;24547;3309.2;3082.61;3446.58;3660.92;4276.96;3933.07;4438;57201;58917;56769;56268;66370.75;61864.39;79210;28347.94;27526.14;29706.93;29557.33;30976.72;35052.5;41360;34685.83;36580.03;38790.26;39820.8;41981.76;38453.46;41995;15933;15192;21351;22178;20665.86;19581.59;24678;13844.45;12502.23;15230.17;13511.92;12455.48;12259.28;16487;1991.71;2471.34;2551.02;3413.24;3297.55;3084.79;3625;416098;433616;469746;492537;523864;571657;589012;2.2;1.82;2.15;2.55;2.24;1.48;1.49;11.05;9.82;9.44;6.48;6.95;8.55;7.12
Ogan Komering Ilir;6066.97;6929.85;7637.14;10379.74;8908.2;8804.23;9148;13259;9240;12017;11259;14208.69;13732.02;24031;8112.99;8291.3;9381.08;11755.46;12866.25;11982.67;13703;19783;19680;22810;33301;33132.06;29473.22;30618;4162.52;4001.59;4472.7;5283.42;4930;5986.16;6620;55625;52300;56527;73363;80124.06;77668.99;76211;30314.42;33097.98;31364.4;34466.47;35467.72;37402.63;52798;37880.05;32495.28;39058.14;39625.29;44284.06;50628.3;45343;20509;18436;24323;31264;29694.22;31060.05;34069;14813.07;14191.94;13882.92;16521.95;15749.22;15285.07;17162;1767.54;1911.15;2115.97;3097.25;3469.55;3721.93;3694;333505;347121;375837;393240;416417;444881;473057;3.05;2.67;2.98;3.52;2.85;2.91;1.62;9.66;8.62;8.32;5.34;6.45;6.3;5.77
Ogan Komering Ulu;6610.88;5448.42;5653.56;6496.72;6998.23;6813.9;6149;12658;8916;8998;9350;10245.08;11744.91;14717;8799.76;8968.67;7752.86;10576.29;12075.13;12482.18;12650;21576;18763;18994;21657;22178.72;23383.09;23243;4733.67;4241.32;4029.1;4558.94;5243.16;6088.6;5298;60599;56005;63100;69615;75969.84;69413.78;66866;35771.47;32628.44;33501.63;34785.4;35026.57;40764.7;44514;33488.94;33958.41;34884.3;35996.7;37664.48;41298.46;39337;21795;18861;22988;24715;24159.58;25368.03;22787;15124.06;14764.67;14374.8;17789.91;15121.76;17023.08;18060;1891.07;1751.45;2174.55;2755.75;3271.71;3332.06;1979;415785;428200;457452;481139;511887;548200;563523;2.56;1.79;1.91;1.83;1.64;1.59;1;9.4;9.84;11.44;6.91;6.83;6.22;7.31
Ogan Komering Ulu Selatan;3909.5;4155.24;4037.64;4488.76;4715.91;5930.88;4786;9588;5886;5508;8151;5190.98;9864.07;19690;6413.31;6738.78;7539.97;7195.36;8237.6;10762.51;10278;16778;15652;15876;16342;15344.13;22282.87;20731;4277.75;4260.74;4068.3;4128.74;4153.52;5940.59;4657;33796;42356;40074;39340;46235.96;59586.95;53499;38090.99;41216.8;38059.73;41311.31;37392.68;42019.52;39152;32642.86;37836.15;33155.67;38294.69;41262.89;46809.76;48090;22677;21020;22343;25192;23406.31;29680.07;28465;12319.33;12416.97;12298.36;10594.98;10390.69;12086.39;10293;1624.68;1560.1;1169.79;1551.8;1450.77;2284.24;1827;310717;319333;341148;359859;379854;413228;436420;1.2;1.34;1.17;1.28;1.09;1.86;1.68;14;12.09;12.8;9.44;11.33;10.47;12.95
Ogan Komering Ulu Timur;4151.69;4306.35;4311.44;5867.82;5287.12;4688.1;5347;8685;8984;9323;10226;10382.39;8647.2;18298;6451.37;8496.52;7313.6;9710.62;12446.06;6841.6;11212;16260;16825;17340;21012;22481.68;20467.19;24410;4978.59;5434.54;5295.01;6406.16;5835.76;6281.06;6572;57726;57663;50082;79584;70072.16;63308.85;76119;36170.26;29344.83;33564.07;28915.91;28993.65;33172.46;46450;31809.27;37307.87;33744.34;31369.74;34358.22;31429.83;37673;20773;18555;20347;25745;25440.72;24846.47;27657;12095.83;13913.17;13158.49;13909.32;13031.03;11677.52;15378;1106.85;1433.55;1669.38;2180.04;2097.93;2004.39;1701;312340;321629;343601;362446;383463;410548;434534;1.6;1.51;1.02;1.3;0.96;0.92;0.72;10.62;8.33;10.92;5.74;8.6;8.4;7.63
Pacitan;4053.42;3169.25;2990.54;3883.46;3737.86;5229.4;4648;9762;9173;7833;8283;10240.43;11000.2;13645;6585.89;7684.98;8852.54;8819.19;9154.18;8757.7;7858;8765;11039;7992;8693;7870.01;11094.29;8635;8476.94;7745.57;7002.33;7420.39;6743.42;7967.01;9086;68070;65672;64196;44160;63709.3;67528.85;78135;27104.15;26972.85;24935.37;26819.42;24333.19;30376.19;36612;14738.2;13041.1;16403.72;14490.88;15823.07;16941.93;18252;17661;15772;19266;22075;20673.45;25401.45;24007;10328.45;13957.14;10805.18;11190.13;11222.83;13567.66;12150;1533.3;1623.99;2796.26;2328.04;2619.99;3206.25;2446;268592;283321;296271;309655;327758;352606;370643;1.73;1.75;2.68;1.66;1.35;1.73;1.49;9.01;11.67;11.25;14.81;15.38;11.36;14.05
Padang Lawas;2742.63;2683.19;2356.36;3039.34;3830.61;4063.08;3486;6453;8010;8891;9233;13644.54;11367.06;12238;8191;7469.08;6526.2;9067.9;10624.08;9346.58;9579;24732;24575;24053;29605;36114.21;31667.88;36515;3999.86;3893.32;3916.11;3941.51;5068.14;4824.43;4755;61107;74161;67673;74826;83402.45;82649.1;89195;47588.08;45169.71;45702.21;46005.44;47679.65;56297.24;60756;45495.76;46384.02;44147.89;59400.58;49949.28;52000.7;64518;21481;17697;24044;25003;29026.09;27778.47;33087;9084.04;9123.95;10147.71;10548.16;11297.94;10894.85;12827;2825.59;2785.07;3007.28;3105.61;4146.11;4003.85;3925;310569;332350;367932;388404;418610;449217;483395;1.07;1.64;1.19;1.33;0.93;1.44;1.12;3.69;3.52;5.38;3.89;5.11;5.26;5.53
Padang Lawas Utara;2561.16;2723.89;2667.93;3301.22;3557;3604.04;3370;7068;9419;8784;9079;12999.13;10021.67;10189;5379.05;5645.73;5895.59;6758.89;10024.41;6731.32;8678;24650;26461;24626;31079;36056.99;35580.74;36981;3511.64;3941.52;3841.02;4116.83;4965.57;4777.19;5110;65511;69285;64531;66935;78586.55;77672.64;72006;53601.43;51931.51;52826.99;53101.61;51727.14;62622.98;62503;41514.42;44115.9;44689.9;54484.11;56642.96;69220.38;63112;20732;18917;21307;24067;27705.92;26277.73;29814;12090.28;10687.88;8809.08;10429.55;11456.43;9752.84;10318;2451.59;2566.15;2737.62;2966.59;3400.53;3371.22;3704;321076;342885;380379;401435;430944;467457;502403;1.41;1.18;1.2;1.29;0.73;1.14;1.33;4.03;4.34;6.01;4.89;5.21;6.09;6.16
Padang Pariaman;3337.99;2864.6;3182.11;3647.58;3745.6;3648.08;3691;10281;7764;13853;10709;9319.62;9395.26;12541;7866.95;8979.9;8745.84;9349.74;11788.85;11141.06;9773;25754;23324;23596;28257;28866.58;31264.42;29409;3532.34;3084.95;3391.26;3519.48;3737.03;4257.56;4165;96559;104573;100535;105283;101199.07;110844.32;108947;29667.85;32658.09;32499.18;34171.68;34796.85;40346.92;44461;36886.95;35521.71;41227.75;39585.24;43337.35;49420.94;44911;24665;19703;26154;28715;27894.05;32663.86;36110;11928.2;10696.82;14094.58;12734.22;11407.18;14339.8;13121;2953.97;2524.73;2738.22;2907.36;3403.19;3420.58;3397;402960;411182;455463;475342;499461;548147;580392;1.25;1.02;0.67;0.81;0.69;0.74;0.78;5.17;4.81;5.55;5.61;6.95;7.41;8.68
Pakpak Bharat;2241.09;3033.98;3214.25;3317.14;3236.63;3832.25;4005;6624;11123;14281;10316;14287.63;15112.2;16121;9651.57;12323.81;11921.92;10073.57;13945.24;18549.13;14977;26029;29604;29991;30500;35261.63;36502.03;35178;3673.26;4497.26;4086.28;4307.1;4605.25;4853.05;4638;41457;50923;56714;53358;61195.99;66109.6;60943;47897.82;47125.82;48739.2;45918.94;46580.8;56007.32;59497;38153.09;39084.7;37589.24;43776.78;48567.05;50975.08;52414;18173;17261;19291;21229;24785.84;25158.69;28487;11635.86;14741.59;15843.99;13615.88;16320.15;20320.51;19121;1726.23;2274.62;2777.37;2046.44;2562.74;2835.28;2608;283258;287654;311584;332644;357844;384812;412759;1.54;0.92;1.38;1.05;1.37;0.49;0.8;4.14;4.01;5.3;4.75;5.46;5.26;6.13
Pamekasan;3922.42;3807.91;3854.57;3645.84;4020.44;4565.98;3817;4978;5611;5644;4221;6251.02;9055.98;7623;6948.74;8757.6;8539.57;7939.1;9106.12;10535.74;9368;17765;18795;18760;17099;19301.55;19288.96;17238;6361.34;5204.12;5441.07;5714.23;5301.42;6201.99;5730;47097;55478;53426;47842;54036.89;61628.94;52698;27788.23;26477.82;25050.07;24487.06;30538.66;32835.94;43617;24432.93;31495.44;35022.32;35197.56;39207.84;47098.76;38993;9747;9529;11459;12316;12655.51;15126.61;14002;7708.92;7621.24;9173.78;8017.16;9134.22;9517.5;8130;879.25;824.1;1814.25;1084.01;1489.42;1279.15;1072;317144;332775;357074;368259;392345;431127;467493;1.7;1.85;1.89;1.9;2.05;1.48;1.05;9.32;9.29;9.83;11.88;12.63;9.43;14.36
Pandeglang;4217.37;3400.24;4229.94;4161.17;4477.44;4618.99;4052;12709;6995;9151;6272;8441.91;8611.76;13390;6149.15;8500.78;7085.22;7955.21;9775.68;8191.38;7898;14689;13406;15434;16344;19513.95;19357.32;20636;4145.5;3923.65;4467.26;5131.28;5385.97;5788.25;4709;63783;64856;69078;60241;74672.87;73094.21;75219;34588.72;30826.27;32824.95;32973.91;35456.96;40122.38;50862;40093.85;40086.67;47677.45;53731.05;56912.84;51293.28;47094;12742;12327;15018;17482;17215.63;19276.48;20475;8519.37;8830.03;9636.44;9033.34;9196.41;9596.14;8582;1021.34;1272.66;1585.16;1701.26;1987.48;2282.68;1877;310859;326517;361713;390754;416248;455297;479886;1.31;1.33;1;1.49;1.21;1.56;1.52;4.25;4.88;3.6;4.37;4.39;4.69;2.7
Pangandaran;4939.99;5205.61;4771.73;5220.7;6237.48;6189.25;6874;23549;16585;17439;12561;13628.09;15393.67;29900;12466.76;12512.08;13162.46;14656.35;17548.29;16694.59;16383;19576;20989;21799;24140;26809.97;26492.27;24452;5904.49;6085.5;5777.56;5951.88;6714.48;7590.42;8464;81072;83390;93125;89773;92981.98;95988.86;99303;40098.07;38363.81;36518.21;37783.7;37578.59;42817.32;56806;35789.04;35702.39;45652.04;48028.69;54600.58;53182.27;58713;18492;20355;20425;25347;23940.73;27713.53;28735;12369.53;12040.21;14461.48;12702.33;11798.35;12399.22;15073;2547.04;3070.45;2830.51;3262.99;4129.74;5119.35;4397;360960;367748;382264;394101;411174;447242;470068;1.24;0.9;1.32;1.25;1.24;1.28;1.23;3.6;4.1;4.39;4.32;5.77;6.04;5.22
Pangkajene dan Kepulauan;5945.97;4934.52;4562.68;6031.56;6450.54;6499.4;5485;12713;9722;11947;8781;10434.01;15208.8;19461;4475.96;4681.16;6793.96;9929.99;12472.94;14341.07;12875;35046;31224;31119;33737;38194.57;46167.49;39225;3302.53;2656.55;2755.38;3623.54;3793.18;5084.85;4307;72255;67637;63799;71487;91442.54;91856.65;103504;35216.61;36496.5;36437.41;35790.38;45608.02;46926.34;45872;27075.54;26795.32;26711.83;35644.05;34366.28;35960.42;35152;12657;10613;13527;14915;17083.46;19390.29;17075;14484.19;13189.14;15087.86;16220.15;15961.5;18373.66;16133;1789.1;1034.59;1537.89;2858.88;2273.3;3806.4;2607;300219;322958;358061;368096;389613;416815;439192;3.12;1.81;2.52;2.78;2.09;2.15;1.78;4.42;6.35;9.84;6.6;6.15;4.17;4
Paniai;4241.57;3765.1;2349.18;6524.56;4301.6;5236.28;6333;14733;4175;5887;4145;9317.26;13851.67;3760;16316.56;17812.96;13994.28;16414.89;39111.44;56806.02;56961;74168;45948;32726;13081;11754.48;9004.45;15915;4711.02;6065.06;4686.1;8076.04;1478.17;3982.38;5024;40515;4767;13287;1231;9222.97;2665.21;1138;18215.58;15068.44;17763.44;17074.44;21863.56;24776.33;24076;49437.42;19248.6;33366.71;12263.38;3909.58;6526.01;7506;34245;36802;41081;36361;60063.39;72883.64;64677;9922.94;11137.32;7769.99;14287.96;11496.01;11068.92;10502;21123.48;14241.2;13763.64;16237.34;17951;24183.29;11560;465658;479877;512058;556861;591595;654960;711078;13.2;6.52;6.23;4.6;3.95;4.37;6.78;30.86;48.33;45.39;62.78;70.28;58.96;56.52
Parigi Moutong;3296.22;3161.29;2758.36;3707.5;4116.89;3844.96;4520;8228;12044;15255;8994;10239.96;12886.17;16303;2805.38;2943.23;4179.66;4957.24;7107.57;4318.03;11072;19910;19355;21353;23657;26440.33;26453.88;28525;3249.29;3824.72;3816.5;3739.03;4430.33;4442.94;4651;50901;51147;48278;54397;64337.33;62710.81;74002;34603.56;31520.64;35659.68;35091.34;37517.52;44331.08;51686;37553.72;33234.07;37082.16;42283.08;45741.89;45509.21;46181;13319;13712;14988;17514;20369.54;18438.72;19852;6923.34;9363.88;8096.01;8770.04;8147.88;8964.68;9785;2564.66;1889.26;2904.57;2600.29;2584.56;2469.69;2214;388440;414380;444258;458385;495623;531255;553012;2.71;3.06;3.49;3.26;3.84;2.61;3.36;7.81;10.62;11.27;10.63;12.36;9.92;9.83
Pasaman;2500.26;2424.39;2116.76;3134.1;3318.12;3536.12;3357;5842;9216;11269;6785;9895.59;8021.95;10253;6229.61;9533.79;8550.31;8229.1;10040.02;9928.76;9589;20401;21986;19624;20971;27670.36;27035.11;26634;3282.9;3379.47;3201.13;3544.23;3980.55;4182.76;4289;62369;69599;73235;71576;76606.16;83448.88;91877;42456.99;45717.83;43032.86;44101.02;43938.19;51259.26;54766;32127.63;38052.68;37010.96;38638.62;41764.36;44159.61;42657;22349;18954;24135;26522;30167.12;29303.68;35452;9426.68;9980.36;11256.17;9289.26;10747.59;11075.42;11158;2997.34;2584.5;2426.06;3102.04;3463;3683.21;3383;334800;347153;388726;408293;431915;472703;515608;0.93;0.59;0.7;0.67;0.65;0.73;0.79;7.59;6.14;8.04;7.11;8.86;8.67;8.74
Pasaman Barat;2944.64;2711.94;2324.1;2735.48;3895.96;2839.4;3650;8236;7680;10296;7858;11777.41;9969.55;12473;4960.72;6340.39;4964.9;6919.53;9570.16;6921.81;7046;26346;28725;27467;34445;40986.77;34825.68;40339;3228.42;3495.81;3356.36;3488.33;4269.24;3905.4;4156;65565;74605;74598;80756;98054.38;83911.79;86894;40420.05;41119.33;39814.5;39499.54;43497.78;47267.27;54187;42421.21;43077.44;45647.18;48676.34;64614.55;54063.55;66421;24488;20243;24753;26463;32579.46;28190.05;38117;12709.36;10334.09;10385.11;9950.37;11782.04;11632.09;12121;2278.93;2309.72;2193.72;2520.92;3787.57;2861.51;2961;402877;417742;467769;492467;544829;596225;657354;1.22;0.81;0.62;1.24;1.1;0.98;0.76;6.06;5.15;5.9;6.13;6.47;7.21;8.55
Paser;6747.21;6327.7;7482.73;7753.58;8076.28;8608.38;7696;18920;18142;18527;13864;13656.96;20835.97;24050;11594.96;10968.84;13971.82;16539.52;16996.13;18864.39;21227;32678;36079;39593;40606;43713.97;47807.53;45463;5574.34;5988.79;6790.14;7683.12;7452.92;8433.3;6901;76435;86382;91873;77252;94261.58;109873.83;109224;32726.1;33015.6;33201.44;33313.77;34791.62;38019.28;40014;45245.87;43752.55;44160.23;34974.71;42750.72;47126.34;56791;20338;20892;26458;31268;32483.14;35604.75;30555;18682.03;15915.8;18856.83;21083.37;18904.43;17965.16;16192;1741.11;1845.43;2643.53;2849.12;2161.31;3422.06;2188;455635;477440;515414;527659;556371;600332;634259;1.22;1.57;1.04;1.37;1.35;1.04;0.86;15.71;10.1;11.64;15.37;20.54;11.99;8.44
Pasuruan;4330.19;4749.85;4926.17;5220.49;5803.21;6356.38;5206;14695;11613;12435;12899;11959.15;14291.6;16952;9101.59;8917.49;10416.61;11746.72;10963.26;11148.43;12048;14534;14159;14757;16893;17989.85;16862.12;16753;9516.23;9887.96;8770.44;8907.36;9715.77;10460;9034;77773;78466;76298;74406;78388.24;84996.44;90505;32454.58;31035.84;32344.88;33060.73;32952.89;35213.13;41273;28757.02;32839.46;31626.91;35439.18;38317.76;43210.57;44088;14412;13491;16746;19947;19135.12;19569.92;18728;14069.73;12209.4;13707.28;12051.42;12969.68;13460.53;14645;2483.9;2734.57;2725;3034.95;2766.24;3564.67;2946;331057;335653;355299;368686;394016;429624;450088;1.5;1.56;1.15;1.17;1.29;1.22;1.09;7.14;6.74;8.56;10.28;11.57;9.05;10.37
Pati;4561.27;4653.91;4068.8;5036.63;5372.63;6280.04;5530;13023;11088;11753;12991;17577.51;19634.33;21715;8331.61;9188.65;7295.24;8756.4;11665.99;13260.95;11297;21029;21410;21774;24811;28520.68;30249.68;27542;4286.61;4190.41;4346.18;4878.65;5388.55;6051.06;5645;79106;79036;86922;90884;120074.26;102220.64;101244;25094.66;24743.59;23710.04;26088.59;26780.98;32692.49;41594;24591.24;27302.32;29730.84;33071.59;40188.32;44326;46562;15306;13822;17012;20542;22849.26;25995.88;24661;11488.08;11293.46;10973.38;11721.55;13765.5;14572.7;12780;1590.72;1531.46;1530.28;2156.25;2492.63;2978.47;2829;414316;423922;445913;458616;486855;532545;559499;1.37;1.47;1.37;1.69;1.2;1.64;1.17;10.41;11.54;12.96;11.2;9.83;7.78;8.4
Pegunungan Arfak;3978.22;3513.26;5418.63;6167.37;5773.31;7191.72;8602;3280;3591;4571;6500;9174.22;10965.2;10497;16981.7;12813.43;9571.37;19221.61;23968.73;30697.86;26274;9792;7874;9172;11920;20081.17;20271.74;20447;711.56;817;627.77;1980.6;2042.47;3508.85;2277;15185;13035;21337;23363;35714.96;39179.95;45948;40902.54;25839.53;30021.21;41359.99;33575.93;38529.91;36277;9104.14;6794.5;18355.93;14253.67;10189.86;13394.1;13311;28003;20116;28490;34603;50582.06;40341.98;37095;7703.15;4592.22;4533.05;7760.71;8871.74;10631.97;11308;15290.88;14838.59;18485.48;17858.52;32870.71;22091.07;23416;589168;628281;670687;683722;706497;723662;738135;5.88;7.7;5.53;5.28;6.43;6.21;5.54;48.41;57.34;58.55;54.25;54.83;48.23;32.68
Pegunungan Bintang;5568.45;9916.12;7227.22;4847.01;7845.08;7300.9;9893;7783;8486;13786;5470;18029.25;13464.26;21143;20826.34;33097.71;32757.34;22967.83;52457.79;35373.62;105069;23434;46543;23526;13597;32363.34;30578.32;40722;5449.53;15270.56;6581.24;2678.54;724.71;2338.25;3981;37953;52333;49045;35259;53041.3;45109.55;39730;49626.98;54334.51;46788.62;24709.65;40053.58;20829.8;42806;17377;36110.58;30701.34;18947.22;14298.36;11593.32;23980;37395;65987;49384;46004;84288.68;73317.2;68655;16625.59;19487.57;16719.06;8009.12;11119.95;13497.11;16512;62084.98;82342.1;65766.05;88880.25;106766.52;112436.66;119914;511229;560354;580393;632210;692059;766275;917115;5.91;9.02;4.91;3.69;5.6;7.66;6.1;37.18;29.75;33.05;43.62;17.85;25.43;17.89
Pekalongan;3660.23;4158.22;5502.07;5578.72;5515.35;6262.24;6081;10558;10300;10459;9665;11222.61;13998.59;14584;7697.86;7913;8337.13;9025.72;10918.96;12667.97;13426;9754;9637;11625;12976;13957.59;14265.49;14059;5166.69;5135.72;5789.09;6146.9;6676.09;7884.71;7332;95362;95411;99382;100299;122362.15;127600.89;130624;26300.78;21549.82;25213.37;27120.62;27346.97;32009.2;38346;23825.42;22877.39;28411.45;30236.81;35599.88;39435.33;40972;12504;12087;15903;18591;17144.1;21754.8;21132;10943.43;12190.36;13148.83;13050.48;13263.03;14287.49;14115;896.82;1056.05;1345.88;1884.65;1797.45;2169.37;1910;361297;382832;403662;416779;441765;480934;505520;1.4;1.17;1.42;1.75;1.67;1.3;1.16;7.65;8.89;7.81;8.22;7.8;6.73;5.54
Pelalawan;4965.25;5417.74;6049.58;6239.22;6447.35;6848.5;6913;14613;16183;18733;13662;14909.92;14241.58;17667;16497.25;14284.65;15963.96;15211.21;20106.01;15531.49;18901;34296;39527;40628;43096;42091.86;46498.95;44967;4599.88;5225.16;5887.28;5323.15;6477.89;5805.59;5588;77137;91645;81397;65893;75052.09;78258.24;84768;37338.77;37026.47;38685.94;37571.28;39435.82;48277.78;49792;48135.11;51534.4;46687.65;46758.27;43729;64433.12;62425;29594;29783;38083;34847;38452.68;41973.72;45037;18729.02;17656.09;21461.38;18554.6;15626.03;16447.23;19785;3239.69;3382.33;4391.7;4589.45;5070.1;4684.81;5332;515581;534078;585728;618738;655641;689786;729977;0.97;1.44;1.31;1.45;1.23;1.05;1.12;7.26;5.56;7.14;9.08;14.42;10.96;10.38
Pemalang;4670.1;4161.4;4449.14;5241.92;5065.02;6279.1;5434;14040;11358;10806;10562;11775.12;13293.16;14782;7025.97;7247.61;7324.8;7870.32;10336.27;11857.18;12045;10565;10470;10360;10548;10674.84;12225.58;11585;6701.85;6631.54;6900.83;7607.71;7065.37;8763.98;8375;91897;91175;96561;92695;109440.68;119090.3;118806;28208.87;25286.12;25636.64;26238.44;26241.13;32344.14;39563;29817.69;27946.55;30819.44;33998.78;41505.36;41170.79;44651;14077;14327;17185;21509;17855.34;22949.62;22822;11390.04;11020.57;11687.12;11226.1;11475.72;12914.09;13562;1314.92;1419.74;1558.89;2007.89;1615.69;2414.07;1908;351183;372115;389209;401857;429549;467204;493593;2.96;2.55;2.86;2.92;2.43;2.4;2.56;9.41;10.06;10.26;10.59;11.54;9.47;6.31
Penajam Paser Utara;5706.79;6400.99;6921.39;7537.09;7390.41;6857.26;7112;13995;17490;16661;10874;12013.43;13576.78;20469;7575.37;10577.4;11912.41;9964.95;10918.12;10104.57;14571;29915;28892;33252;33812;34078.41;39887.5;35147;7700.06;7812.77;6757.42;7491.87;7543.7;8069.33;7239;84537;96013;103098;72773;85303.57;95039.29;93197;31081.43;30180.92;33006.28;32372.27;31256.89;36082.54;41538;35178.72;39546.36;45719.62;41560.1;39598.11;49447.66;50066;21230;22452;24845;28168;27484.38;28217.27;29115;17424.51;18430.66;19132.17;18266.74;18219.42;16939.43;18196;1725.75;1908.87;1815.91;2982.15;2137.29;2746.14;2112;447539;466918;499807;513666;538022;583239;617673;1.18;1;0.87;1.18;1.07;0.75;0.72;15.68;10.08;11.58;16.6;23.09;16.34;8.2
Penukal Abab Lematang Ilir;6147.96;7024.48;6390.53;6912.92;6614.12;6099.04;6026;8489;7050;9927;6771;9356.02;9611.09;15001;5756.36;8560.19;7826.09;7702.65;10170.05;9128.7;11752;15991;18749;18470;17826;22353.21;21988.2;22122;3024.25;3535.35;3771.62;3444.71;4129.42;4457.13;4186;35184;47135;45592;40622;48283.3;52138.48;55398;34828.05;30323.03;30345.64;34244.54;35817.24;36692.08;49519;30917.53;33570.96;29022.37;29373.12;34780.23;29205.48;42924;18474;16623;21881;22004;23179.53;23008.56;24961;9141.77;12065.98;13125.88;13112.81;13877.53;11829.59;11005;1801.24;2319.69;2866.34;2436.82;3322.96;3770.68;2664;377160;388208;412236;435379;458746;487341;503822;2.24;1.86;1.4;1.84;1.5;0.99;0.62;11.97;9.02;9.18;7.96;9.25;8.28;6.97
Pesawaran;3533.75;3167.42;3745.37;3490.62;4296.59;5541.65;4748;16726;7953;10780;7762;8773.84;11529.5;23148;3894.55;6399.33;6744.66;7282.29;8896.32;9607.61;10223;11915;15433;15977;16394;17874.51;20835.99;20426;5808.81;5910.9;5986.58;6239.92;6290.85;7897.99;8005;46310;53938;53614;47445;53028.82;72330.45;72444;31100.22;30801.05;33370.77;31512.6;30800.24;37992.48;46169;32756.84;32666.7;36221.06;37749.75;40931.38;42752.17;50800;19534;18690;24040;27727;27357.66;31133.53;34593;9892.67;12943.43;11422.46;11495.32;12455.39;13288.26;13755;712.55;1061.94;1047.28;2067.61;1821.92;2271.75;2109;360909;372649;403441;420032;452521;491249;524588;2.87;2.69;2.18;2.3;2;1.63;1.7;12.42;10.14;11.9;12.68;16.18;8.43;11.36
Pesisir Barat;3364.71;3668.87;3996.08;4857.88;4014.2;5367.31;5114;13302;6322;13853;8181;8429.9;8786.82;20214;4658.48;6178.87;7732.02;7432.98;7081.46;7609.05;10294;27394;25458;26824;28040;23986.92;24468.8;32234;5627.92;5395.78;4884.27;5496.4;4940.11;5490.47;7081;43384;46280;54105;52226;60504.55;63577.82;93117;37588.06;37927.12;43370.77;34709.8;34956.24;38209.68;56287;35314.62;44093.77;45183.77;52953.22;48650.17;50788.53;71225;23601;21918;28066;31350;24661.62;30015.71;39821;11390.9;11554.1;12958.87;13323.12;10343.58;12064.17;13475;1546.74;1777.39;1805.34;2342.36;2031.7;2220.91;2801;393302;407290;441917;460090;496629;545538;566040;2.61;1.6;1.8;2.39;2.22;1.88;2.1;8.66;7.88;7.23;6.89;9.03;7.23;8.4
Pesisir Selatan;2885.22;2781;2866.75;3109.26;3115.23;3816.03;3160;8368;7833;13677;8137;9836.96;10050.37;12744;5694.4;6021.96;5978.45;5719.14;7427.72;8988.93;8387;27406;28640;28154;27101;31886.63;34734.05;32438;2825.69;2981.77;2995.65;3187.71;3662.2;3972.33;3769;78118;80219;86000;78278;79941.53;84130.37;80740;35488.23;36305.71;36442.42;36547.22;36800.28;45974.48;51271;42444.56;46521.27;40516.48;41381.47;47398.13;52816.25;53972;27239;20834;26623;29507;31276.63;32057.15;42336;11579.6;10254.68;11640.52;11400.03;11381.12;11928.32;11237;2683.83;2471.33;2772.37;2931.01;3408.45;4080.31;4244;409882;431817;467743;491573;526564;554057;589787;0.77;0.76;0.81;0.87;0.71;0.9;0.74;4.66;4.85;5.2;6.23;6.49;8.65;8.82
Pidie;2442.38;2321.26;2561.43;3099.71;2943.7;3924.65;3186;10323;9104;13005;9772;12449.13;11432.21;14424;3639.59;3293.36;4328.97;5863.08;6308.78;6008.38;6441;33603;31810;33822;43932;41159.08;38547;42041;2233.49;2034.22;2948.39;2940.58;2943.78;3099.36;3049;86918;80293;93269;106960;96687.82;103627.62;109325;32603.06;37918.43;41298.25;42361.64;42675.06;48484.25;55937;27904.53;35989.96;36921.61;31585.6;38325.1;42854.42;36711;17838;15957;19873;23160;26796.09;22464.65;25966;12738.66;13101.65;13719.94;11854.6;11502.83;12286.75;12056;1084.53;1124.3;1645.37;1630.27;1765.3;1567.37;2012;435873;462059;493145;504452;535713;579450;607117;4.02;2.99;2.2;3.04;3.1;4.09;2.14;9.13;9.31;7.8;6.16;11;9.12;8.63
Pidie Jaya;2597.76;2119.22;3036.2;3414.2;3755.81;3248.84;3236;10617;12175;14562;12203;13246.38;12617.14;15116;3206.53;4344.35;4436.15;7110.61;7510.84;7732.75;6872;41964;41591;50973;44519;47470.09;50980.45;43117;2645.62;2755.75;3771.07;3676.53;3485.54;3706.11;3387;104142;99121;130798;109230;111206.05;95875.48;100172;35700.41;37190.94;40832.33;37781.05;40440.46;39495;51847;41348.04;38737.58;42694.36;45531.47;43316.43;40606.14;47762;19100;17941;27312;26700;27310.6;25513.97;26744;10626.35;10953.22;12235.63;12456.3;9821.45;8782.86;9466;1572.81;1633.32;2081.39;2017.31;2561.73;3072.02;2263;448201;455995;481308;495254;523239;572452;599755;2.6;2.85;3.08;3.61;2.66;2.81;3.14;5.09;6.61;5.1;4.82;7.78;9.47;9.67
Pinrang;4481.68;3997.45;4122.77;4609.78;4223.86;4842.75;4378;14430;12997;14240;7211;8535.83;12193.92;20653;4325.12;3242.75;3654.7;5530.73;3976.46;6373.21;5988;32949;28391;28203;29671;30285.12;34559.44;36063;2757.43;2584.32;2835.8;3311.58;2595.8;3354.51;3080;65835;74934;73261;70377;81913.88;92896.58;108211;31881.17;27284.92;30678.64;30708.6;28992.75;34526.19;37853;26492.76;33168.49;34686.22;31548.92;34837.55;40113.93;34290;10235;9123;10136;12642;11245.1;15106.79;15380;11030.66;10067.79;13672.44;13912.03;8363.84;10190.3;10694;1261.95;702.38;618.94;1840.63;999.34;2085.79;1244;280746;294349;336346;345892;366808;400091;414198;1.16;1.54;1.27;1.77;1.06;1.22;1.37;6.46;7.09;11.04;8.12;12.21;7.1;5.99
Pohuwato;2519.48;3400.44;3075.61;3845.88;3220.7;3595.95;3614;5957;12815;13472;6925;7384.66;8524.55;16150;3544.5;4801.33;2867.23;5961.56;3992.08;4539.36;5152;23879;21710;23390;30421;31033.93;31107.96;30915;2104.76;2517.63;2074.56;2659.05;2688.53;2830.94;2751;42292;50244;51566;56101;53329.92;65058.96;63789;30993.83;31516.47;31920.71;32101.09;36464.07;39068.88;45710;32280.87;32882.17;35094.6;39216.42;38499.85;29993.95;43206;16536;15792;16097;22737;21949.75;18522.25;19466;8542.18;11698.71;9873.39;10000.09;10720.54;9799.46;11945;1268.54;1618.02;1371.3;2209.71;1936.73;2160.93;1656;263617;275240;309174;327587;345924;370530;391236;3.11;3.27;2.64;2.64;3.16;2.69;2.89;10.57;7.83;11.48;15.32;20.02;18.72;18.22
Polewali Mandar;3005.54;3096.17;3194.11;3059.11;3452.64;3791;3969;18447;15819;13311;7009;7379.36;7640.82;20493;1864.41;2279.45;1538.13;2684.1;2114.87;2570.33;3083;24278;24082;24503;24737;26491.43;31068.57;28318;2306.96;2361.11;2468.67;3049.18;2860.1;3653.93;4002;45097;62800;61208;53122;78891.07;68438.14;68206;39577.8;37315.2;35792.02;36914.01;38539.44;53190.54;57427;20274.28;25679.14;26418.66;27472.8;30477.23;29840.84;43600;9485;10183;10066;11110;12895.23;13980.25;15854;9344.73;8225;8604.83;8295.06;8297.22;9293.94;9071;718.64;961.18;940.58;1980.06;1465.48;1913.63;1319;366355;376827;401057;416443;452836;482658;507347;3.08;3;2.74;2.52;3.26;2.42;3.09;11.44;6.54;9.49;12.97;10.4;8.65;6.58
Ponorogo;3566.95;3856.54;4438.09;5015.17;4967.54;5623.48;4665;10314;10842;11908;10901;12434.88;14009.88;13145;5959.91;6148.43;8376.39;9075.83;9460.35;10620.91;10472;6304;6631;8004;8154;8315.2;9939.77;8518;6784.88;6559.94;6886.1;7168.35;6694.95;7982.39;7754;67732;66424;74301;65007;79268.42;87796.72;79911;26979.43;25781.75;26513.62;26539.45;26306.37;30579.91;39449;15917.54;20081.65;20966.59;20834.65;25039.83;27740.01;29264;15417;14503;17330;22009;21285.95;25696.52;23395;11090.26;13740.39;13806.72;11786.5;11228.5;13797.73;12853;1950.45;2463.6;2332.23;3402.81;3018.65;4083.25;2547;297467;313175;326205;341090;362461;395069;413619;1.3;1.7;1.44;1.08;0.99;1.12;1.02;9.19;9.84;9.95;11.96;11.11;9.19;10.41
Poso;3202.22;3345.62;3926.31;4186.83;4601.42;5635.72;5623;16700;21084;19462;9260;10457.25;23667.74;21346;7492.29;7543.47;10389.7;10764.86;14308.41;18314.23;13608;24980;24303;27324;28894;34630.64;33011.17;35536;3836.28;4108.71;4394.09;5315.56;5348.93;6269.67;6482;67767;75226;74386;62680;74411.26;69026.44;62224;38286.9;36634.03;35971.79;40061.46;41868.29;52664.96;51264;27797.96;35286.16;36472.81;33044.59;37080.3;42084.84;41814;17321;19053;21186;22414;26738.42;24951.86;27869;14415.95;11940.6;14222.11;14901.39;13516.82;16558.51;17799;2627.12;1754.75;1950.4;3361.26;3330.78;3276.06;2365;449834;477801;515435;530022;561276;599881;620267;2.67;2.87;2.53;2.57;2.4;2.58;1.97;5.52;6.52;7.31;9.29;8.98;7.36;8.15
Pringsewu;3192.13;3205.7;3359.78;4256.17;4415.74;4151.27;5119;12505;8729;10800;9087;10230.54;12761.41;18038;5771.44;6517.74;6923.83;7616.37;8488.55;8160.36;7668;13399;15717;14457;15132;16753.84;15775.32;17029;5247.28;4979.13;5742.98;6972.6;6895.73;7344.5;8091;50616;58115;61856;59359;66609.1;67605.09;63191;29051;27639.04;29460.63;30313.47;29215.25;34611.95;42876;30059.28;30840.29;34408.89;38902.22;36887.1;36814.4;39916;19831;17847;21768;26914;24451.66;26018.21;27842;12154.77;13401.64;14386.01;15885.66;15457.88;12723.99;13433;716.36;1149.94;1370.67;2320.47;1407.27;2186.45;1331;408174;422691;458627;475983;511679;555787;583425;1.44;1.13;1.2;1.38;1.07;0.99;0.92;14.93;11.82;15.23;11.64;16.3;10.82;10.51
Probolinggo;4823.45;4146.76;4915.2;5157.1;4589.14;5947.34;5190;8055;5665;10099;6851;6209.93;9186.37;12329;5620.4;5353.88;8833.88;11718.39;8123.4;8922.18;8797;12408;13048;15432;16330;15241.48;17121.26;16860;7321.37;6787.13;7031.18;7785.29;7696.23;8844.16;8801;57098;58985;68598;56887;67564.91;64746.72;77610;34864.57;33425.6;33240.03;33479.66;34106.67;37602.18;50399;23238.53;25724.89;29903.7;27681.61;31459.13;37005.48;36856;10304;8770;13734;15274;13195.68;15822.41;17497;9705.49;8368.23;11541.78;9285.08;10337.6;11138.32;12739;1423.18;1151.94;2247.75;1943.19;1966.47;2564.18;2300;402532;417991;441258;451395;475713;514274;537724;3.42;3.2;3.12;3.26;2.54;2.87;2.63;9.86;10.98;9.74;11.96;13.68;10.43;11.83
Pulang Pisau;6742.98;6505.25;7711.84;8856.12;8548.2;9152.73;8508;10508;9719;13609;10328;11619.97;10345.34;19984;13193.74;14010.42;14458.26;16984.27;18940.55;17481.2;22603;30319;36053;31294;41082;35138.38;39966.4;44311;5329.37;5599.04;5228.26;6922.38;6108.66;6605.14;5836;67424;75784;81293;70214;77207.82;90801.59;95967;35165.53;35543.29;35042.04;36303.72;40541.27;52335.75;52707;34927.62;43899.32;45447.31;46969.94;38192.19;43419.21;54527;21703;22763;23659;32518;29745.85;31474.41;33008;14716.89;15122.25;17400.39;16834.32;16843;17002.21;15899;2331.87;1919.8;2117.5;3654.68;2532.86;3524.86;3658;349978;365674;395989;411258;454933;507058;542349;0.5;0.54;0.73;0.58;0.76;0.53;0.83;9.94;11.67;9.65;8.98;12.36;10.73;9.36
Pulau Morotai;3914.38;3756.1;3528.7;4517.02;4857.49;6191.16;5838;15612;20197;23434;10220;13474.61;18940.42;15331;2901.28;4803.09;3325;4655.45;6580.69;5015.92;5857;27290;24678;24100;32354;42119.47;46606.4;37961;1492.64;2328.84;1809.73;3140.67;2629.01;4111.26;2626;46225;37214;29485;47102;32390.48;58292.39;44077;40994.97;36976.64;37637.79;38037.34;41568.56;47153.46;56744;20894.98;42473.76;29547.59;39903.98;44494.54;39701.69;39851;20944;23669;20580;27148;35571.2;38472.71;35111;7711.09;6000.06;6314.31;8424.91;7974.09;12406.53;11075;8428.73;9081.64;9342.38;9870.18;8021.26;14497.21;9912;249242;265761;276746;291879;301712;379931;428136;0.94;1.5;1.05;0.72;0.74;0.72;0.66;33.78;35.62;38.76;28.87;26.8;30.64;30.13
Pulau Taliabu;3141.65;3052.2;3755.94;4579.52;3612.6;3603.65;4918;10354;17465;26801;6375;24269.9;19172.2;27569;469.34;1134.42;2193.49;1418.41;2587.46;5791.28;6777;20584;24285;25658;21993;27902.09;36955.23;30906;191.18;433.67;833.36;355.42;640.56;1327.71;771;26249;22298;24807;16295;31139.01;44993.86;53152;38247.3;42774.82;37232.48;40376.28;42939.49;52779.81;50700;37836.82;38674.46;39415.9;33483.22;40660.69;61430.94;51581;15809;16737;19063;18932;20002.35;27631.07;22162;5337.62;5795.1;7727.89;6386.55;7443.83;7888.37;7762;4604.3;8251.67;6014.16;8734.53;7598.68;5996.58;7635;360955;387664;401710;425241;448735;491203;525953;0.85;0.82;0.89;0.57;0.83;0.68;1.08;41.77;45.3;44.39;49.84;38.62;39.21;32.64
Puncak;7976.58;6905.06;9702.4;14045.62;11045.06;9876.76;11134;2352;8688;2175;3575;2805.72;3670.34;4461;14753.53;23559.1;12435.74;17510.57;26175.03;30153.83;32120;0;0;20;2532;526.76;0;308;0;51.24;0;655.56;470.69;2406.63;2685;9267;13217;16299;17796;25855.58;24409.55;30176;6389.12;19295.08;5385.56;10711.04;11660.9;11336.04;12322;15026.78;13807.48;14669.98;16347.98;13498.3;11067.52;14358;68740;71587;76609;89409;80152.97;78459.07;88019;14632.48;15943.7;17788.77;21880.61;26548.02;27693.19;16568;85405.2;83534.68;78900.34;99290.74;89266.94;96189.26;88964;611369;630074;664865;721541;754778;836828;888666;10.58;9.7;8.61;9.92;8.2;9.12;5.98;35.21;38.02;41.01;34.54;39.51;47.27;52.86
Puncak Jaya;5344.29;9605.18;14389.84;21722.64;33158.24;29074.6;22462;13298;7534;5496;8270;17170.86;8584.68;51602;35578.79;43244.1;86856.1;68261.78;170973.98;110289.32;104679;11136;15087;22469;25476;33214.78;29106.57;37628;9741.57;2853.57;6692.26;1974.77;31496.92;12283.92;9176;23439;33523;35401;16089;25199.45;13898.09;40757;66078.77;31344.24;90022.88;69264.22;78605.33;64509.26;90865;16113.88;21510.13;43612.29;156920.62;50531.52;103710.87;89669;62545;90716;112747;150855;156360.74;123694.12;162336;14026.01;15831.09;24186.84;21008.7;39251.44;32021.2;31582;137599.72;75430.43;76591.51;93621.87;91757.54;53008.84;118326;589022;604945;639503;708658;744762;823079;879631;13.16;9.49;13.41;12.4;13.9;7.28;9.81;21.06;34.97;20.86;23.41;28.11;39.43;16.97
Purbalingga;3792.45;3665.65;3610.33;4068.36;4442.02;4887.63;4650;13978;12226;9726;10576;9755.57;11168.14;16699;5948.52;7059.96;5844.13;7666.19;8901.05;9121.26;9847;5210;6292;4737;6224;6852.07;7141.74;7414;6211.74;5786.45;5597.54;6694.22;6510.29;8159.65;8659;64793;65094;68670;55915;60986.65;69836.68;79188;22904.52;22172.57;24312.45;25814.98;25398.61;33152.32;37413;24015.9;27389.87;29800.04;29017.73;33717.71;34506.23;34789;15105;15708;16768;21523;19939.89;23417.83;22873;11493.64;12395.61;12455.92;11370.09;12453.01;14342.63;13092;1301.73;1743.49;1388.04;1965.89;2132.12;2264.14;2304;324735;355702;375199;384183;407849;439208;460870;2.79;2.24;2.32;2.1;2.08;2.52;2.1;9.82;10.25;11.54;12.15;13.24;10.08;8.63
Purwakarta;6024.86;6353.58;6361.93;7826.34;7007.34;9253.15;7393;14831;13640;13205;14994;13682.22;16422.6;19027;12603.91;12854.63;12895.25;15455.13;16065.06;17716.44;14501;14943;16032;15178;18930;20928.59;23056.6;16481;5891.94;5968.97;5192.25;6650.49;6581.11;7453.74;8215;99154;108006;108309;125642;100632.74;112600.04;110044;31330.42;28537.53;27622.08;27770.4;28836.73;40873.01;44700;34737.46;41639.88;38102.7;55812.01;56878.35;62263.74;52924;14241;14556;16192;22141;21650.13;25270.3;20549;16064.19;18091.38;15008;16819.22;15742.21;17349.27;17856;2203.75;1908.98;1993.92;2792.25;2706.87;3327.73;2589;352061;367273;378287;387754;403663;434187;467948;0.87;1.24;1.04;1.31;1.19;1.48;1.37;4.21;3.73;4.08;3.45;6.72;5.07;5.84
Purworejo;3548.44;3355.75;3431.66;3874.22;3741.57;4068.23;4566;13277;11678;11856;11732;12046.98;12811.23;16768;6417.63;6129.47;7955.56;9439.11;10147.31;11431.7;12022;8047;7432;8198;9015;9429.69;10037.61;10542;5904.67;5435.24;6081.77;6594.98;6338.94;6669.6;7693;60052;50818;61739;62215;72613.95;68089.11;77590;22651.58;23436.44;24071.16;24076.65;23459.03;26447.97;35083;19000.43;23682.75;23367.87;23172.58;25138;25107.52;30132;16646;15298;18780;22755;20451.74;22755.24;26707;12106.85;11847.8;14412.2;15694.78;12974.37;14538.23;15436;1222.52;1299.95;1512.67;1914.52;1921.37;1871.24;1923;335995;345458;364289;376127;393731;427622;459253;1.67;0.84;0.98;1.36;1.31;1.78;1.08;15.75;17.6;16.51;15.87;16.57;14.71;11.51
Raja Ampat;4008.41;5160.66;5361.7;4352.98;5204.7;4758.68;5603;18394;20753;30428;9558;10527.83;12585.5;21983;8864.7;8029.36;5902.08;5892.04;5500.05;5595.43;10924;31285;36266;35589;41193;37930.01;39245.18;38201;2822.18;3149.84;2944.95;2368.3;1562.22;1332.25;2439;66876;60551;61051;37407;43987.24;47625.71;61707;33962.12;30839.24;41433.82;40504.91;41412.51;43764.93;45178;38408.76;60822.32;54615.05;58203;75206.66;68056.82;66632;28973;25680;27995;28902;28490.98;31592.85;30270;18429.73;13453.36;13101.15;11913.5;11024.62;10843.76;12775;4298.77;7441.68;7196.41;12367.97;8392.47;8622.44;8410;326050;347203;374488;388021;464797;557107;629473;2.7;2.61;3.06;2.82;3.07;2.53;3.1;18.56;16.41;22.32;29.44;29.02;33.62;21.95
Rejang Lebong;4237.05;3743.39;4797.74;5574.76;6300.61;7486.4;6691;10531;9508;11181;10963;11445.01;13013.5;18829;6660.92;7572.39;7900.55;10129.63;10402.45;12737.21;12603;13996;13055;14274;16400;17656.5;21546.27;21260;4953.09;4721.19;4530.22;5196.88;5728.05;6600.34;5553;53745;66849;60408;70434;63628.08;78779.11;77672;36013.01;32324.91;35846.98;37793.56;38276.86;42768.25;46083;32542.84;35361.27;34072.33;38389.94;36793.67;43186.71;46770;24386;21559;25450;28398;29284.74;34987.29;39200;10411.54;10978.93;10484.26;11403.57;12007.78;16826.09;12307;2044.33;2481.8;2114.87;2731.15;2428.2;3173.69;2798;434643;449999;472555;487490;530029;566433;595125;2.01;1.47;1.79;2.04;2.76;2.81;1.99;12.78;10.27;11.62;11.27;16.55;11.66;12.54
Rembang;4062.14;3420.92;3719.18;5537.96;5511.71;4503.39;5368;12178;11297;10842;11213;13079.7;14399.04;16805;4952.69;6248.69;5621.9;7933.64;10706.01;10191.5;12186;12188;13776;14351;16854;16777.09;17136.02;17546;6089.4;5511.21;5501.62;6477.32;7083.41;7621.73;8496;73051;81249;81959;87244;115079.66;103432.41;112574;25408.68;25487.88;29596.15;28404.41;28695.94;30797.48;43692;31235.12;32327.67;33040.09;40198.1;45909.13;44721.17;48813;14670;14090;16542;22401;21112.8;22647.65;25584;9012.88;8393.41;8995.07;8768.85;11242.92;10167.16;12011;527.96;722.28;786.62;1219.64;1220.44;1115.03;1125;365443;384561;403932;414977;441482;477514;518607;2.86;2.32;2.44;2.77;2.41;2.52;2.76;11.86;13.28;13.98;12.89;11.22;10.15;9.17
Rokan Hilir;3986.46;3253.4;3616.22;3761.1;4326.84;4715.32;4669;10221;10255;11916;10251;14963.45;11819.51;14323;9692.12;10000.5;10147;11585.11;15548.18;12784.16;12597;32495;31441;35495;34210;42422.52;37282.77;39416;3662.55;3954.12;4102.35;4871.1;4719;4643.27;4426;63022;61703;71754;62515;74455.58;73578.41;79574;33124.01;33006.55;34061.93;35447.36;35066.68;37582.11;44364;35697.54;37223.89;43825.66;44711.29;48054.58;49446.94;55374;25696;23900;28950;31350;33284;31353.42;36371;14366.93;12827.42;14340.28;13804.79;15762.83;16221.3;15032;3115.59;3132.41;3553.27;3958.83;4524.76;3750.37;4050;371067;388701;418473;437398;465614;511610;545799;0.89;0.86;1.1;0.79;1.34;1.22;0.85;9.94;8.6;8.24;10.19;15.93;12.62;10.47
Rokan Hulu;4278.02;3923.96;4435.66;4415.42;4516.44;4618.44;5026;10975;11670;12665;11687;13265.61;14229.6;19447;12045.05;12687.32;11006.13;13452.95;16587.42;15106.55;15685;26783;30908;28370;32815;37681.73;38263.32;41701;4560.32;4095.96;4358.69;4902.85;4968.53;4908.93;5400;64337;80211;74035;74812;79340.05;90427.63;99774;39032.48;38623.99;40137.34;40304.32;41270.08;47614.05;54771;44416.8;43023.94;41760.13;48449.74;53246.25;63290.97;82741;27320;24069;32310;35920;36093.29;36640.64;50207;15406.98;14699.81;15446.55;15231.36;13208.35;15752.08;16290;3345.39;3101.7;3557.79;3475.44;3934.96;4148.9;4610;467343;488401;532643;551351;585225;647599;699018;1.88;1.87;2.04;1.51;1.51;1.54;0.96;8.59;6.98;9.64;9.78;14.58;9.32;9.27
Rote Ndao;2194.6;2217.15;2050.52;2561.98;2378.36;2005.5;2491;2635;2336;2747;2848;2411.3;3781.1;2791;8424.63;9708.98;12202.48;11132.35;5434.53;15589.23;13353;18106;18883;22630;26264;22582.32;23933.37;29081;2278.27;2547.24;2399.75;3535.42;1568.2;2218.16;3037;25477;25408;33586;17895;25838.46;25365.4;26823;47821.96;45868.15;48049.57;51193.32;36968.34;49360.25;68349;12096.52;13283.12;15357.96;17920.76;18735.11;16763.97;19772;13478;14873;17174;21500;16502.44;19623.56;21606;5488.92;5152.67;10485.36;9189.43;6791.08;6508.38;7435;649.69;294.35;310.32;788.4;274.76;478.16;440;287867;305166;322619;341135;372179;410491;426843;4.73;5.08;5.36;5.82;5.31;4.97;5.23;17.4;20.65;16.95;16.2;24.11;18.56;13.81
Sabu Raijua;2913.02;2763.87;2847.87;2241.2;3435.36;3321.88;3959;2156;2957;2753;3363;4352.21;6392.77;6734;19259.97;21586.45;20728.57;44962.54;18993.58;21797.47;34904;17673;23068;25388;26290;31256.6;32943.77;38080;6069.98;7952.32;9228.98;10725.12;7563.34;8825.15;6568;21963;32997;34342;27845;32793.47;38837.96;40384;48044.29;54373.67;52609.42;58104.5;67776.58;62657.5;66038;12313.77;14602.72;16090;26010.18;26192.45;25307.82;30754;17841;20206;22868;26224;27703.7;30106.26;31088;7159.07;9213.86;10107.93;10079.98;11807.06;15954.08;12889;1025.02;492.18;1148;720.92;1163.45;1038.9;676;368187;374256;403846;438492;480844;526831;549947;6.6;6.2;5.88;8.12;4.61;5.16;5.52;15.06;11.78;11.43;9.23;10.15;10.63;11.05
Sambas;4888.13;4625.25;4889.02;4400.94;4722.16;6007.68;5119;5688;8303;9117;6878;9558.48;9490.25;14678;9140.28;10682.89;8934.79;7717.96;7342.72;10165.79;10421;29828;32815;36063;35563;29612.91;33015.06;31447;3299.83;3494.1;3485.9;3638.62;3078.87;4063.94;3434;61733;67891;72497;60005;124765.58;108525.59;133263;31610.54;31649.08;32505.95;33799.32;28786.42;33115.52;43333;22884.33;23938.63;28511.22;28468.65;29193.75;35022;32381;16336;17388;19511;19490;17339.74;20504.4;18012;14548.19;15387.23;14565.23;14523.28;12600.11;14461.29;13110;1447.36;1044.49;1384.74;1921.19;1432.61;1604.91;1702;407346;427240;438062;451173;472079;498209;528017;1.02;1.28;0.83;0.76;0.85;1.1;0.85;20.36;21.21;21.27;21.96;18.48;16.85;12.78
Samosir;2304.72;2062.45;2500.25;3502.76;3564.15;4087.59;4314;9890;11001;15347;13701;17619.57;21232.72;20290;11266.12;12689.53;12547.69;16251.28;16119.11;21401.39;28712;40382;41012;44394;47734;44810.03;53731.36;58889;3115.27;2927.67;3718.92;3755.06;3793.34;4454.39;5726;45341;52797;52119;61229;67037.08;58534.08;86922;44888.72;44108.74;45259.18;46177.95;46758.45;58196.72;59391;38017.84;40871.35;42254.34;47667.93;52018.52;53970.86;60076;19321;18503;25474;27950;29820.79;29202.85;39214;11957.17;14116.24;17816.84;21238.19;18054.15;18291.41;24939;2672.96;2748.16;2592.29;3143.08;3109.74;4213.36;4526;299640;315825;341843;370082;396267;425875;455397;1.7;1.63;1.84;2.2;1.63;1.87;0.98;5.16;4.81;5.85;5.01;5.95;6.31;5.31
Sampang;4235.39;3747.36;4300.12;4231.3;3755.79;3800.22;3782;5916;4188;5600;5201;4430.93;5389.59;5623;4894.28;5566.2;6401.92;7172.88;8806.39;8140.32;8174;23105;22491;23167;21828;23539.71;22250.46;22928;7880.96;6328.15;6764.26;7420.4;5824.96;6293.82;6846;48637;43604;40515;40600;43859.7;46900.2;48489;38870.93;34259.94;39247.2;33367.02;35929.93;37237.56;55934;31654.35;36650.2;34094.09;35042.03;41573.15;42478.04;44250;13478;10866;13913;15452;14382.58;15389.52;16353;8107.32;7341.57;7148.89;6964.97;7192.2;7354.1;8213;1125.78;822.25;884.29;1065.84;1358.3;1246.5;1061;325825;346075;374908;391032;411661;454716;491753;3.06;3.2;2.93;3.66;2.88;2.84;2.86;4.95;7.08;7.8;10.81;13.44;9.09;9.44
Sanggau;5124.07;5140.3;5587.23;7112.76;7140.99;6964.66;7206;5318;6555;9292;9125;9192.17;7098.91;11601;16373.07;15716.7;18983.71;21919.63;23638.1;21324.83;23781;24004;25513;28375;37665;34685.78;34770.57;36068;3504.92;3042.63;3626.24;4536.68;4683.4;4284.69;4409;41764;47634;50084;62251;62946.06;61201.14;73098;35964.96;35642.18;38200.77;38985.5;37657.74;35306.51;46267;33034.91;33384.96;32538.07;37339.22;40190.32;44170.33;47004;20752;19704;24525;28384;28782.08;27540.37;27316;11790.66;13388.12;14824.51;17823.01;16259.9;16991.76;17651;1433.49;1432.8;1656.25;2164.11;1920.76;1724.59;2005;312909;328763;346983;363714;395305;416112;440303;0.51;0.48;0.82;0.62;0.85;0.55;0.45;24.03;25.16;24.52;22.76;21.72;18.52;16.45
Sarmi;4147.68;4071.11;4011.75;3550.79;5913.32;4687.08;4610;11194;8802;17906;6068;10975.21;10617.99;15090;16564.16;17929.13;14727.44;15773.91;19366.82;23832.06;22606;35957;38216;50549;37967;31321.31;44468.81;58236;7356.83;4668.34;3761.59;3135;3064;4002.56;4065;44174;58452;51534;53113;49027.15;42633.6;44602;29526.86;28108.95;28607.95;30889.12;30915.7;27978.98;32086;31726.64;27300.69;54353.76;40653.64;39161.93;40990.28;68087;31736;29615;31048;27982;30092.02;31767.06;31188;15607.32;15139.34;14782.65;16010.96;12541.92;13932.8;14168;7725.27;11244.75;17190.15;13349.24;13336.99;15820.49;14619;472720;518491;535586;554491;584626;633124;653436;1.72;3.01;1.56;2.33;1.85;2.04;1.87;40.18;48.13;38.54;51.06;40.04;43.89;41.91
Sarolangun;4212.95;4453.54;4223.52;4748.41;5386.02;5805.02;6155;7973;7550;10932;8598;11620.1;11438.68;27920;10229.86;10771.06;8914.65;12064.2;16417.65;15796.2;16034;22182;22904;20920;24584;27769.38;30290.75;29048;4327.3;4419.25;3824.95;4236.01;4693.29;5005.66;4771;48901;57383;52373;56646;64030.3;66217.49;59899;37657.52;37587.56;35773.2;34750.8;34671.42;39628.64;45664;33292.28;42076.58;43209.64;40583.14;49649.4;61161.18;57089;26317;24204;25833;30857;30175.11;34004.94;37421;12407.08;12377.27;11428.3;13210.74;12859.57;15627.9;13911;2615.77;2602.32;2332.55;3363.79;3380.4;4379.05;2989;403411;424223;459092;472866;497951;545939;607306;1.49;1.17;1.08;1.13;1.32;1.49;1.09;10.84;8.8;10.26;8.82;11.15;12.77;9.89
Sekadau;5372.68;5244.08;6666.57;6438.4;7571.35;7254.97;8110;5738;6180;8741;6417;9185.57;10085.9;24511;19325.19;18429.98;20108.66;19941.71;23813.53;23176.99;35688;26045;28753;30638;39175;41412.79;41406.97;49144;3194.46;2672.82;4047.75;3787.81;4748.48;4436.29;5266;50254;66906;62665;57686;65042.11;66409.28;88345;44296.94;42267.55;45971.02;44418.6;45201.31;45035.81;49405;29053.98;31309.09;30187.38;29368.09;33877.23;42407.87;45844;21842;21324;26677;24591;28425.96;27632.67;32466;12584.97;11499.79;15244.29;13299.35;13590.41;15420.55;16717;1284.54;974.72;1570.25;1702.49;2297.86;2487.66;3337;313930;329835;339456;351726;370836;392195;414782;0.53;0.5;0.58;0.78;0.72;0.91;0.55;24.73;24.41;22.21;23.77;23.51;20.1;16.14
Seluma;3466.22;3533.36;3638.1;4549.28;6613.78;5883.88;5518;6732;5466;13466;6946;11999.59;11104.76;15043;8075.94;7624.97;9082.72;9288.96;11990.62;11570.7;12410;17349;17737;18817;19931;25920.76;25596.13;26850;3977.99;4207.73;3737.74;4148.34;5568.69;5673.03;4793;47934;50625;53172;50500;76504.68;70521.17;67444;36319.19;37188.54;37721.66;35737.24;34852.8;40975.45;47620;35902.08;39495.43;41017.11;39352.84;52087.68;59013.82;58604;23057;20284;23695;25235;28685.17;32525.03;34724;10728.88;10157.89;9109.38;9997.65;13064.91;12916.55;11994;1840.93;1997.28;2067.9;2356.99;2967.65;3487.31;2697;377647;386321;400090;414446;444931;478617;502739;3.22;2.71;2.87;2.7;3.02;4.04;2.43;9.46;9.73;7.38;7.97;8.63;9.06;11.05
Semarang;5140.42;5243.64;4877.52;5219.58;6348.82;6953.58;6441;17510;16121;13712;11435;14542.69;22122.48;20817;9128;10606.45;9651.5;10595.47;14961.76;15492.06;15163;10153;10586;10297;11814;10672.56;11166.27;10249;6929.47;7247.06;7081.64;8847.44;8817.64;10636.29;9380;76778;75556;86105;76118;86522.64;89656.83;97234;25737.28;23015.84;23961.11;25038.96;25995.37;30605.82;35115;24133.18;27202.19;30144.44;28769.08;32364.1;38724.71;39192;19495;17456;21376;25064;23085.19;27214.13;27154;15519.01;16515.62;16968.11;14717.63;16682.25;17780.64;17672;1655.75;1945.88;2016.33;2474.4;2937.73;2889.79;2229;341576;377674;404455;416395;459151;498952;520639;1.51;0.63;0.96;0.95;1.03;0.82;0.91;7.93;9.65;9.68;10.84;10.61;8.28;7.71
Seram Bagian Barat;2249.27;2977;2817.26;3003.04;3898.87;3865.35;3094;8493;18526;18270;6777;8949.88;13407.86;20156;2123.86;2339.67;3807.93;4547.66;4523.56;3123.6;5672;23664;24893;28088;28969;29405.24;36501.12;29844;1422.42;1433.5;2031.12;1740.15;2005.97;2695.57;2088;30875;39492;37760;38824;58691.33;48233.43;54748;28072.54;32528.96;37360.73;33698.86;37023.06;43879.36;42755;19215.54;19161.76;21219.51;22304.15;26878.72;29066.82;30619;15502;18690;20099;22330;24205.15;28591.15;23126;7254.54;9530.95;11117.65;9292.04;9521.96;10941.09;10223;6704.09;6834.82;8329.98;12841.61;12892.48;13229.58;10787;359085;394628;419793;427355;449297;486747;508517;4.15;4.86;4.46;4.34;5.09;4.56;3.38;47.4;42.7;43.3;39.2;37.77;32.7;32.71
Seram Bagian Timur;4099.42;3136.08;3243.27;3733.16;4464.05;5157.43;4561;9477;11839;19450;6944;15386.1;14214.04;27967;1671.46;3494.54;3403.3;3714.68;3611.14;3539.55;1764;24562;27341;31472;23804;30283.59;33923.46;33975;1414.42;1913.76;1640.46;1604.48;1813.99;2049.78;1243;38997;40981;49677;40307;47022.24;60282.28;45972;33869.57;33329.51;39630.84;32747.07;36292.52;37891.24;41880;27194.02;32916.44;39682.18;29202.02;33133.68;35347.56;30152;19318;19812;21600;21783;23365.92;26897.08;22462;8108.35;7502.19;11254.84;8547.22;9710.31;11101.04;8667;5369.82;6645.31;4878.31;8078.87;6019.28;8431.97;6609;341261;375040;398430;403573;421902;458176;478721;3.92;4.35;4.44;3.79;3.14;3.29;3.22;41.6;41.52;38.31;35.93;30.54;31.79;33.34
Serang;5557.37;5332.32;5237.01;5522.83;6483.78;7700.68;6986;13626;12104;12141;8674;12220.17;13656.21;18659;7228.87;9654.58;8546.63;9805.63;13496.5;12802.34;12609;17881;21912;18287;17744;25908.1;26094.72;25380;5342.35;5682.09;5200.06;5537.73;6965.76;7786.19;6347;84736;91712;100333;78652;92145.76;108068.05;105640;33922.79;33254.42;31805.47;32918.13;32041.8;37531.56;45122;49292.81;46364.62;51804.08;54350.13;64665.29;67267.28;62896;17081;18255;19027;21545;23944.35;27506.56;26558;12020.32;12622.04;13124.08;10996.02;12077.18;13964.46;12898;1135.79;1521.48;1476.48;2120.68;2550.72;3405.44;2132;294829;309036;341074;362102;385864;425751;449291;0.8;0.65;0.4;0.61;0.56;0.67;0.79;2.56;2.37;2.44;3.03;2.9;3.23;2.13
Serdang Bedagai;2609.72;2594.62;2556.99;2974.96;3539.39;3611.05;3522;11327;12124;11857;11879;13932.14;12595.9;12153;6120.3;6221.07;6253.25;6847.75;7026.39;10336.51;10465;25537;26624;26981;32300;32744.98;33027.67;32637;3552.29;3836.01;3499.96;4101.46;4371.61;5121.18;4711;78056;80045;77810;66089;74241.9;73951.62;78109;31803.86;31665.42;31098.41;33876.11;34600.05;42926.58;46002;32927.67;34813.4;37512.89;38904.85;40922.58;47025.74;39220;20965;18150;22521;25944;27087.27;28011.96;30868;14637.47;13993.75;15639.41;15476.8;15393.99;15856.11;15547;1857.19;1829.21;1961.59;2743.89;2666.86;2762.94;2639;361623;382283;416991;448372;478072;503955;518209;1.1;1.32;0.98;0.87;1.11;0.89;1.11;6.49;5.3;8.19;7.58;9.64;10.59;8.46
Seruyan;7380.53;8077.22;6991.42;9515.26;8679.74;10548.23;8378;9264;11400;13427;9701;12271.4;12307.29;22109;14714.72;15847.02;17987;23282.94;25731.07;18697.29;23921;33621;36859;36866;43499;42581.86;36410.85;40905;5011.26;5058.81;5776.8;6001.78;7518.92;5949.9;6372;72899;73290;80542;76804;78149.56;106351.83;98410;37615.44;31382.21;37412.32;43035.48;49443.46;48012.28;49218;42758.17;52028.5;52184.46;59773.76;62312.03;62589.49;83926;24691;22861;27449;38328;39229.69;35722.82;34122;20174.7;23622.9;23909.05;25155.33;22773.17;21822.31;22182;1642.75;2364.6;2687.04;3896.61;4620.3;3909.18;2870;428539;454971;504264;529892;571049;608186;642281;1.09;1.26;0.87;1.12;1.25;0.6;0.92;7.68;8.35;7.9;7.18;10.74;7.11;6.37
Siak;4901.84;5108.09;4663.04;4995.52;5871.53;7400.74;7417;11810;14406;18058;13820;14902.51;16239.63;16607;12265.6;12767.2;21659.59;17769.93;17007.45;19545.42;18715;32844;36273;66498;32802;40720.68;45514.61;39384;4760.81;4945.64;5179.92;5441.3;5340.97;7614.42;6380;72125;74712;78304;81374;92248.84;102988.89;96351;31791.78;35081.08;35194.34;33960.74;33604.16;39582.66;44022;34288.88;41923.97;44405.53;52832.12;44091.34;51760.98;53287;28540;29935;30262;31257;35518.87;37943.01;44112;19212.1;18759.74;17995.24;21493.46;17324.51;21171.05;20672;3468.8;3082.57;3353.23;3173.38;4296.26;5879.21;4949;431814;443868;473128;489467;518768;558867;595659;0.65;0.64;1.27;0.61;0.77;0.66;0.56;8.94;7.4;7.02;8.75;13.07;10.33;10.75
Siau Tagulandang Biaro;3457.33;2234.12;2911.86;2868.83;3309.57;3609.34;3559;12920;14055;23182;14796;11282.64;14303.1;23091;5579.38;2721.6;6480.97;5363.33;7369.82;10813.87;12579;30921;25962;28182;25848;31027.37;29658.55;30155;2428.38;1759.05;2025.59;1784.37;2414.22;2423.35;2098;73753;59783;59460;50148;53965.6;66332.58;74182;40603.72;36286.04;35506.58;35434.91;38650.93;42674.7;41474;22946.76;23038.55;25563.2;25948.88;29748.09;34689.62;36776;19092;18808;18793;22986;26089.21;27450.65;27147;14424.54;10187.25;12387.34;11960.16;11774.68;14683.05;14266;6322.57;4027.5;4305.97;5152.4;6789.76;5359.66;4494;284021;302736;312581;327263;339250;370423;388056;1.51;1.52;0.83;0.97;0.58;0.95;1.06;3.73;5.77;6.59;9.55;8.23;8.85;8.24
Sidenreng Rappang;4648.76;5630.33;4746.02;5762.48;5699.66;4976.56;6576;11665;16973;14365;8170;10655.18;10785.65;22491;6545.91;6597.27;8420.63;7997.67;8285.8;8322.65;10114;31658;28852;29678;34283;32169;35964.32;37584;3914.66;3806.45;3947.63;4804.13;3952.62;3934.29;4118;100765;83668;74260;93155;84838.55;87046.42;107360;26561.74;26746.78;27231.1;33612.55;28015.2;35352.28;41954;30082.24;34445.06;33504.58;40361.02;40792.62;46456.29;49006;11418;11139;12323;16086;15342.56;15544.44;19822;11996.86;13023.92;13096.13;14056.1;13503.61;13026.49;14154;1093.68;1166.16;1119.46;1364.09;1209.09;809.72;1240;299332;312800;349452;360591;383134;421321;458509;0.94;0.6;0.82;0.64;0.86;0.54;0.51;5.9;5.53;9.62;6.33;8.71;6.81;4.58
Sidoarjo;5485.52;5249.53;6000.98;6734.32;7868.68;8439.53;6877;22723;20005;17577;18436;19139.26;19738.44;23914;17003.2;17978.64;17402.06;21838.81;24185.14;25913.25;25307;24409;24708;23116;28372;29142.38;26909.64;31441;8379.46;8402.55;8292.08;9068.5;9948.31;10326.82;10282;117984;122040;120374;124467;112937.98;130662.52;140089;26292.36;25522.99;26804.94;29426.86;30804.91;33401.72;43534;28120.92;31586.08;29709.26;31169.96;37629.29;44608.9;45638;17788;16833;19346;25972;24804.19;26174.08;28390;26112.81;21975.19;25613.8;24622.31;23048.65;25852.54;23706;2711.09;3003.1;3160.29;4021.7;3602.73;3508.75;3611;437899;462738;486421;502524;523213;571696;597284;1.03;1.22;0.96;0.95;0.84;0.72;0.64;3.98;3.38;4.09;4.84;6.34;4.03;3.07
Sigi;3728.61;3866.86;4151.2;4185.61;4748.86;4528.4;4735;7667;9110;12327;8627;9614.55;10528.63;14974;4209.45;5726.29;4798.68;8251.58;6253.39;6084.42;5871;17037;18824;18276;19929;20401.23;20635.5;24446;3417.75;3795.64;3747.28;4581.45;4760.12;5328.93;5408;52915;64669;57737;48096;51873.94;54921.42;57420;41684.73;36760.14;37625.34;40350.93;42799.07;46668.56;58243;29891.75;36574.44;31877.29;34767.51;41590.34;45875.58;44493;16904;18523;18630;23129;22864.89;26107.98;26950;9128.23;11906.06;10357;10914.92;10959.47;13023.07;11449;2535.8;2274.63;2291.62;2605.38;2388.86;2642.36;2676;316949;344631;370788;382579;409679;445106;463011;1.66;2.17;1.96;1.7;2.01;2.4;2.52;7.05;9.7;10.66;12.56;14.12;14.11;12.6
Sijunjung;2790.77;2873.29;3768.53;4074.52;4508.45;4910.99;4332;9916;9389;13540;10271;11471.79;12899.93;17165;8809.13;9607.73;10472.48;11398.5;15604.53;14598.63;12233;19050;20328;22126;23851;25910.97;28682.02;25842;3281.18;3322.31;3516.78;4028.94;4228.28;5044.03;4726;81370;67905;74891;79133;74248.3;103387.21;93536;34357.25;38110.92;38225.25;38867.08;37495.8;43008.72;49593;39894.33;36364.16;40972.86;44174.87;48751.09;55616.96;50910;29234;25168;31911;32691;35168.91;38588.38;43270;12964.16;11056.45;13055.53;15270.83;15044.13;17393.17;16508;3329.18;2867.64;3130.3;3845.7;4071.98;5185.46;4217;379046;400861;433147;455346;484572;529460;565067;0.88;0.94;0.97;0.86;0.96;0.85;0.71;5.97;5.8;5.68;6.01;6.69;5.88;8.67
Sikka;2262.97;1677.2;2027.14;1825.5;2796.92;2522.4;2927;5314;4910;7221;4954;8063.39;5150.29;9621;3558.52;3668.85;6353.97;8426.83;6810.35;3441.33;8605;18633;19630;21265;17228;22623.87;25679.34;20885;1640.67;1405.77;1874.2;1921.7;1755.26;2018.61;1668;35822;44816;42437;44629;41019.98;45795.68;66033;47931.46;41993.37;42989.03;42849.15;45324.4;51839.56;64201;13532.17;20678.06;17462.6;18812.6;21431.75;26986.4;27164;15844;14987;18006;16496;18734.29;20382.77;18504;5996.42;5481.79;7332.88;7411.35;7820.87;5916.25;8915;3041.99;2056.28;2325.11;2459.26;3548.81;2388.82;3371;298357;301994;324775;354234;389455;428352;434074;1.61;2.11;1.89;1.26;1.8;1.58;1.57;14.74;17.14;16.84;15.18;13.97;17.61;12.8
Simalungun;2456.06;2419.85;2510.03;2967.1;3127.08;4308.22;3214;9820;13040;13864;11941;13447.1;17264.83;14920;8921.89;11385.74;11699.2;11713.52;13089.1;14636.52;11984;26172;29489;31445;33469;35577.79;42231.13;36034;3865.78;3505.79;4189.77;4679.28;4275.39;5804.35;4892;62984;75426;77165;64638;70426.84;92061.6;74722;35450.45;34949.53;34957.78;36966.51;37426.6;45842.02;50024;34079.97;41273.17;41164.99;40481.65;50815.56;50752.33;52328;22029;18794;25612;26792;29467.5;32993.51;32796;15391.26;15216.63;18304;13835.11;15729;18345.12;18090;2023.94;2408.17;2547.16;3023.55;2953.59;3856.24;3288;342477;359540;387549;416714;441744;467926;496959;1.59;0.99;1.47;1.12;1.69;1;0.75;7.03;6.12;8.06;7.58;10.17;11.19;8.34
Simeulue;2823.74;2946.69;2884.86;3023.97;2995.04;5280.21;3836;6400;7449;7166;6078;9494.22;10575.17;7955;3015.88;5073.79;4042.45;3702.9;6866.52;6123.71;4054;22143;28903;30430;25493;33619.37;39294.24;35572;765.78;1191.13;1225.26;950.55;1164.95;1758.68;1039;45146;53205;46259;47490;57118.09;66507.94;56366;44114.63;39003.69;48063.13;44714.02;54102.98;45689.23;47071;26293.08;43157.28;35394.87;30166.46;42448.65;41111.21;45752;16705;16535;18355;17959;24700.97;24636.48;26305;11383.17;9908.68;10531.42;8144.82;8469.14;13808.5;11342;599.45;1285;1141.32;1064.75;1728.66;2291.8;1064;368068;404739;444754;458896;493303;538693;576505;3.11;3.05;2.21;2.37;2.73;3.26;2.62;14.12;13.08;11.44;12.43;15.8;10.91;10.08
Sinjai;3470.03;3527.25;3597.47;4906.7;4118.22;4724.34;4406;15334;16986;17024;15504;16505.39;12388.65;24011;2864.83;3198.21;3942.14;6317.62;2457.79;4869.92;5350;25820;23782;27783;32004;28358.38;27275.68;32441;2252.04;3227.11;3446.12;3644.91;3299.76;3807.11;3722;45652;55293;66522;84098;70082.32;67195.46;68831;28424.25;27492.55;33095.99;31823.21;31259.81;36572.62;48879;21817.65;21238.77;21680.96;29632.68;23786.86;31991.22;30497;9855;9999;14289;16707;14065.72;15946.92;17337;8383.65;8509.8;11238.38;12815.84;9437.92;8942.81;11709;1562.8;1556.55;1728.68;3658.1;2131.24;2809.35;3115;281301;294916;329819;352490;374226;397562;412441;1.18;1.08;1.34;1.45;1.19;0.98;1.16;7.89;9.5;10.91;7.43;11.93;8.58;6.8
Sintang;4643.82;4970.43;5398.67;6010.2;6873.42;7497.45;7142;4216;7734;9058;7060;8761.14;9927.92;14421;16128.76;18242.71;22977.52;20072.71;25421.79;24764.61;30684;24242;31261;35096;37880;40208.44;37981.24;37525;2992.73;3457.91;3577.79;3652.68;4047.86;4862.63;4622;42281;51544;45970;47681;61026.72;78900.86;84334;39242.29;43214.05;43882.58;43004.8;46485.16;44227.07;53611;35158.7;34837.09;33772.2;42939.43;43329.23;46484.89;46744;23207;24251;28474;30110;32820.1;35138.06;34816;9973.74;12781.34;12178.23;14435.76;15356.57;18523.75;15596;1641.36;2137.92;2836.13;2478.21;2875.65;3313.3;2885;551704;556885;573128;593844;620670;644010;670853;2.16;1.32;1.03;1.47;1.56;1.16;0.94;20.86;21.72;23.36;20.32;19.36;13.56;15.11
Situbondo;4584.98;4291.54;4044.59;4389.52;4126.31;4848.35;4697;8802;8430;6739;7319;8807.67;8831.96;12653;6092.22;7337.45;6100.3;8028.79;9598.71;8257.94;9641;14635;15982;12637;15737;17519.98;20632.2;16767;8291.57;7993.44;8141.38;9221.92;7870.18;9079.4;8305;62586;74039;66367;72082;65054.69;72789.55;87197;31017.91;29913.76;26783.26;27953.45;29882.49;37410.88;41768;24549.28;29510.88;28906.37;36375.12;39724.13;43004.35;41886;13936;11379;12765;16969;15935.98;17900.8;17370;10100.05;9829.49;9895.16;10339.27;10349.76;9721.66;12116;1221.57;1184.61;909.44;1230.57;1647.44;1549.26;1554;294209;305280;322527;336040;356133;396587;413611;1.49;1.49;1.91;2.08;1.34;1.59;1.19;13.45;11.18;15.49;15.67;19.65;13.33;17.35
Sleman;5114.88;4547.68;4491.3;5386.66;6645.57;7263.18;7468;19060;20133;19899;17469;22115.06;22667.86;26764;13410.99;14435.14;14309.1;15536.93;18772.72;19030.8;19355;13798;13948;14606;16051;15747.41;16283.79;13494;6543.29;5658.55;5606.38;6794.71;7386.88;9563.65;8690;127744;132222;143294;139189;139812.33;184684.19;179999;24791.8;23539.47;22931.14;24830.37;26394.75;31912.18;35111;19355.8;18493.08;21517.95;26453.3;28755.14;34650.64;38062;19389;16434;19635;25282;26092.04;30157.93;27803;23151.01;21271.13;23715.42;23582.33;23687.17;26099.88;24908;2220.83;2481.1;3033.93;3492.73;4432.36;3771.03;3243;370127;382868;411610;422933;450763;491652;513926;0.98;1.13;1.37;1.26;1.18;1.34;1.21;4.98;4.69;6.68;6.95;8.08;6.64;8.05
Solok;3048.87;3328.52;3246.27;3231.25;4312.72;5538.64;4130;7909;14426;12602;9409;10446.37;10428.63;13177;10394.42;12568.42;12133.2;13053.89;14555.48;15529.69;15387;21748;20583;19433;22385;24597.58;29053.22;27126;4475.32;4451.43;3928.33;4991.54;5127.48;5398.08;5540;75739;79247;75292;71233;78797.49;85559.27;92653;43036.11;44509.86;41962.65;42830.22;46784.1;60601.45;58291;42790.24;47861.34;49506.97;52930.6;57581.75;60261.13;55966;26627;22349;25384;30167;31143.77;36282.98;42170;11724.25;12890.9;10968.84;14329.32;12653.08;17956.46;13024;4225.34;3669.24;3476.81;4728.15;4891.36;5883.53;5527;408570;415649;451906;461030;484358;532900;569605;1.4;0.71;1.16;0.91;1.03;0.93;1.09;5.91;5.04;6.71;6.5;7.07;6.83;8.94
Solok Selatan;2747.19;2999.54;3004.94;3888.68;3956.2;4932.04;4582;9678;8865;11834;12623;11261.41;10742.27;15332;10939.17;10513.98;10462.54;12340.94;16824.98;16111.05;15806;21826;21680;22466;26721;26925.15;29687.77;28315;4038.9;4276.42;4046.9;5105.94;5072.69;5478.97;5821;65629;69435;81347;77851;72040.56;93208.02;95396;44573.36;46503.22;41424.14;43392.74;42726.63;49341.75;55031;40432.86;40569.81;46532.73;50048.6;61234.18;63493.26;63858;29639;24355;30715;38548;34204.12;39279.03;45778;12099.31;11704.03;13665.58;12870.17;11815.88;14655.01;13811;4368.38;4027.97;4110.94;5263.13;5442.94;6656.66;5775;364498;387438;419442;438187;470090;516004;551340;1.03;0.84;0.79;1.28;1.12;1.1;0.94;5.8;5.79;6.3;5.17;8.04;8.01;10.95
Soppeng;3790.04;3473.6;3148.1;4957.25;4814.49;5142.86;4534;9358;9684;12830;7089;9033.47;9340.06;18308;3171.45;3868.16;4038.68;6354.77;6513.74;7856.05;7048;26113;22160;22521;26143;30932.19;30220.09;32928;2195.9;2431.74;2653.3;2708.74;2357.65;3396.31;3361;61578;57663;51262;62095;77373.59;75623.13;76229;29426.08;25550.08;28536.53;29864.84;28524.22;32682.96;37732;26287.8;27070.28;20840.09;28731.31;30466.52;35817.1;34108;10190;9059;10973;13511;14058.7;15361.07;16145;9933.6;11345.93;13220.44;12877.69;12286.35;11720.38;13108;919.79;970.02;740.55;1507.76;1192.69;1279.77;662;253457;297546;315455;341484;365650;398802;411958;1.39;0.69;0.83;1.24;0.91;1.44;0.79;9.79;12.51;19.78;14.61;15.03;13.14;12.87
Sorong;4492.55;4894.92;4674.7;5858.18;5943.33;6708.2;6718;13570;16565;20637;17345;19511.42;17652.07;19120;8338.96;11400.63;10569.83;15568.67;20237.81;14400.17;18439;32896;34746;29440;35599;37909.92;41180.47;42352;5398.11;6010.81;4955.78;6054.46;6324.48;5935.62;5825;56734;68738;63996;65968;67523.17;81609.71;92761;33093.22;32553.34;33421.14;37462.69;35378.24;42003.67;43150;44795.8;41326.67;38373.02;50351.12;46452.04;60993.43;63716;24337;30116;25531;34194;37305.04;41121.89;35703;14564.22;16646.32;17174.02;23506.31;19686.19;16660.91;15760;3702.07;5234.03;4462.05;7739.9;10870.78;6908.64;7112;339187;357900;379951;388166;466380;559363;631729;9.23;8.24;5.97;7.76;6.25;7.2;6.81;21.59;21.98;27.72;25.44;28.93;29.71;23.54
Sorong Selatan;3501.9;4042.24;3079.59;3232.37;2444.2;3349.98;3808;14247;17817;12046;7922;8940.16;17474.75;14316;14985.26;13309;22179.62;22631.78;11789.79;19828.89;12035;34237;34439;40626;46776;36873.44;51140.59;43722;2981.74;2505.65;2825.12;1621.09;1407.05;953.02;1980;68446;75491;45604;32873;36829.01;43372.6;52381;16532.25;25246.57;25696.3;18670.54;15636.9;20770.38;21045;23598.76;39719.57;29503.04;31460.99;31347.42;34683.45;40181;23234;26626;26171;27750;21152.36;28441.89;36051;12859.63;11835.23;10597.08;8745.69;6299.7;5670.7;8267;17536.2;19722.96;23113.81;31922.14;23952.05;39231.29;35315;306803;323369;347898;358864;422694;506944;579310;2.25;3.63;3.12;4.89;4.52;3.43;3.85;20.41;20.22;28.23;31.62;40.87;28.34;20.94
Sragen;4812.09;4395.82;4353.1;6723.58;6478.5;6366.88;6352;13674;12169;13757;12843;14587.42;14977.05;17263;8130.83;7743.42;8596.55;12676.36;12593.79;11915.05;13061;8685;9085;9757;11961;12856.12;14213.98;13543;6601.76;6270.93;6897.47;7569.95;7927.09;9324.35;9111;70029;66264;74288;66445;87613.28;83768.05;97585;24983.17;23863.47;24849.15;27940.83;28321.81;32644.91;40206;23319.59;23861.61;34652.79;27728.6;36913.47;39373.98;39440;18227;17369;20010;27353;24257.22;27972.46;29297;15412.45;13062.9;15883.11;16744.03;14756.61;15973.03;16802;1518.49;1463.73;1865.1;2535.66;2843.07;3032.75;3247;312106;335334;348890;363349;389265;426482;453663;2.31;2.31;2.18;2.39;2.07;2.15;2.42;11.43;12.69;10.98;11.8;11.8;10.8;8.12
Subang;5843.88;5372.33;5757.62;5761.82;6904.32;7192.36;6425;12164;11293;9831;13016;13674.4;15383.66;17763;8108.66;9121.11;9078.87;12293.13;14083.14;14875.42;13794;13908;13192;13746;16660;19386.54;20490.35;20749;5307.71;4709.9;5164.66;5935.9;6641.19;7214.98;6480;100939;103545;99354;108070;99502.31;106550.1;101576;36446.09;34404.53;32737.91;32424.27;32434.49;36193.84;43974;41536.39;44667.06;42088.07;49114.22;49558.18;57819.62;64762;15228;13231;16128;21082;19580.41;21577.96;21914;15605.37;15311.93;15618.62;14999.15;16469.07;14584.85;14147;865.15;1179.96;1427.23;1752.1;2453.29;2232.72;1905;331557;339607;351885;360691;372308;404320;434161;1.7;1.39;1.29;1.93;1.55;1.9;1.63;3.78;4.18;4.81;4.16;7.06;6.23;6.19
Sukabumi;5008.42;5526.95;5377.47;5953.57;7270.35;7277.15;7016;12586;12225;14192;11057;12337.46;16514.57;21325;10415.54;12400.98;13223.07;13386.71;15706.46;18318.34;14275;16266;18916;17554;21085;22071.42;24376.59;23086;4369.53;4792.4;4524.65;5164.9;5732.51;6695.67;5590;73074;80278;73267;73269;83634.68;98234.17;92406;40631.84;34440.77;36974.55;37822.65;37313.14;40179.2;49572;43429.72;47618.82;44229.93;50741.4;48677.76;53341.49;55447;14701;16155;16695;20477;19579.8;21471.55;21144;11068.46;13715.17;10866.84;11682.82;13789.38;15984.3;12809;1651.83;2058.21;2000.5;2765.13;3124.06;4017.11;2522;302213;309676;328284;342094;357636;392705;416751;0.86;0.66;0.8;1.04;0.93;1.01;0.88;4.3;4.19;4.89;4.81;7.42;5.98;5.82
Sukamara;7846.05;9202.38;8627.24;9756.56;10320.7;10093.5;9979;13374;18145;18224;11804;18240.61;13701.54;30113;17764.32;17029.59;19824.36;20327.41;30632.46;26638.64;28912;41098;39463;43641;49031;58440.26;53834.6;50163;6160.85;5094.16;5589.87;7099.18;6993.47;6730.68;6848;95307;77134;91824;84446;120082.26;111881.15;104411;43371.06;38591.57;38778.21;41352.26;42707.38;41589.96;48655;52462.08;54094.6;55077.44;56726.16;70908.16;65515.47;76527;29080;25763;31645;38171;40314.19;34066.04;34515;21884.66;21529.28;30446.48;20954.3;25687.38;20251.89;23645;2428.96;2115.11;3267.73;4029.36;4612.18;3912.96;3396;442086;469353;522601;568578;619116;648534;676781;0.43;0.51;0.3;0.79;0.53;0.29;0.27;5.66;7.66;6.77;6.66;7.73;6.43;6.15
Sukoharjo;3530.95;4420.61;3594.86;4218.97;4608.77;5266.71;4619;11259;14477;12170;12720;14448.44;14349.17;18436;9561.95;10922.02;11504.07;12845.7;12765.62;13653.13;13394;8296;9676;7882;11054;11775.86;10895.99;12219;6238.46;6520.46;5785.44;7073.15;7305.45;8616.61;8343;81959;89644;89712;81562;96459.56;96258.21;113191;26333.51;24573.27;24157.74;26988.39;27886.07;28487.51;37054;14967.34;25001.36;19500.85;20369.15;24312.14;33031.26;33197;16340;15521;17672;21150;20915.33;23542.76;24367;14314.7;15165.82;16962.98;18924.87;16466.98;16913.38;18382;1678.64;2178;2147.29;2609.06;2559.62;2515.69;2467;345363;377319;393776;410273;434318;476675;501693;0.97;0.87;0.97;0.91;0.87;1.17;1.21;11.4;9.01;11.54;11.92;12.74;10.31;8.05
Sumba Barat;1943.81;1818.77;2740.97;2338.74;2587.62;3251.16;2362;4016;3476;4553;5076;7296.52;9190.01;5437;11859.42;17924.9;16812.38;30714.55;23463.61;24918.79;24513;9301;9675;13208;11072;14592.1;15749;16217;1978.08;1811.29;2252.96;2231.04;2628.79;3040.02;2738;34615;34425;34054;31520;30561.2;37236.77;33153;46275.39;45080;50766.97;49765.91;50330.36;58719.84;61192;20528.8;27529.29;24626.57;25480.03;25282.82;23722.42;24853;16540;15547;20204;21067;19972.75;23918.52;19914;5967.6;7068.58;8652.65;7303.39;7870.55;8311.97;6970;1161.93;559.04;1344.31;2413.47;2530.74;3284.52;1178;326334;331713;358252;364361;395592;422382;441428;4.33;5.11;5.56;6.77;5.53;6.92;5.25;12.84;13.75;8.66;8;10.89;14.04;12
Sumba Barat Daya;1828.8;1818.3;2043.9;2805.49;3302.64;2858.3;3113;6272;5744;6439;7308;8805.47;8295.76;8201;14605.13;18956.05;20237.5;26285.89;25258.28;29582.56;23290;8443;11395;10724;11570;14921.84;13255.47;16593;1987.07;1976.51;2487.16;3817.93;3330.53;2634.66;2706;25380;34487;29329;33073;47546.24;47017.78;43472;46302.35;46940.26;50427.86;52452.09;53520.71;61255.12;69265;15789.26;18434.55;18386.37;23865.69;30717.63;23516.08;25740;13185;15398;17807;19803;19387.18;20552.47;17938;4229.87;4909.36;6726.06;5750.51;7207.37;7234.37;6742;1295.12;995.99;1092.62;2508.98;2100.22;4348.37;1513;350906;355252;383674;390217;432375;475879;494229;5.35;4.35;4.5;4.6;3.99;5.86;3.84;12.48;11.75;10.5;9.74;7.73;7.99;10.59
Sumba Tengah;2141.37;2069.44;1704.66;2175.71;2418.29;3981.9;3505;2629;3190;2551;5968;6822.35;9038.25;6818;10378.27;18907.19;14423.08;19982.28;14850.55;27655;21258;11913;12007;9903;15285;15083.6;23676.33;23593;957.43;1497.1;1363.32;2268.06;2030.03;2354.03;1760;30705;33423;27210;30048;32951.95;45783.34;42874;48856.17;54048.94;55014.96;49756.16;54033.09;60836.25;67559;21436.38;20747.15;18365.89;23947.57;21706.89;21765.24;25991;16457;18531;19372;22217;22089.17;27900.26;22996;5387.75;7700.23;8330.18;8199.16;7647.67;9503.56;7417;1389.05;653.44;767.7;2261.47;2185.94;3598.66;826;280425;285048;307853;311199;341513;362089;381760;6.51;7.57;6.57;8.65;8.08;8.16;7.59;11.28;10.76;10.94;9.72;9.69;11.55;11.58
Sumba Timur;2840.42;2691.44;2711.32;3274.28;3784.29;4691.66;4329;3542;4332;4122;6807;5948.99;7985.99;6811;11939.08;14712.5;15800.49;19311.38;19618.62;22461.87;22308;14079;18765;17911;24922;25158.58;28969.9;27735;2109.79;1778.8;2367.37;2949.68;3388.87;3339.59;3008;39171;50424;49339;41563;48236.03;58650.72;68311;53607.4;51888.39;57311.81;57454.29;56010.09;66827.84;73609;18936.14;22429.69;26367.16;26228.88;34560.89;35055.62;32962;19525;23134;26056;24132;25189.95;26517.7;27970;5869.38;8244.82;7697.61;11938.35;9363.32;9349.3;9737;685.43;213.73;719.29;1054.28;1148.3;1866.59;2100;331295;343589;370487;375859;414832;443502;460384;6.81;8.57;6.2;7.98;5.54;7.72;6.44;11.49;11.32;9.04;10.04;7.71;9.87;10.61
Sumbawa;5364.33;4861.2;4937.86;5423.36;7043.69;6705.12;5472;18332;13576;12954;17179;18745.59;19503.31;21854;13096;13713.94;12815.77;19578.53;20089.72;18978.65;19742;30458;30231;28602;35341;37817.85;42949.13;41730;4159.97;4249.21;3750.91;4513.46;5071.52;5393.28;5712;80929;81627;88620;95329;100091.28;110757.94;98098;39506.58;41319.77;41462.75;37628.11;40877.05;42192.39;48184;28365.7;31107.96;34346.56;43305.4;41081.95;49794.57;46038;16519;15663;16365;22475;20621.45;25913.6;23965;11090.71;10333.77;10010.82;13309.25;12570.89;15688.3;14079;856.1;1162.83;1150.88;1734.38;2752.78;2003.42;1384;320617;340254;369115;376307;404396;441977;477774;3.05;2.56;2.22;1.78;2.52;2.27;1.98;4.18;2.01;2.48;1.96;2.37;2.6;2.55
Sumbawa Barat;4145.76;5325.35;4316.76;5672.63;6101.86;6150.83;6023;19907;16292;21439;20738;24182.77;26975.55;32218;11003.26;16076.38;22958.56;20128.07;22607.18;23428.89;23604;41182;43892;46270;54191;55585.44;54285.49;55663;4550.22;3676.87;5177.36;6096.61;5953.12;5457.7;5464;102935;115989;128163;125641;140518.31;130485.05;145888;41015.42;38612.62;41271.95;37591.74;42618.1;43918.53;61105;35230.84;43469.91;41672.44;39063.06;42746.91;42121.45;53570;19549;16551;23193;28436;26828.03;25574.22;26560;12248.15;14634.45;16254.07;17071.11;16168.87;15088.1;17823;790.94;729.81;1875.6;2739.4;2962.65;2621.25;2357;459065;468122;489863;499013;518619;565599;611142;2.04;2.83;2.81;2.68;2.64;2.03;2.33;2.51;1.13;0.91;1.03;0.83;0.76;0.87
Sumedang;5322.55;6375.75;7305.5;8114.49;8365.6;8754.7;7946;12249;8998;12697;11012;13524.55;15428.9;18754;10645.82;11014.25;16057.9;13619.59;16194.59;17538.33;16056;10648;11289;13251;13092;13953.75;15204.77;14037;4829.16;4435.84;5947.47;6469.82;6526.45;7598.3;7208;81546;95001;112659;98110;114655.94;125745.09;126120;30106.89;29719.04;33821.1;37281.61;36560.27;40636.25;47036;32457.06;40927.29;40884.96;40220.5;46966.35;51154.97;54905;11486;12456;17049;18324;17662.8;20604.3;20528;13941;13621.61;16746.3;15585.79;17497.53;19133.69;16283;1462.4;1848.72;2533.81;2671.89;3221.63;3304.76;2681;334743;342073;353092;360054;371870;396573;422714;1.72;1.05;1.72;1.72;1.98;1.64;1.6;6.62;4.9;4.01;5.09;7.43;5.55;5.43
Sumenep;7199.21;5652.16;5841.3;7172.75;11004.87;11069.57;8474;8007;9511;10343;10477;22155.54;20163.2;17354;9007.82;9873.51;8761.16;11370.19;23562.94;20239.52;15933;20707;27644;23047;28319;44414.37;45672.18;42334;8641.5;7076.26;6678.53;7496.65;10733.48;12227.85;10032;71650;100238;86307;105793;169020.52;178546.95;131059;31232.16;29772.02;31617.58;34122.05;38764.31;43924.68;52340;36524.68;38780.31;35792.67;48213.37;62665.59;70568.12;63286;14652;13538;15729;20472;25585.06;28937.44;24555;12495.56;14795.09;11274.48;13735.55;19760.36;19435.32;17784;1290.14;1579.98;2223.4;2802.58;5591.48;4426.34;3313;340033;357473;382491;400960;427882;471860;506569;3.57;3.03;4.33;4.73;3.72;4.51;4.19;5.61;6.17;8.06;7.93;3.72;3.95;6.49
Supiori;2459.4;3166.49;2491.65;3162.19;4425.75;5130.08;5136;2977;16894;12121;9803;12088.49;18640.76;9524;8543.3;7684.3;5776.07;9267.04;13425;9188.48;8621;38947;56610;85096;94654;102127.95;95717.25;106648;3029.49;3328.57;2986.39;3960.05;5026.08;4176.8;3869;8957;22664;41572;38078;44128.75;58271.06;25671;26788.6;33302.55;42907.07;40646.67;42841.39;40375.27;39533;19572.25;31307.46;31456.11;31205;26599.57;29438.74;27068;24538;26804;34894;36782;38499.63;32897.03;33171;5712.14;9986.87;10734.52;10871.5;8319.62;10577.5;7134;9878.18;23043.46;23586.25;24889.72;18368.18;17771.55;18267;434625;447524;471401;498615;526482;554954;587783;6.6;7.35;10.52;8.45;11.93;11.01;12.81;51.61;30.67;21.22;29.63;21.39;27.98;33.58
Tabalong;6059.69;7022.58;6891.91;7901.26;9657.83;8917.22;8532;15926;19652;19378;11007;14356.31;16112.83;29060;8513.83;11553.87;11913.89;13108.32;18624.03;16319.61;20046;29898;33357;37251;36524;44764.64;39497.54;39547;3743.8;4664.18;5042.64;4865.78;6444.35;6228.07;6046;108659;136106;160743;119426;156102.34;127946.59;153016;30660.67;28169.85;30584.17;32697.62;35069;43027.68;42970;26633.52;28555.58;33460.68;32277.57;29931.63;33865.1;36308;14998;17691;20272;21003;24591.8;21339.1;23431;16874.77;21032.44;21174.53;16954.58;21390.07;19758.81;17720;821.49;989.76;2115.34;2419.37;3035.27;2544.51;2298;446765;463980;531180;542800;573018;615912;637132;1.17;1.04;0.72;1.08;0.7;0.46;0.95;2.57;2.32;2.05;2.26;3.21;4.15;3.06
Tabanan;3260.38;3486.02;3111.62;4691.24;4387.2;5465.89;4463;18009;12993;23456;13700;10745.61;14914.91;22532;16794.13;18577.88;23140.89;21873.64;15908.87;24659.92;42795;11924;13605;11657;14774;12246.78;17731.62;13921;5638.16;5751.58;5035.86;6740.44;5872.98;7115.57;5278;97373;91392;92195;80111;70148.27;102252.92;93997;35855.95;34289.5;32951.31;37242.15;36591.6;42065.83;49537;28057.08;27067.19;28005.6;28147.99;28027.52;32938.18;40534;17629;18096;19052;27600;22410.36;30541.8;26934;15329.93;14196.98;14129.18;17432.35;14551.77;18764.22;16939;1763.33;2386.12;2040.18;3123.89;3012.57;4030.42;2414;422345;425926;450571;488750;522520;562801;601963;0.5;0.26;0.58;0.82;0.67;0.52;0.75;2.2;2.97;4.12;6.35;8.57;3.15;2.59
Takalar;4460.66;4418.52;3793.22;5932.05;4931.11;5284.25;4638;14172;12758;12341;9111;9803.44;10870.77;15835;3780.81;3493.52;3124.44;5012.4;5576.18;6864.71;7016;24425;21773;24050;26630;28496.77;31242.02;31568;2027.95;1883.54;2161.05;2658.78;2685.45;3302.92;3060;73807;67472;62302;60543;61412.7;73118.93;68688;29325.45;26014.12;29838.85;35603.55;30161.77;36617.62;38162;29401.76;31856.24;30287.85;27221.44;34977.87;34740.77;32570;10564;9393;11658;12423;13606.74;13779.85;13960;10718.79;10004.59;11205;12398.03;12864.74;11581.13;11156;1540.45;1015.79;1065.76;1913.68;1026.04;2445.75;1511;335989;356973;364378;380564;399062;428941;455793;1.61;1.08;1.09;1.03;0.88;0.81;1.22;6.12;10.7;12.13;10.07;14.23;9.71;11.14
Tambrauw;2775.8;3060.11;3465.12;3860.94;4769.96;5709.18;6145;12082;4405;12308;7976;12557.96;21894.83;15081;12066.18;12872.41;11548.78;17250.32;21021.93;20416.02;25229;20195;16030;32632;29444;22705.14;32731.31;29332;713.29;1746.33;831.31;1660.73;2723.82;1262.15;1966;14217;20323;20141;32756;37347.94;45748.03;62404;29431.85;25795.36;30349.52;33639.56;33853.01;34554.86;38003;16090.97;23309.4;43601.72;64330.8;55054.24;44034.04;54838;17804;17759;23846;23976;29880.45;36066.85;32067;7817.55;6778.9;8906.58;14869.12;8554;9113.82;13320;3945.98;4426.88;6012.78;8165.03;11135.26;10238.28;9679;329708;362884;393268;399421;485342;528817;579473;7.97;5.28;8.99;6.79;5.89;5.07;4.55;37.01;36;36.38;36.61;41.74;34.92;21.21
Tana Tidung;8293.58;7727.76;9845.24;8786.77;10028.71;9234.74;8594;11624;11499;18882;12689;14159.93;13459.85;20692;20417.55;14016.91;13336.58;21191.64;17458.98;23199.55;23960;46536;44802;49730;55052;51039.25;55489.07;58975;7149;7289.36;5080.57;6751.93;7254.49;6490.12;7185;76165;103694;93204;80534;84733.6;89942.45;84519;44519.07;42265.12;40639.54;41929.67;42240.36;44446.6;51091;51284.54;59993.66;57942.24;53714.91;41603.87;51993.78;47648;26244;27906;30160;35305;34507.81;33961.91;37712;26339.52;24724.03;26512.91;23888.5;23841.25;24195.44;24987;2821.5;4056.78;3800.12;4211.76;3159.41;4842.13;5251;376876;406949;425348;440599;462898;490400;518696;0.23;0.32;0.33;0.89;0.41;0.14;0.48;11.27;12.01;10.92;12.2;21.82;16.78;14.96
Tana Toraja;2706.04;2791.1;2568.15;3863.3;3004.1;3954.06;2899;7837;9386;11065;6637;7171.27;8350.02;12142;16594.89;17777.09;21465.49;19743.31;20107.37;19355.6;21134;22052;21574;21489;26368;22885.01;26922.34;24086;3967.88;3930;3745.18;3195.31;3287.83;3768.7;4077;39443;57456;39610;61863;46482.35;53803.12;45926;44508.62;38107.57;47853.49;46092.85;42450.59;49858.76;63763;17466.79;24913.08;28489.81;25297.48;27617.25;28211.21;31080;14936;15724;16757;18216;18017.31;21060.73;22045;11914.49;11909.93;12166.77;13287.18;13405.54;13566.6;12456;2685.46;2791.42;2526.2;2649.78;2228.54;2708.4;2064;299570;316911;336877;350220;366753;399202;418308;2.27;3.1;2.32;1.66;1.3;1.8;1.26;6.61;8.04;10.1;8.43;15.03;9.67;7.94
Tanah Bumbu;6746.77;7154.91;6912.84;8044.3;7817.57;8293.64;9239;13394;15768;13814;11139;14772.25;16221.21;24423;8799.14;9944.48;12265.52;11082.94;16107.92;16841.46;17644;30801;32391;29025;33432;37751.79;37722.91;40261;4769.49;4958;4941.61;6443.86;6579.96;7111.86;7889;100405;107234;114081;108366;126026.94;138381.57;141212;28982.81;28661.34;30756.91;33376.36;36156.04;40937.22;41771;38868.64;39659.59;36856.78;38636.26;40593.52;47365.5;48798;19725;19302;22742;25380;27230.96;28930.69;29155;21456.31;21698.3;22337.59;20280.2;20886.03;20754.23;25120;1642.2;1749.28;1465.37;2791.59;2017.36;2668.42;2187;451714;475763;513803;530568;557500;619249;643652;0.63;0.79;0.69;0.65;0.36;0.42;0.54;1.34;1.5;1.81;2.01;1.93;2.31;2.17
Tanah Datar;3719.04;3456.27;3477.37;3935.62;4398.2;4674.5;4152;10691;11779;18820;11839;13356.56;12638.18;17838;11825.83;12267.04;13217.84;13184.73;15731.69;14528.58;15941;24453;23730;29276;26947;29070.58;30412.17;31893;3871.43;3764.65;3775.12;3740.48;3867.9;4846.21;4620;82911;89775;91665;97923;102716.87;94751.67;103010;33132.94;38073.12;36420.87;35596.17;39384.87;49296.11;49145;32718.36;34775.07;37769.09;45672.9;48120.91;44687.22;45717;23914;18318;27258;26923;25946.7;29513.66;36661;14841.03;14167.67;14368.44;13927.13;16732.82;15593.16;16378;2886.17;2947.62;3305.2;3272.89;3296.94;3769.81;3574;369833;379041;420049;441793;466907;515587;554665;0.87;0.42;0.42;0.64;0.62;0.4;0.44;6.55;6.31;7.02;6.8;7.38;9.54;9.1
Tanah Laut;5912.51;5115.1;6534.06;6859.58;7414.32;7218.2;6408;12339;9487;11724;9793;14051.36;14879.06;15712;7948.69;8758.44;9723.87;8949.6;15670.09;14276.91;13731;35151;31247;30941;37976;40532.25;42344.85;36866;4117.89;4088.8;5183.63;5298.29;5569.17;5463.06;5694;85530;86910;95330;83591;102386.77;116236.59;100726;30635.34;27915.37;31421.71;34714.32;35856.55;46318.39;46891;32709.65;35435.51;40268.4;39882.8;42043.81;45782.59;50058;15981;15841;19396;23498;27152.81;25882.21;24849;14487;13527.33;18512.23;17120.28;17769.5;18115.55;18652;1194.65;1220.85;1722.78;2416.53;2490.92;2701.52;1952;447212;480010;522845;537854;575061;620532;670062;0.55;0.58;0.58;0.68;0.37;0.3;0.76;2.31;2.75;2.5;2.71;3.61;4.06;4.14
Tangerang;6386.98;5972.59;6248.38;6785.74;7972.12;7353.78;7259;13935;13468;16416;12872;15664.88;14555.6;17037;12723.81;13225.03;13877.39;13544.91;19742.72;16905.03;15768;22196;26205;25243;25513;30132.11;30046.48;28002;5506.6;4930.01;5665.89;6029.09;6677.04;7165.76;6799;106902;121635;130436;123574;134015.88;127128.25;129702;29387.12;29570.16;32353.41;32292.05;32570.84;32420.96;47151;39976.95;48663.81;53236.67;47475.73;55998.12;52863.1;54191;19859;20554;26449;27257;29119.43;31036.2;30061;18125.7;19065.44;19647.63;18996.9;18698.57;17365.91;20406;2650.31;2761.15;3216.72;2884.04;4626.4;4183.56;4294;451325;476636;520742;545065;576122;604362;632941;0.82;0.69;0.95;1.21;1.06;1.31;1.2;3.34;1.75;1.84;2.65;2.28;2.59;2.22
Tanggamus;3770.36;3777.61;3666.8;4105.93;4611.55;5225.94;5345;11729;6649;10248;5760;7924.93;8275.77;15214;6540.38;4731.29;4424.22;5587.68;7253.82;9541.03;8493;14515;16971;16150;15711;18676.79;22073.87;21457;5700.65;5168.21;5025.6;5410.13;6324.85;7068.04;6504;47534;54761;48943;47947;53581.91;65807.97;65635;36146.18;29509.14;31398.97;32302.16;33008.13;37925.65;45799;33005.75;30284.99;35676.16;38715.34;39893.55;43004.08;47804;19955;20202;21775;25344;25708.19;27978.86;28670;11423.69;11703.81;10554.65;10525.58;11673.52;11787.3;11069;1467.44;1630.19;1480.7;1972.37;1981.55;2438.56;2253;351167;359580;397984;410510;430697;463925;496000;2.36;1.24;1.36;1.26;1.42;1.21;1.42;10.91;11.79;13.22;11.76;16.81;9.19;10.65
Tanjung Jabung Barat;5129.45;5495.57;6109.38;6346.2;6872.94;5932.18;6892;11779;9146;12426;13071;13248;11275.65;16496;7414.61;9898.95;11188.28;12699.77;12180.43;11249.62;13463;25462;29414;27705;29299;29731.99;33923.5;33425;4138.66;4091.97;5281.43;4920.08;5116.32;5373.14;5627;58325;59456;59157;70683;71041.68;69793.04;79321;30003.63;28951.92;30936.82;31703.91;29834.28;37069.58;37375;28064.85;36811.23;33206.71;37039.51;40906.78;53959.02;52260;22220;19576;27925;26884;29935.94;32163.6;35034;12649.11;14659.4;13797.16;15593.39;15189.14;16377.24;15321;2576.02;2981.55;3197.56;3535.94;3794.61;4331.34;4048;348495;364012;396113;409631;453956;499318;575337;1.7;1.68;1.58;1.96;1.61;1.47;1.17;14.28;10.65;10.74;9.66;13.34;14.32;13.9
Tanjung Jabung Timur;6396.88;5094.97;6191.03;7540;7650.75;8827.7;6973;9974;8245;12461;13899;17763.53;16308.42;20765;7698.99;7150.6;9338.82;11569.1;13635.13;14277.65;14066;27716;27874;29026;36848;43122.18;47737.59;40286;4507.42;4458.13;4984.8;5789.71;5765.59;6418.65;5636;66546;65540;74916;88587;93071.61;102759.95;87210;32042.64;29927.85;30208.53;33491.24;32198.65;44313.61;44145;44516.34;37860.04;43070.5;41682.92;51984.61;55659.72;50576;24468;20565;26510;35065;35358.19;40985.19;41561;12191.95;10859.08;12366.5;14119.57;13597.21;17435.42;13851;2540.98;2454.67;3413.65;4827.96;5043.88;5609.71;4336;361574;374735;392778;406772;468201;514905;592432;2.19;1.75;1.45;2.07;1.37;1.7;2.32;10.02;10.82;9.89;8.37;11.31;12.32;13.25
Tapanuli Selatan;2354.28;1952.32;1907.68;2610.76;2705.52;3185.84;2774;7479;7347;9666;8426;10673.12;10444.11;10126;4788.76;6184.71;6943.26;9697.46;9409.9;8885.12;7571;24605;25676;25841;29287;30700.5;32462.34;32177;4142.26;3936.3;4328.76;4363.1;4398.91;5078.06;5255;59764;66090;58635;59791;67661.75;69964.16;65587;50269.25;48964.6;46315.29;43041.04;45585.84;54814.84;55056;34071.86;40986.1;41412.26;41804.82;39163.65;49650.54;47582;22188;18036;23722;27859;27652.28;28596.43;31715;8537.91;8573.63;8840.1;10573.8;9540.09;10372.32;9588;3559.53;3078.77;3771.34;3505.23;4264.9;4629.2;4559;343407;364798;397363;420431;445612;480834;512480;1.29;0.87;0.87;1.53;0.91;0.92;0.57;5.38;5.77;7.28;7.02;7.14;8.1;7.68
Tapanuli Tengah;1598.93;1715.25;1846.71;1965.75;2295.15;2083.52;2519;6913;7962;9604;9583;11304.87;9969.29;12338;4532.57;4724.66;4346.05;5047.98;4643.29;5047.87;5789;28204;27589;30628;36674;37038.08;38239.6;41129;1754.61;1994.45;2142.34;2560.91;2623.34;3463.96;3071;48901;48711;56141;60035;60052.5;57947.16;60431;45562.1;42243.55;39356.02;39044.49;39522.93;47852.21;54670;31520.75;32944.28;37251.55;42410.86;48819.03;47066.34;49058;15712;13828;16793;19946;22057.57;22091.46;25427;9811.43;9167.77;10436.69;12771.92;9537.93;11851.44;13311;1694.63;1227.23;1517.58;2780.38;1427.86;2107.23;2003;369471;376474;406646;429050;450940;489760;527227;1.56;1.64;1.84;2.04;1.94;1.58;1.33;6.2;6.06;7.8;5.95;8.84;6.99;6.66
Tapanuli Utara;1767.7;1442.36;1980.36;2616.18;2897.76;3133.55;3449;11450;10372;12742;14731;14751.41;17649.47;18068;11229.03;11536.44;10987.5;12741.57;17446.62;22273.65;19459;36024;31631;36941;40100;43053.58;47409.64;46889;3237.18;3182.54;3740.87;4492.71;4749.1;5641.51;4612;44780;38616;42385;52744;54230.72;57488.17;55913;43206.15;42216.49;42956.24;42931.39;43397.65;51427.79;53948;37186.95;37673.46;39513.54;43982.43;41921.71;54053.44;56507;17999;15140;19914;22507;24517.24;28055.57;27917;12411.1;11588.45;16758.65;16668.59;15810.45;21809.49;20213;1435.66;1421.24;2109.23;2757.74;2614.72;3012.53;2791;357464;377948;406813;437428;466316;499881;531593;1.08;1.6;1.18;1.21;1.22;0.94;1.27;4.37;5.98;6.79;5.74;6.83;7.05;6.64
Tapin;6655.6;7530.41;8111.89;9282.23;7420.14;7543.43;9201;15860;15957;15021;10983;11171.89;11407.48;21763;9464.62;11786.52;12476.9;13845.73;14491.87;15454.05;17880;33774;37440;39383;43883;44816.94;45538.15;50852;4511.07;4315.1;4923.86;5600.05;5213.36;5676.3;5496;113802;124201;123162;116362;104259.7;132680.34;146246;30890.59;29793.38;33931.07;35794.53;33323.81;47221.7;46834;33284.95;35835.38;35903.52;34054.99;35723.74;48524.17;52212;16303;17163;20125;23407;24594.93;22636.14;23398;18001.38;18048.6;17774.15;18601.68;18926.81;19789.52;19446;914.79;1023;973.44;2270.55;2211.6;2281.96;2378;405591;406367;446577;459160;484113;516532;561101;0.35;0.46;0.45;0.28;0.33;0.31;0.23;2.76;2.52;2.81;2.82;4.84;4.1;3.05
Tasikmalaya;4174.86;4843.63;4490.12;5504.36;6391.84;6279.74;5944;15100;10498;10315;8149;10376.64;9971.45;19699;7945.22;11215.02;12206.66;11331.92;15877.1;13403.45;12663;11536;11890;11021;14649;17229.51;16664.56;16061;4162.49;4278.76;4584.79;5111.82;5767.54;5715.96;5748;67642;73920;69360;70144;89979.6;90892.08;85501;35334.28;36396.87;37742.17;35869.95;36163.42;36789.83;48034;26419.84;44868.77;44012.69;36272.09;38993.72;46844.08;49198;10453;10608;12526;15200;16006.09;15927.35;15424;9996.26;12310.06;12548.98;10024.33;13285.12;12328.26;12986;1395.69;1839.72;1657.24;2407.4;3023.19;3159.7;2203;306759;311848;323880;333909;347917;378958;400148;1.19;0.84;0.83;1.57;1.42;1.61;1.01;7.07;4.96;5.64;7.12;10.45;8.65;5.95
Tebo;4868.05;4647.89;5315.07;5373.48;5569.14;5123.87;5908;9362;8895;12125;9877;13597.43;11321.45;22267;8982.84;10507.21;10337.9;11902.88;13689.18;12234.56;12948;18644;21301;22596;23740;24872.89;24782.83;28017;4457.52;4386.46;4767.41;4450.22;4979.21;5024.24;4821;65974;65667;72848;62121;64133.05;62070.53;72087;34179.06;36173.51;31612.48;35056.03;32036.02;36499.2;44270;29657.06;28746.06;36046.07;35748.97;36758.79;42348.56;51509;27743;25022;29051;30833;29682.76;31597.65;39196;12760.1;11989.26;12950.06;11112.08;13057.43;12586.06;13327;3216.77;3271.12;3215.89;3700.47;3717.19;3815.03;3813;379390;404473;435523;448461;485883;528310;590573;0.95;1.07;0.7;0.99;0.74;0.93;0.73;10.02;9.63;9.93;10.25;13.52;13.98;11.03
Tegal;4702.55;4300.9;4550.02;5604.08;5038.8;5133.22;4532;11253;10807;11948;10601;12435.3;11253.59;11163;7955.82;7455.05;9156.95;8508.58;8016.97;9191.99;8934;7108;8493;9288;9259;7939.65;8309.75;8645;6432.38;6170.6;7451.82;8077.16;7517.08;7314.56;7130;84305;90141;105462;91518;102956.38;107006.52;97793;24570.44;23993.89;23874.59;26069.29;25602.46;29941.6;37701;21848.28;25737.33;27236.93;27654.18;31527.5;32510.05;34420;13261;12495;15958;21285;19409.22;17916.91;19957;10158.43;10169.02;12101.78;12584.21;12911.39;12522.32;11893;1399.83;1544.29;1590.71;1909.6;1530.21;1966.38;1194;332298;365334;390520;404655;434638;470728;497315;1.41;0.64;1.08;1;0.95;0.88;0.97;10.72;10.03;9.33;11.29;12.18;12.25;9.39
Teluk Bintuni;8832.22;6356.08;7181.25;8053.87;7494.04;9135.07;8468;20336;32583;18091;12585;15820.08;36908.14;22594;14587.88;14446.11;16704.79;24549.39;29729.67;30944.21;29142;40435;43807;44300;53952;55732.24;52622.88;59604;6498.3;6680.23;6043.8;6785.14;6255.52;7698.04;6085;82753;101533;104908;87494;71620.64;87516.28;77003;40308.51;37879.92;36370.32;39552.22;43326.26;47387.98;52488;53517.52;67280.15;69180.37;63568.99;69349.07;89494.92;72831;31406;31157;31988;39673;41522.26;42504;39710;22696.82;21657.13;22552.59;23244.2;19548.46;24346.11;24190;7193.45;7350.96;7372.85;11595.44;11842.53;15465.36;13162;587770;644838;683667;693305;716834;787048;794285;10.04;10.68;8.31;9.15;9.96;7.44;6.5;14.38;14.14;20.13;20.11;27.69;21.48;19.24
Teluk Wondama;5479.01;5301.76;6429.02;5708.33;4953.77;6984.24;5394;15674;19994;39522;10943;11828.47;13274.09;18946;10039.01;16462.24;21649.7;13043.72;17307.71;12935.17;17300;40769;46991;50439;53574;44993.53;51961.38;52362;4270.78;5165.16;6806.64;3248.87;3303.12;3348.61;3228;65190;91428;105390;31446;39213.57;50136.37;46782;30649.32;30030.08;36362.04;33690.83;29309.48;34506.08;37109;50653.18;68578.85;59526.06;83929.45;54023.09;59223.95;63264;22823;28065;38855;30942;30252.17;35640;34101;14869.44;18020.28;24793.93;12074.19;15771.62;18146.31;13950;10046.43;13932.25;15307.03;13974.09;13504.42;18016.24;18005;508345;557702;588838;597676;614573;659187;710854;6.88;8.76;10.04;6.48;5.5;6.44;4.68;18.76;15.24;13.3;20.26;32.26;28.47;21.08
Temanggung;2982.71;3188.02;3353.82;3750.92;4739.89;5355.88;4995;9936;10306;9951;6629;8554.21;12981.4;12755;5616.66;4454.56;6456.84;6800.62;13839.33;16386.68;15539;5505;6185;6483;6251;6858.66;9375.24;8698;4740.71;4543.04;4827.78;5697.84;6027.94;6968.99;6933;47338;51029;58551;46875;61636.57;74659.73;80360;23870.54;25765.97;22232.93;23388.18;23493.51;33670.52;33827;17765.74;19082.63;23049.29;17412.87;22839.58;26296.05;26985;13605;12774;16529;18182;17675.07;22921.12;22489;9390.31;10293.27;12013.09;11073.6;12192.57;12972.29;13425;1412.33;1185.47;1620.1;1774.24;2218.06;2760.78;2218;287981;310176;323705;336034;354012;388369;416086;1.36;0.51;0.86;1.57;1.06;0.99;0.97;16.79;17.06;16.16;18.48;14.99;10.26;11.72
Timor Tengah Selatan;3743.22;3621.99;3766.52;3863.92;4269.93;4274.09;3910;4692;5994;4361;6318;8809.32;10092.13;8574;25717.63;25539.68;19961.68;23426.72;26681.32;27803.57;19261;7577;9674;8753;7709;8949.32;11461.4;9898;4219.67;4297.51;4659.18;5205.63;7313.37;5711.01;4735;43210;42752;42049;49855;47222.44;61903.22;66745;52023.98;49008.59;51020.01;48175.34;46256.41;50385.43;70582;14895.84;18348;18092.16;18658.31;18143.93;19858.56;23122;20285;19795;23350;23060;24925.33;27253.15;27644;6762.27;8934.97;9095.55;8966.39;9063.04;9857.89;6966;2218.56;1285.82;1438.69;2046.6;2712.4;3706.97;2985;302124;318986;338099;344239;382167;420783;436707;6.26;6.68;5.86;5.08;6.16;5.78;4.51;12.48;13.94;14;13.88;15.92;15.45;12.61
Timor Tengah Utara;3676.31;3185.06;2787.14;3201.19;2890.86;3102.76;3976;3736;3517;4188;5325;5239.1;6105.4;8263;17943.26;18213.49;20126.48;23801.39;13387.31;18571.87;27997;10968;10997;10653;13322;12716.97;12789.1;14269;5436.18;4672.14;4311.71;5757.34;6988.49;5781.41;5658;43086;39254;41264;46451;38656.03;36358.95;52775;59619.91;56058.65;51556.3;53428.66;55256.94;58725.18;59446;15690.81;22407.88;22400.36;27422.52;22164.99;18642.74;22961;23254;21427;26988;28251;24115.37;25658.11;29130;8832.92;8571.49;9525.03;10019.89;9303.96;8785.06;10095;1947.26;1237.74;1041.41;1267.14;1818.49;2519.17;1846;343965;363162;386990;394818;440155;485744;499772;3.92;4.05;3.75;3.77;2.68;3.71;3.9;12.84;14.42;13.97;10.42;14.04;17.84;13.2
Toba Samosir;2488.46;2355.94;2790.26;3283.14;3679.39;4181.26;3893;14796;18174;18882;19837;22013.49;23947.51;25912;14708.85;13763.95;15334.41;19336.18;18833.31;19245.38;20581;40108;41487;44640;49518;46709.84;54063.04;52389;3484.33;3712.29;4181.21;4725.5;4622.41;5660.6;5308;74615;83539;74896;75345;100226.14;91096.03;90219;40499.4;40459.18;40181.44;43144.45;44565.93;56256.04;56189;38047.66;39843.7;43589.81;41202.97;45674.62;51183.33;52722;20173;17590;21455;24877;25478.92;29942.61;30819;18727.46;19338.99;25267.84;26163.79;24707.46;25218.01;27996;1983.41;1768.63;2272.45;2784.77;2465.73;2834.45;2700;352860;373020;404864;435332;465681;496950;531581;1.25;1.21;1;1.34;1.23;1.02;0.89;3.81;3.72;4.74;4.16;5.56;6.91;7.72
Tojo Una-Una;3517.68;3221.72;3571.2;4205.56;4548.66;4152.24;4672;8395;15280;13961;5830;9010.09;15431.7;13252;3142.07;5198.44;3148.82;4320.21;5236.24;3462.81;3903;21452;21774;24035;24345;27550.53;26910.67;25627;1817.67;2247.11;2494.79;2383.96;2704.44;2767.69;2439;49430;58364;58309;50464;58027.52;52609.84;55418;37069.18;33125.77;38493.59;38249.74;35100.88;47207.66;45814;39083.29;39832.3;41986.75;47667.61;56498;49498.25;47751;14654;16807;18828;19437;19477.08;20192.92;19713;10352.83;8236.65;8395.48;9505.54;12416.73;10855.71;11291;2995.68;3006.63;2693.39;4042.39;3313.82;3352.24;2546;442186;472245;504889;521534;547910;597788;622000;3.65;1.76;3.27;3.25;2.8;2.42;2.04;5.91;8.62;8.7;9.61;9.31;10.78;12.29
Toli-Toli;3553.1;3562.75;4313.4;3738.2;4555.57;3447.1;4473;9773;21002;21163;6416;10927.69;8510.01;10518;2745.6;3649.23;4784;3408.05;5275.73;4911.24;2413;24552;22967;23977;23545;27002.94;26841.53;25564;2815.82;2672.88;3511.66;2875.73;3929.88;3539.5;3682;61441;60702;56703;52142;50937.75;54541.79;59315;30934.88;28209.53;32372.08;31670.26;33382.11;41703.42;41675;30337.42;33707.65;35679.29;34302.98;35101.72;31415.63;35954;12610;13101;14596;13941;18250.04;17727.96;16833;11811.57;9534.92;11031.58;10495.48;10206.02;9246.13;10070;2226.95;1517.54;1895.5;1404.09;1402.63;1782.62;1439;299052;317448;343770;354427;378317;405556;441975;2.58;1.89;2.33;1.66;1.53;1.59;1.73;7.47;9.5;9.58;14.3;14.23;13.66;15.48
Tolikara;4768.07;5847.04;7862.27;5275.64;6980.16;4607.94;2728;6965;9616;8586;8683;10794.85;16934.31;7962;20180.05;49664.17;42722.36;25720.41;28220.17;51453.81;21118;7996;5959;4875;3254;7692.56;4905.18;2692;4586.71;4120.32;3926.5;6787.88;3000.5;2303.78;2756;16730;18468;19658;9500;9547.39;10824.81;6438;27223.31;32239.2;45995.83;37939.01;76052.62;31178.11;48418;15239.12;26088.78;31587.81;13819.44;17467.56;17587.9;9872;39224;51834;109354;74780;75476.52;78534.36;57330;10196.34;9213.94;8376.09;6986.1;11785.66;10164.93;7295;29543.29;64428.8;63021.37;55818.52;187695.41;176280.35;187692;371589;382936;404812;441994;472692;525770;675908;6.15;5.95;6.7;3.34;6;5.23;2.79;65.47;51.78;38.37;59.49;40.25;51.68;38.64
Toraja Utara;2361.97;2372.66;2940.13;2984.01;2850.62;3063.7;3498;7314;9145;12779;7136;6414.8;12316.86;12691;14543.05;17753.12;21465.44;24710.51;21801.77;29168.54;19228;22170;19611;24595;29168;27309.43;30179.15;33976;2841.13;2947.14;3508.61;3800.9;3431.31;5190.22;4446;38139;46086;44646;48253;42121.53;45506.56;45529;35734.67;38198.91;44707.28;50723.42;44128.88;47446.59;67520;21957.17;19558.76;25168.22;24823.71;28956.21;37435.68;38502;14581;13784;16610;18256;17451.53;21958.35;21575;12351.93;13363.65;13773.37;14519.5;12808;17147.44;15911;1858.92;1615.13;1743.83;2788.9;2144.3;2700.1;2164;309806;314426;328096;348611;364343;395731;413029;1.59;1.99;1.75;1.83;1.7;2.47;1.21;6.23;7.37;8.66;6.28;11.35;6.2;5.13
Trenggalek;3061.29;2631.07;2451.48;3025.29;3252.44;3225.05;3696;13198;10543;12597;7802;11447.74;9774.72;15391;4803.72;5246.34;6803.79;6444.38;8461.28;8326.33;9823;9303;11661;12661;13144;14108.4;14100.29;13535;4983.31;4948.74;4625.45;5709.92;5994.44;6612.8;6504;51202;67348;62630;54991;64498.69;70884.91;63122;29380.07;26342.6;27028.21;28709.49;28156.46;35378.59;38311;16797.54;18160.96;19930.26;19565.32;22862.88;22874.68;21991;16106;14047;16805;23265;20721.3;23425.42;22064;11237.94;9833.01;12039.76;10946.19;11033.18;13628.96;14527;1287.37;1550.11;1844.68;2118.57;1905.91;2295.39;2164;308644;323787;340915;358831;381448;411527;434146;1.85;1.37;1.48;1.46;1.38;1.26;1.43;11.95;11.79;12.69;13.84;14.27;11.83;14.75
Tuban;3456.62;3483.58;3385.68;3974.96;5964.18;6310.71;5632;10968;10261;10219;12257;16944.19;16536.49;16890;7835.25;8465.56;7625.51;10374.52;14667.5;15855.27;15066;14789;18652;15136;19529;23723.45;24701.41;22300;5917.23;5668;5446.7;6198.64;6930.44;7774.08;6305;78450;76965;75426;78341;102794.23;98872.47;94533;30295.13;29332.66;29232.49;27807.02;32658.28;37974.51;48028;24874.9;29024.33;27676.71;29059.36;42247.76;45009.99;47018;15126;13597;16683;23052;22066.37;24798.67;24029;10225.52;9939.63;9695.17;10064.69;11474.51;12326.31;11311;1150.44;1202.03;950.13;1834.76;2201.11;2600.26;2010;328268;348503;371465;388176;421287;454336;488131;2.55;2.84;2.27;3.26;2.89;1.95;1.95;7.37;7.21;10.26;9.12;7.59;6.83;7.89
Tulang Bawang Barat;3203.48;3136.77;2947.52;3848.36;3451.56;4886.08;4862;8624;7233;7430;6739;7968.53;8552.88;12692;5960.28;4783.66;5227.95;6427.52;8216.14;7342;8901;11954;12833;12269;16136;16986.07;17781.81;17423;4706.92;4398.98;4720.6;4782.59;4875.75;6384.2;7785;39801;39814;51108;45187;55116.01;69584.51;68276;29905.14;29395.61;31191.06;31814.22;32663.43;35063.68;45180;30352.45;29087.84;37431.68;35384.24;42828.54;51100.91;52055;18509;16689;20765;24989;25467.39;26877.26;32338;10203.11;10205.86;10901.09;12079.06;11437.99;11910.54;11665;969.82;1100.25;939.12;1344.77;1976.28;1874.12;2419;384933;391096;432693;447327;476712;511418;544020;1.08;0.77;0.92;0.68;0.88;1.04;0.87;13.71;13.9;14.32;12.66;15.78;8.07;10.78
Tulangbawang;4591.79;3720.41;3631.56;4706.36;4908.55;4574.63;5843;11281;8292;9507;7268;9825.51;9379.46;14430;8363.98;8322.24;7047.45;6724.58;9449.45;9550.64;10727;18612;17917;16807;17333;21738.72;21168.22;23064;5332.36;4988.94;4596.18;4792.84;5820.1;6157.88;7263;58228;53563;51456;54162;60600.44;57148.86;62839;34848.45;31169.3;30715.1;28037.89;31337.97;34858.2;44888;30779.12;33722.06;35437.37;35300.98;43761.6;45126.76;48559;21597;19721;21096;25767;27793.94;28314.13;32377;13544.49;13280.84;11662.62;11794.24;13560.44;13166.19;14740;1196.29;1661.03;1332.18;1688.66;2109.05;2497.22;1692;384465;393676;438744;456567;486739;522396;560324;1.28;1.43;1.24;1.15;1.17;1.09;0.82;9.65;10.55;11.17;11.22;14.79;8.44;10.21
Tulungagung;3976.5;4176.66;5074.75;5935.08;6685.78;6023.96;6171;15503;12356;15981;12935;18772.15;14182.75;15300;6285.58;6779.62;8251.56;10816.47;18912.42;12126.23;10372;9879;10746;12227;16417;21294.72;17477.49;15286;5778.6;6227.11;6598.91;7225.07;7717.98;7002.8;6600;68300;70543;78608;75383;88747.66;77604.15;78477;25444.65;25535.94;26098.98;27182.46;33161.06;32952.98;35365;20759.42;21342.07;23627.87;27199.06;32035.42;34948.62;27032;16698;16383;20438;29007;28578.02;28235.62;24635;14644.13;13933.97;14764.45;16174.5;22756.29;19259.7;16296;1489.77;1964.82;2746.08;3107.1;4177.44;3376.98;2874;328640;341651;362213;374183;391888;423875;447793;0.98;0.84;0.72;0.94;0.66;0.94;0.6;7.91;7.26;8.4;8.26;9.45;7.68;10.06
Wajo;5577.34;6403.66;4922.79;5660.39;6728.6;7042.08;5269;9948;15177;18485;7146;11073.63;18888.4;18600;3609.91;4866.51;3957.96;4914.97;6159.13;6268.29;4791;27147;28479;28784;33737;31512.31;38072.66;32660;2585.82;3189.24;2874.82;3095.35;2770.23;3760.9;3186;68343;86277;74424;69244;80034.5;98051.19;83007;28944.65;28109.82;32294.72;33232.03;31862.14;35618.07;38703;30359.76;35890.92;31840.21;31486.91;37305.97;40664.38;42865;11049;11435;13314;14706;14770.39;17507.16;15875;12749.98;12132.07;11434.88;12887.42;12481.25;15755.15;12338;1271.27;1243.82;925.57;1791.82;1512.92;1382.75;1049;297121;311017;350765;361181;375022;402351;431291;1.24;1.06;0.98;0.79;0.86;1.34;1.02;7.63;8.64;10.68;8.81;12.09;6.67;8.14
Wakatobi;5491.24;4340.6;4579.69;4930.19;4220.71;6241.5;4952;9428;9151;12685;6931;9659.82;12760.38;14642;911.27;4508.09;9084.48;4960.75;5132.54;5094.27;3833;32588;30129;31790;37312;32399.61;36388.52;40110;789.95;674.29;1321.88;1222.12;1021.87;1031.2;1024;50235;41789;48111;49103;40356.52;63233.41;68655;32302.35;29756.51;35243.97;38135.37;38345.52;41250.82;55694;21108.27;25757.63;24472.69;23262.46;24548.59;28651.16;31802;14736;12758;18727;18182;16628.34;22079.21;20896;11091.55;9312.06;11528.96;12746.18;7930.49;11600.8;11537;5163.01;5280.06;3163.1;5089.38;5192.34;7883.8;5058;256308;278929;294440;302511;319981;340151;355748;2.9;2.19;2.73;2.37;2.18;3.64;2.87;8.27;11.96;11.24;12.28;20.75;10.65;9.48
Waropen;7139.3;2752.29;4322.17;3766.56;2689.94;1951.75;2892;17531;5231;29193;9952;6932.16;11828.6;9439;28513.51;16283.4;30520.08;18990.3;10034.17;15075.09;13636;94253;72362;97726;72402;39719.97;54767.65;49285;8794.41;4225.73;6796.16;4853.58;2994.54;4093.31;4167;97311;55910;56909;28614;25586.16;28074.42;27532;34822.58;23903.73;39694.22;35706;29485.99;30780.95;29680;45919.63;38146.44;56278.62;38680.14;38026.07;44565.4;40411;45175;31696;43980;41861;30027.83;31991.07;36217;20004.54;12767.36;19371.57;16666.5;9687.47;8753.45;9981;19832.88;17040.15;23307.24;18147.13;11489.29;13894.14;12091;632478;655060;691544;731467;769979;810167;835594;9.96;6.25;9.9;4.72;6.95;7.16;6.16;12.18;36.06;17.37;33.2;33.26;35.93;36.35
Way Kanan;4969.96;3799.31;4133.13;5184.68;5585.83;5814.21;5727;10537;8097;8966;10620;11708;18217.58;17167;5814.67;8619.68;8022.38;8522.64;10680.76;11432.34;11521;16575;15643;14852;18243;21535.95;23034.4;23215;5429.34;5343.72;5894.27;5939.59;5911.03;6772.08;6923;47726;57529;53448;59898;66769.12;73564.23;76374;40842.48;34800.82;38875.74;36584.4;35162.67;41585.97;51648;33025.69;31753.11;27559.14;38395.18;42384.33;46169.66;45728;24336;20752;27343;30861;27590.41;33199.35;33952;12292.24;12436.52;13416.33;13328.07;15499.91;15310.78;15586;1418.13;1450.57;1854.44;2462.26;2256.93;2348.53;1931;333033;341012;377712;389088;409522;433471;464717;2.05;2.04;1.9;2.12;2.15;1.85;1.57;10.72;10.62;10.19;10.33;12.65;7.11;10.61
Wonogiri;3933.55;4154.43;3597.72;4508.86;5049.83;5745.45;5165;10268;8198;8148;10316;12424.2;12688.39;13741;9135.01;7815.43;8484.37;11181.3;14202.11;13178.36;12991;7259;6870;7176;9250;8754.7;10052.38;9513;8337.22;7469.55;7944.23;9026.59;9601.06;10571.92;10176;75735;65401;67014;56660;68220.38;80529.86;79323;23960.09;22357.44;22153.04;23243.56;23610.67;31397.1;42873;20871.13;22679.34;21815.72;25896.27;29323.83;29703.7;30250;19394;16118;17262;26364;23269.13;26954.45;25933;12525.46;12364.09;11723.8;12969.94;13566.46;15194.54;15511;1753.55;1528.4;1378.09;2498.24;2691.26;2529.76;2276;293357;327364;341643;356728;376763;414901;443563;1.71;0.82;1.08;1.58;1.33;1.32;1.53;12.76;15.05;15.8;13.68;12.82;10.8;10.25
Wonosobo;5007.32;4331.99;5355.38;5696.06;6492.48;6360.37;4964;21538;18805;14134;10613;12056.62;14937.04;13607;7550.68;7478.33;7793.29;10012.21;12913.45;11725.78;11056;7352;6891;6859;9368;9554.7;9944.48;7868;5705.86;5403.46;5329.83;6789.79;7296.37;9162.28;7036;71653;69127;62469;70270;83484.22;89487.88;85961;23893.55;23655.66;22334.14;23599.49;24795.82;30457.3;31479;25486.74;25821.12;27806.04;28639.06;35495.57;32522.88;34667;14367;13842;15951;19553;16623.49;20869.24;17198;12154.66;12395.82;12247.79;11811.28;12980.44;14589.44;11729;2267.94;2218.58;2432.47;2896.71;2988.18;3259.02;2355;323490;340827;362683;373474;399180;425105;456351;3.25;2.44;2.43;2.75;3.18;2.6;2.41;12.27;14.12;15.73;15.37;14.92;12.89;13.39
Yahukimo;7720.52;9737.52;7948.24;6334.68;8397.34;8025.68;7250;8510;10072;17107;18126;21071.09;19465.23;20699;12207.73;32267.32;43915.69;34942.4;55865.78;75471.84;58393;9099;6153;13942;10650;9356.43;8473.17;12192;1293.98;1559.86;4208.09;1226.06;5217.65;5014.36;3324;8708;9642;9396;1978;5935.59;10277.29;3989;18817.19;12521.77;21335.97;11062.62;15529.68;22793.38;27344;10846.49;12825.4;13822.04;4009.62;10263.44;4961.6;2380;36498;50013;57285;67713;63804.96;59985.58;58327;2821.4;4813.87;5469.29;6848.24;5846.24;4114.75;5009;66674.71;89931.78;106005.92;91165.32;96019.88;89871.9;141637;379628;414936;428433;466113;496222;549772;718084;8.05;9.3;7.41;7.38;7.27;5.03;4.67;61.74;52.74;39.28;54.35;48.9;56.8;46.36
Yalimo;28996.43;6654.34;12906.75;14750.14;15250.92;18619.21;16608;13076;6762;7319;16068;15806.31;22739.33;21496;21725.33;34837.8;42480.14;76961.31;67263.68;91853.56;76330;1494;7919;32352;59331;35337.43;60779.6;57235;1116.61;1580.65;7572.4;5898.94;4998.37;6350.3;9773;1083;26801;54545;29812;19587.82;87377.99;69382;24586.36;39999.22;58633.9;59753.53;49834.07;77545.01;71646;39714.84;46304.2;47905.81;35463.48;31834.14;65365.57;60344;32960;63674;78058;127227;110078.16;142063.45;114903;3385.59;6292.04;15868.93;21548.69;17035.05;31269.58;36117;85873.79;115882.21;79224.66;136453.27;144576.27;99221.21;81813;320971;330040;347171;378167;395868;434256;600536;6.98;12.23;11.47;13.86;9.68;11.89;9.19;43.59;33.6;22.28;29.08;26.29;17.94;14.72
