Tahun,Judul,Teks_Asli,Teks_Bersih
2018,Statistik Kesejahteraan Rakyat Indonesia (Nasional) Tahun 2018,"Publikasi Statistik Kesejahteraan Rakyat menyajikan indikator komprehensif mengenai kondisi taraf hidup rumah tangga di Indonesia (Nasional) pada tahun 2018. Data mencakup aspek kependudukan, kesehatan, pendidikan, pola konsumsi makanan, dan perumahan bersumber dari Survei Sosial Ekonomi Nasional (Susenas). Terlihat pergeseran alokasi belanja rumah tangga di mana pengeluaran untuk produk tembakau dan zat adiktif bersaing ketat dengan belanja pangan bergizi seimbang seperti daging sapi, ikan segar, dan produk susu, yang berimplikasi pada prevalensi ketidakcukupan konsumsi pangan dan risiko gagal tumbuh balita di berbagai wilayah kabupaten/kota.",publikasi statistik sejahtera rakyat saji indikator komprehensif kondisi taraf hidup rumah tangga indonesia nasional data cakup aspek duduk sehat didik pola konsumsi makan rumah sumber survei sosial ekonomi nasional susenas geser alokasi belanja rumah tangga produk tembakau zat adiktif saing ketat belanja pangan gizi imbang daging sapi ikan segar produk susu implikasi prevalensi ketidakcukupan konsumsi pangan risiko gagal tumbuh balita wilayah kabupaten kota
2018,Perkembangan Tingkat Ketimpangan Pengeluaran dan Garis Kemiskinan DKI Jakarta 2018,Badan Pusat Statistik merilis perkembangan Gini Ratio dan Garis Kemiskinan di DKI Jakarta untuk tahun 2018. Distribusi pengeluaran menunjukkan adanya ketimpangan antara kelompok 20 persen terbawah dengan kelompok pendapatan atas. Komoditas rokok kretek filter menempati urutan kedua setelah beras sebagai penyumbang terbesar garis kemiskinan di daerah perkotaan dan perdesaan. Penyesuaian tarif cukai hasil tembakau dan fluktuasi daya beli mempengaruhi alokasi belanja protein rumah tangga rentan secara signifikan sepanjang tahun pengamatan.,badan pusat statistik rilis kembang gin ratio garis miskin dki jakarta distribusi timpang kelompok kelompok komoditas rokok kretek filter urut beras sumbang garis miskin daerah kota desa sesuai tarif cukai hasil tembakau fluktuasi daya beli pengaruh alokasi belanja protein rumah tangga rentan signifikan
2018,Analisis Pola Konsumsi Pangan dan Ketahanan Gizi Jawa Barat 2018,"Laporan tematik konsumsi pangan Jawa Barat tahun 2018 menganalisis proporsi pengeluaran makanan terhadap total pengeluaran rumah tangga. Sesuai hukum Engel, semakin rendah tingkat pendapatan, semakin tinggi pangsa belanja untuk makanan. Namun, temuan survei memperlihatkan ironi di mana alokasi untuk rokok melampaui gabungan alokasi protein hewani daging dan ikan di sejumlah kabupaten/kota berpendapatan rendah, memperberat beban ketahanan pangan mikro serta menuntut integrasi bantuan sosial pangan dengan edukasi perilaku konsumsi sehat.",lapor tematik konsumsi pangan jawa barat analis proporsi makan total rumah tangga sesuai hukum engel rendah tingkat pangsa belanja makan temu survei ironi alokasi rokok lampau gabung alokasi protein hewani daging ikan kabupaten kota rendah berat beban tahan pangan mikro tuntut integrasi bantu sosial pangan edukasi perilaku konsumsi sehat
2018,Indikator Kemiskinan Makro dan Ketahanan Pangan Jawa Tengah 2018,Publikasi berkala BPS memaparkan capaian penurunan angka kemiskinan makro di Jawa Tengah pada tahun 2018. Kajian menunjukkan bahwa ketidakcukupan konsumsi kalori dan defisit protein berhubungan erat dengan pengalihan daya beli rumah tangga pada pos barang non-nutritif. Program perlindungan sosial dan pengendalian inflasi pangan menjadi kunci strategis untuk mempersempit indeks kedalaman kemiskinan dan menjamin pemenuhan standar gizi minimal.,publikasi papar capai turun angka miskin makro jawa kaji ketidakcukupan konsumsi kalori defisit protein hubung erat alih daya beli rumah tangga pos barang non nutritif program lindung sosial kendali inflasi pangan kunci strategis sempit indeks miskin jamin penuh standar gizi minimal
2018,Profil Kemiskinan di DI Yogyakarta Periode Maret 2018,"Pada Maret 2018 2018, persentase penduduk miskin di DI Yogyakarta tercatat mengalami perubahan seiring dengan dinamika harga komoditas makanan dan garis kemiskinan. Garis Kemiskinan makanan memberikan sumbangan terbesar terhadap total Garis Kemiskinan, di mana komoditas beras, rokok kretek filter, telur ayam ras, dan daging ayam ras menjadi kontributor utama pengeluaran masyarakat berpenghasilan rendah. Indeks Kedalaman Kemiskinan (P1) dan Indeks Keparahan Kemiskinan (P2) mencerminkan disparitas pengeluaran yang perlu dimitigasi melalui penguatan jaring pengaman sosial, intervensi pemenuhan gizi protein, dan stabilisasi harga bahan pokok di perkotaan maupun perdesaan.",duduk miskin yogyakarta catat alami ubah iring dinamika harga komoditas makan garis miskin garis miskin makan sumbang total garis miskin komoditas beras rokok kretek filter telur ayam ras daging ayam ras kontributor utama masyarakat hasil rendah indeks miskin indeks parah miskin cermin disparitas dimitigasi kuat jaring kam sosial intervensi penuh gizi protein stabilisasi harga bahan pokok kota desa
2018,Statistik Kesejahteraan Rakyat Jawa Timur Tahun 2018,"Publikasi Statistik Kesejahteraan Rakyat menyajikan indikator komprehensif mengenai kondisi taraf hidup rumah tangga di Jawa Timur pada tahun 2018. Data mencakup aspek kependudukan, kesehatan, pendidikan, pola konsumsi makanan, dan perumahan bersumber dari Survei Sosial Ekonomi Nasional (Susenas). Terlihat pergeseran alokasi belanja rumah tangga di mana pengeluaran untuk produk tembakau dan zat adiktif bersaing ketat dengan belanja pangan bergizi seimbang seperti daging sapi, ikan segar, dan produk susu, yang berimplikasi pada prevalensi ketidakcukupan konsumsi pangan dan risiko gagal tumbuh balita di berbagai wilayah kabupaten/kota.",publikasi statistik sejahtera rakyat saji indikator komprehensif kondisi taraf hidup rumah tangga jawa timur data cakup aspek duduk sehat didik pola konsumsi makan rumah sumber survei sosial ekonomi nasional susenas geser alokasi belanja rumah tangga produk tembakau zat adiktif saing ketat belanja pangan gizi imbang daging sapi ikan segar produk susu implikasi prevalensi ketidakcukupan konsumsi pangan risiko gagal tumbuh balita wilayah kabupaten kota
2018,Perkembangan Tingkat Ketimpangan Pengeluaran dan Garis Kemiskinan Banten 2018,Badan Pusat Statistik merilis perkembangan Gini Ratio dan Garis Kemiskinan di Banten untuk tahun 2018. Distribusi pengeluaran menunjukkan adanya ketimpangan antara kelompok 20 persen terbawah dengan kelompok pendapatan atas. Komoditas rokok kretek filter menempati urutan kedua setelah beras sebagai penyumbang terbesar garis kemiskinan di daerah perkotaan dan perdesaan. Penyesuaian tarif cukai hasil tembakau dan fluktuasi daya beli mempengaruhi alokasi belanja protein rumah tangga rentan secara signifikan sepanjang tahun pengamatan.,badan pusat statistik rilis kembang gin ratio garis miskin banten distribusi timpang kelompok kelompok komoditas rokok kretek filter urut beras sumbang garis miskin daerah kota desa sesuai tarif cukai hasil tembakau fluktuasi daya beli pengaruh alokasi belanja protein rumah tangga rentan signifikan
2018,Analisis Pola Konsumsi Pangan dan Ketahanan Gizi Aceh 2018,"Laporan tematik konsumsi pangan Aceh tahun 2018 menganalisis proporsi pengeluaran makanan terhadap total pengeluaran rumah tangga. Sesuai hukum Engel, semakin rendah tingkat pendapatan, semakin tinggi pangsa belanja untuk makanan. Namun, temuan survei memperlihatkan ironi di mana alokasi untuk rokok melampaui gabungan alokasi protein hewani daging dan ikan di sejumlah kabupaten/kota berpendapatan rendah, memperberat beban ketahanan pangan mikro serta menuntut integrasi bantuan sosial pangan dengan edukasi perilaku konsumsi sehat.",lapor tematik konsumsi pangan aceh analis proporsi makan total rumah tangga sesuai hukum engel rendah tingkat pangsa belanja makan temu survei ironi alokasi rokok lampau gabung alokasi protein hewani daging ikan kabupaten kota rendah berat beban tahan pangan mikro tuntut integrasi bantu sosial pangan edukasi perilaku konsumsi sehat
2018,Indikator Kemiskinan Makro dan Ketahanan Pangan Indonesia (Nasional) 2018,Publikasi berkala BPS memaparkan capaian penurunan angka kemiskinan makro di Indonesia (Nasional) pada tahun 2018. Kajian menunjukkan bahwa ketidakcukupan konsumsi kalori dan defisit protein berhubungan erat dengan pengalihan daya beli rumah tangga pada pos barang non-nutritif. Program perlindungan sosial dan pengendalian inflasi pangan menjadi kunci strategis untuk mempersempit indeks kedalaman kemiskinan dan menjamin pemenuhan standar gizi minimal.,publikasi papar capai turun angka miskin makro indonesia nasional kaji ketidakcukupan konsumsi kalori defisit protein hubung erat alih daya beli rumah tangga pos barang non nutritif program lindung sosial kendali inflasi pangan kunci strategis sempit indeks miskin jamin penuh standar gizi minimal
2018,Profil Kemiskinan di DKI Jakarta Periode September 2018,"Pada September 2018 2018, persentase penduduk miskin di DKI Jakarta tercatat mengalami perubahan seiring dengan dinamika harga komoditas makanan dan garis kemiskinan. Garis Kemiskinan makanan memberikan sumbangan terbesar terhadap total Garis Kemiskinan, di mana komoditas beras, rokok kretek filter, telur ayam ras, dan daging ayam ras menjadi kontributor utama pengeluaran masyarakat berpenghasilan rendah. Indeks Kedalaman Kemiskinan (P1) dan Indeks Keparahan Kemiskinan (P2) mencerminkan disparitas pengeluaran yang perlu dimitigasi melalui penguatan jaring pengaman sosial, intervensi pemenuhan gizi protein, dan stabilisasi harga bahan pokok di perkotaan maupun perdesaan.",duduk miskin dki jakarta catat alami ubah iring dinamika harga komoditas makan garis miskin garis miskin makan sumbang total garis miskin komoditas beras rokok kretek filter telur ayam ras daging ayam ras kontributor utama masyarakat hasil rendah indeks miskin indeks parah miskin cermin disparitas dimitigasi kuat jaring kam sosial intervensi penuh gizi protein stabilisasi harga bahan pokok kota desa
2018,Statistik Kesejahteraan Rakyat Jawa Barat Tahun 2018,"Publikasi Statistik Kesejahteraan Rakyat menyajikan indikator komprehensif mengenai kondisi taraf hidup rumah tangga di Jawa Barat pada tahun 2018. Data mencakup aspek kependudukan, kesehatan, pendidikan, pola konsumsi makanan, dan perumahan bersumber dari Survei Sosial Ekonomi Nasional (Susenas). Terlihat pergeseran alokasi belanja rumah tangga di mana pengeluaran untuk produk tembakau dan zat adiktif bersaing ketat dengan belanja pangan bergizi seimbang seperti daging sapi, ikan segar, dan produk susu, yang berimplikasi pada prevalensi ketidakcukupan konsumsi pangan dan risiko gagal tumbuh balita di berbagai wilayah kabupaten/kota.",publikasi statistik sejahtera rakyat saji indikator komprehensif kondisi taraf hidup rumah tangga jawa barat data cakup aspek duduk sehat didik pola konsumsi makan rumah sumber survei sosial ekonomi nasional susenas geser alokasi belanja rumah tangga produk tembakau zat adiktif saing ketat belanja pangan gizi imbang daging sapi ikan segar produk susu implikasi prevalensi ketidakcukupan konsumsi pangan risiko gagal tumbuh balita wilayah kabupaten kota
2018,Perkembangan Tingkat Ketimpangan Pengeluaran dan Garis Kemiskinan Jawa Tengah 2018,Badan Pusat Statistik merilis perkembangan Gini Ratio dan Garis Kemiskinan di Jawa Tengah untuk tahun 2018. Distribusi pengeluaran menunjukkan adanya ketimpangan antara kelompok 20 persen terbawah dengan kelompok pendapatan atas. Komoditas rokok kretek filter menempati urutan kedua setelah beras sebagai penyumbang terbesar garis kemiskinan di daerah perkotaan dan perdesaan. Penyesuaian tarif cukai hasil tembakau dan fluktuasi daya beli mempengaruhi alokasi belanja protein rumah tangga rentan secara signifikan sepanjang tahun pengamatan.,badan pusat statistik rilis kembang gin ratio garis miskin jawa distribusi timpang kelompok kelompok komoditas rokok kretek filter urut beras sumbang garis miskin daerah kota desa sesuai tarif cukai hasil tembakau fluktuasi daya beli pengaruh alokasi belanja protein rumah tangga rentan signifikan
2018,Analisis Pola Konsumsi Pangan dan Ketahanan Gizi DI Yogyakarta 2018,"Laporan tematik konsumsi pangan DI Yogyakarta tahun 2018 menganalisis proporsi pengeluaran makanan terhadap total pengeluaran rumah tangga. Sesuai hukum Engel, semakin rendah tingkat pendapatan, semakin tinggi pangsa belanja untuk makanan. Namun, temuan survei memperlihatkan ironi di mana alokasi untuk rokok melampaui gabungan alokasi protein hewani daging dan ikan di sejumlah kabupaten/kota berpendapatan rendah, memperberat beban ketahanan pangan mikro serta menuntut integrasi bantuan sosial pangan dengan edukasi perilaku konsumsi sehat.",lapor tematik konsumsi pangan yogyakarta analis proporsi makan total rumah tangga sesuai hukum engel rendah tingkat pangsa belanja makan temu survei ironi alokasi rokok lampau gabung alokasi protein hewani daging ikan kabupaten kota rendah berat beban tahan pangan mikro tuntut integrasi bantu sosial pangan edukasi perilaku konsumsi sehat
2018,Indikator Kemiskinan Makro dan Ketahanan Pangan Jawa Timur 2018,Publikasi berkala BPS memaparkan capaian penurunan angka kemiskinan makro di Jawa Timur pada tahun 2018. Kajian menunjukkan bahwa ketidakcukupan konsumsi kalori dan defisit protein berhubungan erat dengan pengalihan daya beli rumah tangga pada pos barang non-nutritif. Program perlindungan sosial dan pengendalian inflasi pangan menjadi kunci strategis untuk mempersempit indeks kedalaman kemiskinan dan menjamin pemenuhan standar gizi minimal.,publikasi papar capai turun angka miskin makro jawa timur kaji ketidakcukupan konsumsi kalori defisit protein hubung erat alih daya beli rumah tangga pos barang non nutritif program lindung sosial kendali inflasi pangan kunci strategis sempit indeks miskin jamin penuh standar gizi minimal
2018,Profil Kemiskinan di Banten Periode September 2018,"Pada September 2018 2018, persentase penduduk miskin di Banten tercatat mengalami perubahan seiring dengan dinamika harga komoditas makanan dan garis kemiskinan. Garis Kemiskinan makanan memberikan sumbangan terbesar terhadap total Garis Kemiskinan, di mana komoditas beras, rokok kretek filter, telur ayam ras, dan daging ayam ras menjadi kontributor utama pengeluaran masyarakat berpenghasilan rendah. Indeks Kedalaman Kemiskinan (P1) dan Indeks Keparahan Kemiskinan (P2) mencerminkan disparitas pengeluaran yang perlu dimitigasi melalui penguatan jaring pengaman sosial, intervensi pemenuhan gizi protein, dan stabilisasi harga bahan pokok di perkotaan maupun perdesaan.",duduk miskin banten catat alami ubah iring dinamika harga komoditas makan garis miskin garis miskin makan sumbang total garis miskin komoditas beras rokok kretek filter telur ayam ras daging ayam ras kontributor utama masyarakat hasil rendah indeks miskin indeks parah miskin cermin disparitas dimitigasi kuat jaring kam sosial intervensi penuh gizi protein stabilisasi harga bahan pokok kota desa
2018,Statistik Kesejahteraan Rakyat Aceh Tahun 2018,"Publikasi Statistik Kesejahteraan Rakyat menyajikan indikator komprehensif mengenai kondisi taraf hidup rumah tangga di Aceh pada tahun 2018. Data mencakup aspek kependudukan, kesehatan, pendidikan, pola konsumsi makanan, dan perumahan bersumber dari Survei Sosial Ekonomi Nasional (Susenas). Terlihat pergeseran alokasi belanja rumah tangga di mana pengeluaran untuk produk tembakau dan zat adiktif bersaing ketat dengan belanja pangan bergizi seimbang seperti daging sapi, ikan segar, dan produk susu, yang berimplikasi pada prevalensi ketidakcukupan konsumsi pangan dan risiko gagal tumbuh balita di berbagai wilayah kabupaten/kota.",publikasi statistik sejahtera rakyat saji indikator komprehensif kondisi taraf hidup rumah tangga aceh data cakup aspek duduk sehat didik pola konsumsi makan rumah sumber survei sosial ekonomi nasional susenas geser alokasi belanja rumah tangga produk tembakau zat adiktif saing ketat belanja pangan gizi imbang daging sapi ikan segar produk susu implikasi prevalensi ketidakcukupan konsumsi pangan risiko gagal tumbuh balita wilayah kabupaten kota
2019,Perkembangan Tingkat Ketimpangan Pengeluaran dan Garis Kemiskinan Indonesia (Nasional) 2019,Badan Pusat Statistik merilis perkembangan Gini Ratio dan Garis Kemiskinan di Indonesia (Nasional) untuk tahun 2019. Distribusi pengeluaran menunjukkan adanya ketimpangan antara kelompok 20 persen terbawah dengan kelompok pendapatan atas. Komoditas rokok kretek filter menempati urutan kedua setelah beras sebagai penyumbang terbesar garis kemiskinan di daerah perkotaan dan perdesaan. Penyesuaian tarif cukai hasil tembakau dan fluktuasi daya beli mempengaruhi alokasi belanja protein rumah tangga rentan secara signifikan sepanjang tahun pengamatan.,badan pusat statistik rilis kembang gin ratio garis miskin indonesia nasional distribusi timpang kelompok kelompok komoditas rokok kretek filter urut beras sumbang garis miskin daerah kota desa sesuai tarif cukai hasil tembakau fluktuasi daya beli pengaruh alokasi belanja protein rumah tangga rentan signifikan
2019,Analisis Pola Konsumsi Pangan dan Ketahanan Gizi DKI Jakarta 2019,"Laporan tematik konsumsi pangan DKI Jakarta tahun 2019 menganalisis proporsi pengeluaran makanan terhadap total pengeluaran rumah tangga. Sesuai hukum Engel, semakin rendah tingkat pendapatan, semakin tinggi pangsa belanja untuk makanan. Namun, temuan survei memperlihatkan ironi di mana alokasi untuk rokok melampaui gabungan alokasi protein hewani daging dan ikan di sejumlah kabupaten/kota berpendapatan rendah, memperberat beban ketahanan pangan mikro serta menuntut integrasi bantuan sosial pangan dengan edukasi perilaku konsumsi sehat.",lapor tematik konsumsi pangan dki jakarta analis proporsi makan total rumah tangga sesuai hukum engel rendah tingkat pangsa belanja makan temu survei ironi alokasi rokok lampau gabung alokasi protein hewani daging ikan kabupaten kota rendah berat beban tahan pangan mikro tuntut integrasi bantu sosial pangan edukasi perilaku konsumsi sehat
2019,Indikator Kemiskinan Makro dan Ketahanan Pangan Jawa Barat 2019,Publikasi berkala BPS memaparkan capaian penurunan angka kemiskinan makro di Jawa Barat pada tahun 2019. Kajian menunjukkan bahwa ketidakcukupan konsumsi kalori dan defisit protein berhubungan erat dengan pengalihan daya beli rumah tangga pada pos barang non-nutritif. Program perlindungan sosial dan pengendalian inflasi pangan menjadi kunci strategis untuk mempersempit indeks kedalaman kemiskinan dan menjamin pemenuhan standar gizi minimal.,publikasi papar capai turun angka miskin makro jawa barat kaji ketidakcukupan konsumsi kalori defisit protein hubung erat alih daya beli rumah tangga pos barang non nutritif program lindung sosial kendali inflasi pangan kunci strategis sempit indeks miskin jamin penuh standar gizi minimal
2019,Profil Kemiskinan di Jawa Tengah Periode Maret 2019,"Pada Maret 2019 2019, persentase penduduk miskin di Jawa Tengah tercatat mengalami perubahan seiring dengan dinamika harga komoditas makanan dan garis kemiskinan. Garis Kemiskinan makanan memberikan sumbangan terbesar terhadap total Garis Kemiskinan, di mana komoditas beras, rokok kretek filter, telur ayam ras, dan daging ayam ras menjadi kontributor utama pengeluaran masyarakat berpenghasilan rendah. Indeks Kedalaman Kemiskinan (P1) dan Indeks Keparahan Kemiskinan (P2) mencerminkan disparitas pengeluaran yang perlu dimitigasi melalui penguatan jaring pengaman sosial, intervensi pemenuhan gizi protein, dan stabilisasi harga bahan pokok di perkotaan maupun perdesaan.",duduk miskin jawa catat alami ubah iring dinamika harga komoditas makan garis miskin garis miskin makan sumbang total garis miskin komoditas beras rokok kretek filter telur ayam ras daging ayam ras kontributor utama masyarakat hasil rendah indeks miskin indeks parah miskin cermin disparitas dimitigasi kuat jaring kam sosial intervensi penuh gizi protein stabilisasi harga bahan pokok kota desa
2019,Statistik Kesejahteraan Rakyat DI Yogyakarta Tahun 2019,"Publikasi Statistik Kesejahteraan Rakyat menyajikan indikator komprehensif mengenai kondisi taraf hidup rumah tangga di DI Yogyakarta pada tahun 2019. Data mencakup aspek kependudukan, kesehatan, pendidikan, pola konsumsi makanan, dan perumahan bersumber dari Survei Sosial Ekonomi Nasional (Susenas). Terlihat pergeseran alokasi belanja rumah tangga di mana pengeluaran untuk produk tembakau dan zat adiktif bersaing ketat dengan belanja pangan bergizi seimbang seperti daging sapi, ikan segar, dan produk susu, yang berimplikasi pada prevalensi ketidakcukupan konsumsi pangan dan risiko gagal tumbuh balita di berbagai wilayah kabupaten/kota.",publikasi statistik sejahtera rakyat saji indikator komprehensif kondisi taraf hidup rumah tangga yogyakarta data cakup aspek duduk sehat didik pola konsumsi makan rumah sumber survei sosial ekonomi nasional susenas geser alokasi belanja rumah tangga produk tembakau zat adiktif saing ketat belanja pangan gizi imbang daging sapi ikan segar produk susu implikasi prevalensi ketidakcukupan konsumsi pangan risiko gagal tumbuh balita wilayah kabupaten kota
2019,Perkembangan Tingkat Ketimpangan Pengeluaran dan Garis Kemiskinan Jawa Timur 2019,Badan Pusat Statistik merilis perkembangan Gini Ratio dan Garis Kemiskinan di Jawa Timur untuk tahun 2019. Distribusi pengeluaran menunjukkan adanya ketimpangan antara kelompok 20 persen terbawah dengan kelompok pendapatan atas. Komoditas rokok kretek filter menempati urutan kedua setelah beras sebagai penyumbang terbesar garis kemiskinan di daerah perkotaan dan perdesaan. Penyesuaian tarif cukai hasil tembakau dan fluktuasi daya beli mempengaruhi alokasi belanja protein rumah tangga rentan secara signifikan sepanjang tahun pengamatan.,badan pusat statistik rilis kembang gin ratio garis miskin jawa timur distribusi timpang kelompok kelompok komoditas rokok kretek filter urut beras sumbang garis miskin daerah kota desa sesuai tarif cukai hasil tembakau fluktuasi daya beli pengaruh alokasi belanja protein rumah tangga rentan signifikan
2019,Analisis Pola Konsumsi Pangan dan Ketahanan Gizi Banten 2019,"Laporan tematik konsumsi pangan Banten tahun 2019 menganalisis proporsi pengeluaran makanan terhadap total pengeluaran rumah tangga. Sesuai hukum Engel, semakin rendah tingkat pendapatan, semakin tinggi pangsa belanja untuk makanan. Namun, temuan survei memperlihatkan ironi di mana alokasi untuk rokok melampaui gabungan alokasi protein hewani daging dan ikan di sejumlah kabupaten/kota berpendapatan rendah, memperberat beban ketahanan pangan mikro serta menuntut integrasi bantuan sosial pangan dengan edukasi perilaku konsumsi sehat.",lapor tematik konsumsi pangan banten analis proporsi makan total rumah tangga sesuai hukum engel rendah tingkat pangsa belanja makan temu survei ironi alokasi rokok lampau gabung alokasi protein hewani daging ikan kabupaten kota rendah berat beban tahan pangan mikro tuntut integrasi bantu sosial pangan edukasi perilaku konsumsi sehat
2019,Indikator Kemiskinan Makro dan Ketahanan Pangan Aceh 2019,Publikasi berkala BPS memaparkan capaian penurunan angka kemiskinan makro di Aceh pada tahun 2019. Kajian menunjukkan bahwa ketidakcukupan konsumsi kalori dan defisit protein berhubungan erat dengan pengalihan daya beli rumah tangga pada pos barang non-nutritif. Program perlindungan sosial dan pengendalian inflasi pangan menjadi kunci strategis untuk mempersempit indeks kedalaman kemiskinan dan menjamin pemenuhan standar gizi minimal.,publikasi papar capai turun angka miskin makro aceh kaji ketidakcukupan konsumsi kalori defisit protein hubung erat alih daya beli rumah tangga pos barang non nutritif program lindung sosial kendali inflasi pangan kunci strategis sempit indeks miskin jamin penuh standar gizi minimal
2019,Profil Kemiskinan di Indonesia (Nasional) Periode September 2019,"Pada September 2019 2019, persentase penduduk miskin di Indonesia (Nasional) tercatat mengalami perubahan seiring dengan dinamika harga komoditas makanan dan garis kemiskinan. Garis Kemiskinan makanan memberikan sumbangan terbesar terhadap total Garis Kemiskinan, di mana komoditas beras, rokok kretek filter, telur ayam ras, dan daging ayam ras menjadi kontributor utama pengeluaran masyarakat berpenghasilan rendah. Indeks Kedalaman Kemiskinan (P1) dan Indeks Keparahan Kemiskinan (P2) mencerminkan disparitas pengeluaran yang perlu dimitigasi melalui penguatan jaring pengaman sosial, intervensi pemenuhan gizi protein, dan stabilisasi harga bahan pokok di perkotaan maupun perdesaan.",duduk miskin indonesia nasional catat alami ubah iring dinamika harga komoditas makan garis miskin garis miskin makan sumbang total garis miskin komoditas beras rokok kretek filter telur ayam ras daging ayam ras kontributor utama masyarakat hasil rendah indeks miskin indeks parah miskin cermin disparitas dimitigasi kuat jaring kam sosial intervensi penuh gizi protein stabilisasi harga bahan pokok kota desa
2019,Statistik Kesejahteraan Rakyat DKI Jakarta Tahun 2019,"Publikasi Statistik Kesejahteraan Rakyat menyajikan indikator komprehensif mengenai kondisi taraf hidup rumah tangga di DKI Jakarta pada tahun 2019. Data mencakup aspek kependudukan, kesehatan, pendidikan, pola konsumsi makanan, dan perumahan bersumber dari Survei Sosial Ekonomi Nasional (Susenas). Terlihat pergeseran alokasi belanja rumah tangga di mana pengeluaran untuk produk tembakau dan zat adiktif bersaing ketat dengan belanja pangan bergizi seimbang seperti daging sapi, ikan segar, dan produk susu, yang berimplikasi pada prevalensi ketidakcukupan konsumsi pangan dan risiko gagal tumbuh balita di berbagai wilayah kabupaten/kota.",publikasi statistik sejahtera rakyat saji indikator komprehensif kondisi taraf hidup rumah tangga dki jakarta data cakup aspek duduk sehat didik pola konsumsi makan rumah sumber survei sosial ekonomi nasional susenas geser alokasi belanja rumah tangga produk tembakau zat adiktif saing ketat belanja pangan gizi imbang daging sapi ikan segar produk susu implikasi prevalensi ketidakcukupan konsumsi pangan risiko gagal tumbuh balita wilayah kabupaten kota
2019,Perkembangan Tingkat Ketimpangan Pengeluaran dan Garis Kemiskinan Jawa Barat 2019,Badan Pusat Statistik merilis perkembangan Gini Ratio dan Garis Kemiskinan di Jawa Barat untuk tahun 2019. Distribusi pengeluaran menunjukkan adanya ketimpangan antara kelompok 20 persen terbawah dengan kelompok pendapatan atas. Komoditas rokok kretek filter menempati urutan kedua setelah beras sebagai penyumbang terbesar garis kemiskinan di daerah perkotaan dan perdesaan. Penyesuaian tarif cukai hasil tembakau dan fluktuasi daya beli mempengaruhi alokasi belanja protein rumah tangga rentan secara signifikan sepanjang tahun pengamatan.,badan pusat statistik rilis kembang gin ratio garis miskin jawa barat distribusi timpang kelompok kelompok komoditas rokok kretek filter urut beras sumbang garis miskin daerah kota desa sesuai tarif cukai hasil tembakau fluktuasi daya beli pengaruh alokasi belanja protein rumah tangga rentan signifikan
2019,Analisis Pola Konsumsi Pangan dan Ketahanan Gizi Jawa Tengah 2019,"Laporan tematik konsumsi pangan Jawa Tengah tahun 2019 menganalisis proporsi pengeluaran makanan terhadap total pengeluaran rumah tangga. Sesuai hukum Engel, semakin rendah tingkat pendapatan, semakin tinggi pangsa belanja untuk makanan. Namun, temuan survei memperlihatkan ironi di mana alokasi untuk rokok melampaui gabungan alokasi protein hewani daging dan ikan di sejumlah kabupaten/kota berpendapatan rendah, memperberat beban ketahanan pangan mikro serta menuntut integrasi bantuan sosial pangan dengan edukasi perilaku konsumsi sehat.",lapor tematik konsumsi pangan jawa analis proporsi makan total rumah tangga sesuai hukum engel rendah tingkat pangsa belanja makan temu survei ironi alokasi rokok lampau gabung alokasi protein hewani daging ikan kabupaten kota rendah berat beban tahan pangan mikro tuntut integrasi bantu sosial pangan edukasi perilaku konsumsi sehat
2019,Indikator Kemiskinan Makro dan Ketahanan Pangan DI Yogyakarta 2019,Publikasi berkala BPS memaparkan capaian penurunan angka kemiskinan makro di DI Yogyakarta pada tahun 2019. Kajian menunjukkan bahwa ketidakcukupan konsumsi kalori dan defisit protein berhubungan erat dengan pengalihan daya beli rumah tangga pada pos barang non-nutritif. Program perlindungan sosial dan pengendalian inflasi pangan menjadi kunci strategis untuk mempersempit indeks kedalaman kemiskinan dan menjamin pemenuhan standar gizi minimal.,publikasi papar capai turun angka miskin makro yogyakarta kaji ketidakcukupan konsumsi kalori defisit protein hubung erat alih daya beli rumah tangga pos barang non nutritif program lindung sosial kendali inflasi pangan kunci strategis sempit indeks miskin jamin penuh standar gizi minimal
2019,Profil Kemiskinan di Jawa Timur Periode September 2019,"Pada September 2019 2019, persentase penduduk miskin di Jawa Timur tercatat mengalami perubahan seiring dengan dinamika harga komoditas makanan dan garis kemiskinan. Garis Kemiskinan makanan memberikan sumbangan terbesar terhadap total Garis Kemiskinan, di mana komoditas beras, rokok kretek filter, telur ayam ras, dan daging ayam ras menjadi kontributor utama pengeluaran masyarakat berpenghasilan rendah. Indeks Kedalaman Kemiskinan (P1) dan Indeks Keparahan Kemiskinan (P2) mencerminkan disparitas pengeluaran yang perlu dimitigasi melalui penguatan jaring pengaman sosial, intervensi pemenuhan gizi protein, dan stabilisasi harga bahan pokok di perkotaan maupun perdesaan.",duduk miskin jawa timur catat alami ubah iring dinamika harga komoditas makan garis miskin garis miskin makan sumbang total garis miskin komoditas beras rokok kretek filter telur ayam ras daging ayam ras kontributor utama masyarakat hasil rendah indeks miskin indeks parah miskin cermin disparitas dimitigasi kuat jaring kam sosial intervensi penuh gizi protein stabilisasi harga bahan pokok kota desa
2019,Statistik Kesejahteraan Rakyat Banten Tahun 2019,"Publikasi Statistik Kesejahteraan Rakyat menyajikan indikator komprehensif mengenai kondisi taraf hidup rumah tangga di Banten pada tahun 2019. Data mencakup aspek kependudukan, kesehatan, pendidikan, pola konsumsi makanan, dan perumahan bersumber dari Survei Sosial Ekonomi Nasional (Susenas). Terlihat pergeseran alokasi belanja rumah tangga di mana pengeluaran untuk produk tembakau dan zat adiktif bersaing ketat dengan belanja pangan bergizi seimbang seperti daging sapi, ikan segar, dan produk susu, yang berimplikasi pada prevalensi ketidakcukupan konsumsi pangan dan risiko gagal tumbuh balita di berbagai wilayah kabupaten/kota.",publikasi statistik sejahtera rakyat saji indikator komprehensif kondisi taraf hidup rumah tangga banten data cakup aspek duduk sehat didik pola konsumsi makan rumah sumber survei sosial ekonomi nasional susenas geser alokasi belanja rumah tangga produk tembakau zat adiktif saing ketat belanja pangan gizi imbang daging sapi ikan segar produk susu implikasi prevalensi ketidakcukupan konsumsi pangan risiko gagal tumbuh balita wilayah kabupaten kota
2019,Perkembangan Tingkat Ketimpangan Pengeluaran dan Garis Kemiskinan Aceh 2019,Badan Pusat Statistik merilis perkembangan Gini Ratio dan Garis Kemiskinan di Aceh untuk tahun 2019. Distribusi pengeluaran menunjukkan adanya ketimpangan antara kelompok 20 persen terbawah dengan kelompok pendapatan atas. Komoditas rokok kretek filter menempati urutan kedua setelah beras sebagai penyumbang terbesar garis kemiskinan di daerah perkotaan dan perdesaan. Penyesuaian tarif cukai hasil tembakau dan fluktuasi daya beli mempengaruhi alokasi belanja protein rumah tangga rentan secara signifikan sepanjang tahun pengamatan.,badan pusat statistik rilis kembang gin ratio garis miskin aceh distribusi timpang kelompok kelompok komoditas rokok kretek filter urut beras sumbang garis miskin daerah kota desa sesuai tarif cukai hasil tembakau fluktuasi daya beli pengaruh alokasi belanja protein rumah tangga rentan signifikan
2020,Analisis Pola Konsumsi Pangan dan Ketahanan Gizi Indonesia (Nasional) 2020,"Laporan tematik konsumsi pangan Indonesia (Nasional) tahun 2020 menganalisis proporsi pengeluaran makanan terhadap total pengeluaran rumah tangga. Sesuai hukum Engel, semakin rendah tingkat pendapatan, semakin tinggi pangsa belanja untuk makanan. Namun, temuan survei memperlihatkan ironi di mana alokasi untuk rokok melampaui gabungan alokasi protein hewani daging dan ikan di sejumlah kabupaten/kota berpendapatan rendah, memperberat beban ketahanan pangan mikro serta menuntut integrasi bantuan sosial pangan dengan edukasi perilaku konsumsi sehat.",lapor tematik konsumsi pangan indonesia nasional analis proporsi makan total rumah tangga sesuai hukum engel rendah tingkat pangsa belanja makan temu survei ironi alokasi rokok lampau gabung alokasi protein hewani daging ikan kabupaten kota rendah berat beban tahan pangan mikro tuntut integrasi bantu sosial pangan edukasi perilaku konsumsi sehat
2020,Indikator Kemiskinan Makro dan Ketahanan Pangan DKI Jakarta 2020,Publikasi berkala BPS memaparkan capaian penurunan angka kemiskinan makro di DKI Jakarta pada tahun 2020. Kajian menunjukkan bahwa ketidakcukupan konsumsi kalori dan defisit protein berhubungan erat dengan pengalihan daya beli rumah tangga pada pos barang non-nutritif. Program perlindungan sosial dan pengendalian inflasi pangan menjadi kunci strategis untuk mempersempit indeks kedalaman kemiskinan dan menjamin pemenuhan standar gizi minimal.,publikasi papar capai turun angka miskin makro dki jakarta kaji ketidakcukupan konsumsi kalori defisit protein hubung erat alih daya beli rumah tangga pos barang non nutritif program lindung sosial kendali inflasi pangan kunci strategis sempit indeks miskin jamin penuh standar gizi minimal
2020,Profil Kemiskinan di Jawa Barat Periode Maret 2020,"Pada Maret 2020 2020, persentase penduduk miskin di Jawa Barat tercatat mengalami perubahan seiring dengan dinamika harga komoditas makanan dan garis kemiskinan. Garis Kemiskinan makanan memberikan sumbangan terbesar terhadap total Garis Kemiskinan, di mana komoditas beras, rokok kretek filter, telur ayam ras, dan daging ayam ras menjadi kontributor utama pengeluaran masyarakat berpenghasilan rendah. Indeks Kedalaman Kemiskinan (P1) dan Indeks Keparahan Kemiskinan (P2) mencerminkan disparitas pengeluaran yang perlu dimitigasi melalui penguatan jaring pengaman sosial, intervensi pemenuhan gizi protein, dan stabilisasi harga bahan pokok di perkotaan maupun perdesaan.",duduk miskin jawa barat catat alami ubah iring dinamika harga komoditas makan garis miskin garis miskin makan sumbang total garis miskin komoditas beras rokok kretek filter telur ayam ras daging ayam ras kontributor utama masyarakat hasil rendah indeks miskin indeks parah miskin cermin disparitas dimitigasi kuat jaring kam sosial intervensi penuh gizi protein stabilisasi harga bahan pokok kota desa
2020,Statistik Kesejahteraan Rakyat Jawa Tengah Tahun 2020,"Publikasi Statistik Kesejahteraan Rakyat menyajikan indikator komprehensif mengenai kondisi taraf hidup rumah tangga di Jawa Tengah pada tahun 2020. Data mencakup aspek kependudukan, kesehatan, pendidikan, pola konsumsi makanan, dan perumahan bersumber dari Survei Sosial Ekonomi Nasional (Susenas). Terlihat pergeseran alokasi belanja rumah tangga di mana pengeluaran untuk produk tembakau dan zat adiktif bersaing ketat dengan belanja pangan bergizi seimbang seperti daging sapi, ikan segar, dan produk susu, yang berimplikasi pada prevalensi ketidakcukupan konsumsi pangan dan risiko gagal tumbuh balita di berbagai wilayah kabupaten/kota.",publikasi statistik sejahtera rakyat saji indikator komprehensif kondisi taraf hidup rumah tangga jawa data cakup aspek duduk sehat didik pola konsumsi makan rumah sumber survei sosial ekonomi nasional susenas geser alokasi belanja rumah tangga produk tembakau zat adiktif saing ketat belanja pangan gizi imbang daging sapi ikan segar produk susu implikasi prevalensi ketidakcukupan konsumsi pangan risiko gagal tumbuh balita wilayah kabupaten kota
2020,Perkembangan Tingkat Ketimpangan Pengeluaran dan Garis Kemiskinan DI Yogyakarta 2020,Badan Pusat Statistik merilis perkembangan Gini Ratio dan Garis Kemiskinan di DI Yogyakarta untuk tahun 2020. Distribusi pengeluaran menunjukkan adanya ketimpangan antara kelompok 20 persen terbawah dengan kelompok pendapatan atas. Komoditas rokok kretek filter menempati urutan kedua setelah beras sebagai penyumbang terbesar garis kemiskinan di daerah perkotaan dan perdesaan. Penyesuaian tarif cukai hasil tembakau dan fluktuasi daya beli mempengaruhi alokasi belanja protein rumah tangga rentan secara signifikan sepanjang tahun pengamatan.,badan pusat statistik rilis kembang gin ratio garis miskin yogyakarta distribusi timpang kelompok kelompok komoditas rokok kretek filter urut beras sumbang garis miskin daerah kota desa sesuai tarif cukai hasil tembakau fluktuasi daya beli pengaruh alokasi belanja protein rumah tangga rentan signifikan
2020,Analisis Pola Konsumsi Pangan dan Ketahanan Gizi Jawa Timur 2020,"Laporan tematik konsumsi pangan Jawa Timur tahun 2020 menganalisis proporsi pengeluaran makanan terhadap total pengeluaran rumah tangga. Sesuai hukum Engel, semakin rendah tingkat pendapatan, semakin tinggi pangsa belanja untuk makanan. Namun, temuan survei memperlihatkan ironi di mana alokasi untuk rokok melampaui gabungan alokasi protein hewani daging dan ikan di sejumlah kabupaten/kota berpendapatan rendah, memperberat beban ketahanan pangan mikro serta menuntut integrasi bantuan sosial pangan dengan edukasi perilaku konsumsi sehat.",lapor tematik konsumsi pangan jawa timur analis proporsi makan total rumah tangga sesuai hukum engel rendah tingkat pangsa belanja makan temu survei ironi alokasi rokok lampau gabung alokasi protein hewani daging ikan kabupaten kota rendah berat beban tahan pangan mikro tuntut integrasi bantu sosial pangan edukasi perilaku konsumsi sehat
2020,Indikator Kemiskinan Makro dan Ketahanan Pangan Banten 2020,Publikasi berkala BPS memaparkan capaian penurunan angka kemiskinan makro di Banten pada tahun 2020. Kajian menunjukkan bahwa ketidakcukupan konsumsi kalori dan defisit protein berhubungan erat dengan pengalihan daya beli rumah tangga pada pos barang non-nutritif. Program perlindungan sosial dan pengendalian inflasi pangan menjadi kunci strategis untuk mempersempit indeks kedalaman kemiskinan dan menjamin pemenuhan standar gizi minimal.,publikasi papar capai turun angka miskin makro banten kaji ketidakcukupan konsumsi kalori defisit protein hubung erat alih daya beli rumah tangga pos barang non nutritif program lindung sosial kendali inflasi pangan kunci strategis sempit indeks miskin jamin penuh standar gizi minimal
2020,Profil Kemiskinan di Aceh Periode Maret 2020,"Pada Maret 2020 2020, persentase penduduk miskin di Aceh tercatat mengalami perubahan seiring dengan dinamika harga komoditas makanan dan garis kemiskinan. Garis Kemiskinan makanan memberikan sumbangan terbesar terhadap total Garis Kemiskinan, di mana komoditas beras, rokok kretek filter, telur ayam ras, dan daging ayam ras menjadi kontributor utama pengeluaran masyarakat berpenghasilan rendah. Indeks Kedalaman Kemiskinan (P1) dan Indeks Keparahan Kemiskinan (P2) mencerminkan disparitas pengeluaran yang perlu dimitigasi melalui penguatan jaring pengaman sosial, intervensi pemenuhan gizi protein, dan stabilisasi harga bahan pokok di perkotaan maupun perdesaan.",duduk miskin aceh catat alami ubah iring dinamika harga komoditas makan garis miskin garis miskin makan sumbang total garis miskin komoditas beras rokok kretek filter telur ayam ras daging ayam ras kontributor utama masyarakat hasil rendah indeks miskin indeks parah miskin cermin disparitas dimitigasi kuat jaring kam sosial intervensi penuh gizi protein stabilisasi harga bahan pokok kota desa
2020,Statistik Kesejahteraan Rakyat Indonesia (Nasional) Tahun 2020,"Publikasi Statistik Kesejahteraan Rakyat menyajikan indikator komprehensif mengenai kondisi taraf hidup rumah tangga di Indonesia (Nasional) pada tahun 2020. Data mencakup aspek kependudukan, kesehatan, pendidikan, pola konsumsi makanan, dan perumahan bersumber dari Survei Sosial Ekonomi Nasional (Susenas). Terlihat pergeseran alokasi belanja rumah tangga di mana pengeluaran untuk produk tembakau dan zat adiktif bersaing ketat dengan belanja pangan bergizi seimbang seperti daging sapi, ikan segar, dan produk susu, yang berimplikasi pada prevalensi ketidakcukupan konsumsi pangan dan risiko gagal tumbuh balita di berbagai wilayah kabupaten/kota.",publikasi statistik sejahtera rakyat saji indikator komprehensif kondisi taraf hidup rumah tangga indonesia nasional data cakup aspek duduk sehat didik pola konsumsi makan rumah sumber survei sosial ekonomi nasional susenas geser alokasi belanja rumah tangga produk tembakau zat adiktif saing ketat belanja pangan gizi imbang daging sapi ikan segar produk susu implikasi prevalensi ketidakcukupan konsumsi pangan risiko gagal tumbuh balita wilayah kabupaten kota
2020,Perkembangan Tingkat Ketimpangan Pengeluaran dan Garis Kemiskinan DKI Jakarta 2020,Badan Pusat Statistik merilis perkembangan Gini Ratio dan Garis Kemiskinan di DKI Jakarta untuk tahun 2020. Distribusi pengeluaran menunjukkan adanya ketimpangan antara kelompok 20 persen terbawah dengan kelompok pendapatan atas. Komoditas rokok kretek filter menempati urutan kedua setelah beras sebagai penyumbang terbesar garis kemiskinan di daerah perkotaan dan perdesaan. Penyesuaian tarif cukai hasil tembakau dan fluktuasi daya beli mempengaruhi alokasi belanja protein rumah tangga rentan secara signifikan sepanjang tahun pengamatan.,badan pusat statistik rilis kembang gin ratio garis miskin dki jakarta distribusi timpang kelompok kelompok komoditas rokok kretek filter urut beras sumbang garis miskin daerah kota desa sesuai tarif cukai hasil tembakau fluktuasi daya beli pengaruh alokasi belanja protein rumah tangga rentan signifikan
2020,Analisis Pola Konsumsi Pangan dan Ketahanan Gizi Jawa Barat 2020,"Laporan tematik konsumsi pangan Jawa Barat tahun 2020 menganalisis proporsi pengeluaran makanan terhadap total pengeluaran rumah tangga. Sesuai hukum Engel, semakin rendah tingkat pendapatan, semakin tinggi pangsa belanja untuk makanan. Namun, temuan survei memperlihatkan ironi di mana alokasi untuk rokok melampaui gabungan alokasi protein hewani daging dan ikan di sejumlah kabupaten/kota berpendapatan rendah, memperberat beban ketahanan pangan mikro serta menuntut integrasi bantuan sosial pangan dengan edukasi perilaku konsumsi sehat.",lapor tematik konsumsi pangan jawa barat analis proporsi makan total rumah tangga sesuai hukum engel rendah tingkat pangsa belanja makan temu survei ironi alokasi rokok lampau gabung alokasi protein hewani daging ikan kabupaten kota rendah berat beban tahan pangan mikro tuntut integrasi bantu sosial pangan edukasi perilaku konsumsi sehat
2020,Indikator Kemiskinan Makro dan Ketahanan Pangan Jawa Tengah 2020,Publikasi berkala BPS memaparkan capaian penurunan angka kemiskinan makro di Jawa Tengah pada tahun 2020. Kajian menunjukkan bahwa ketidakcukupan konsumsi kalori dan defisit protein berhubungan erat dengan pengalihan daya beli rumah tangga pada pos barang non-nutritif. Program perlindungan sosial dan pengendalian inflasi pangan menjadi kunci strategis untuk mempersempit indeks kedalaman kemiskinan dan menjamin pemenuhan standar gizi minimal.,publikasi papar capai turun angka miskin makro jawa kaji ketidakcukupan konsumsi kalori defisit protein hubung erat alih daya beli rumah tangga pos barang non nutritif program lindung sosial kendali inflasi pangan kunci strategis sempit indeks miskin jamin penuh standar gizi minimal
2020,Profil Kemiskinan di DI Yogyakarta Periode September 2020,"Pada September 2020 2020, persentase penduduk miskin di DI Yogyakarta tercatat mengalami perubahan seiring dengan dinamika harga komoditas makanan dan garis kemiskinan. Garis Kemiskinan makanan memberikan sumbangan terbesar terhadap total Garis Kemiskinan, di mana komoditas beras, rokok kretek filter, telur ayam ras, dan daging ayam ras menjadi kontributor utama pengeluaran masyarakat berpenghasilan rendah. Indeks Kedalaman Kemiskinan (P1) dan Indeks Keparahan Kemiskinan (P2) mencerminkan disparitas pengeluaran yang perlu dimitigasi melalui penguatan jaring pengaman sosial, intervensi pemenuhan gizi protein, dan stabilisasi harga bahan pokok di perkotaan maupun perdesaan.",duduk miskin yogyakarta catat alami ubah iring dinamika harga komoditas makan garis miskin garis miskin makan sumbang total garis miskin komoditas beras rokok kretek filter telur ayam ras daging ayam ras kontributor utama masyarakat hasil rendah indeks miskin indeks parah miskin cermin disparitas dimitigasi kuat jaring kam sosial intervensi penuh gizi protein stabilisasi harga bahan pokok kota desa
2020,Statistik Kesejahteraan Rakyat Jawa Timur Tahun 2020,"Publikasi Statistik Kesejahteraan Rakyat menyajikan indikator komprehensif mengenai kondisi taraf hidup rumah tangga di Jawa Timur pada tahun 2020. Data mencakup aspek kependudukan, kesehatan, pendidikan, pola konsumsi makanan, dan perumahan bersumber dari Survei Sosial Ekonomi Nasional (Susenas). Terlihat pergeseran alokasi belanja rumah tangga di mana pengeluaran untuk produk tembakau dan zat adiktif bersaing ketat dengan belanja pangan bergizi seimbang seperti daging sapi, ikan segar, dan produk susu, yang berimplikasi pada prevalensi ketidakcukupan konsumsi pangan dan risiko gagal tumbuh balita di berbagai wilayah kabupaten/kota.",publikasi statistik sejahtera rakyat saji indikator komprehensif kondisi taraf hidup rumah tangga jawa timur data cakup aspek duduk sehat didik pola konsumsi makan rumah sumber survei sosial ekonomi nasional susenas geser alokasi belanja rumah tangga produk tembakau zat adiktif saing ketat belanja pangan gizi imbang daging sapi ikan segar produk susu implikasi prevalensi ketidakcukupan konsumsi pangan risiko gagal tumbuh balita wilayah kabupaten kota
2020,Perkembangan Tingkat Ketimpangan Pengeluaran dan Garis Kemiskinan Banten 2020,Badan Pusat Statistik merilis perkembangan Gini Ratio dan Garis Kemiskinan di Banten untuk tahun 2020. Distribusi pengeluaran menunjukkan adanya ketimpangan antara kelompok 20 persen terbawah dengan kelompok pendapatan atas. Komoditas rokok kretek filter menempati urutan kedua setelah beras sebagai penyumbang terbesar garis kemiskinan di daerah perkotaan dan perdesaan. Penyesuaian tarif cukai hasil tembakau dan fluktuasi daya beli mempengaruhi alokasi belanja protein rumah tangga rentan secara signifikan sepanjang tahun pengamatan.,badan pusat statistik rilis kembang gin ratio garis miskin banten distribusi timpang kelompok kelompok komoditas rokok kretek filter urut beras sumbang garis miskin daerah kota desa sesuai tarif cukai hasil tembakau fluktuasi daya beli pengaruh alokasi belanja protein rumah tangga rentan signifikan
2020,Analisis Pola Konsumsi Pangan dan Ketahanan Gizi Aceh 2020,"Laporan tematik konsumsi pangan Aceh tahun 2020 menganalisis proporsi pengeluaran makanan terhadap total pengeluaran rumah tangga. Sesuai hukum Engel, semakin rendah tingkat pendapatan, semakin tinggi pangsa belanja untuk makanan. Namun, temuan survei memperlihatkan ironi di mana alokasi untuk rokok melampaui gabungan alokasi protein hewani daging dan ikan di sejumlah kabupaten/kota berpendapatan rendah, memperberat beban ketahanan pangan mikro serta menuntut integrasi bantuan sosial pangan dengan edukasi perilaku konsumsi sehat.",lapor tematik konsumsi pangan aceh analis proporsi makan total rumah tangga sesuai hukum engel rendah tingkat pangsa belanja makan temu survei ironi alokasi rokok lampau gabung alokasi protein hewani daging ikan kabupaten kota rendah berat beban tahan pangan mikro tuntut integrasi bantu sosial pangan edukasi perilaku konsumsi sehat
2021,Indikator Kemiskinan Makro dan Ketahanan Pangan Indonesia (Nasional) 2021,Publikasi berkala BPS memaparkan capaian penurunan angka kemiskinan makro di Indonesia (Nasional) pada tahun 2021. Kajian menunjukkan bahwa ketidakcukupan konsumsi kalori dan defisit protein berhubungan erat dengan pengalihan daya beli rumah tangga pada pos barang non-nutritif. Program perlindungan sosial dan pengendalian inflasi pangan menjadi kunci strategis untuk mempersempit indeks kedalaman kemiskinan dan menjamin pemenuhan standar gizi minimal.,publikasi papar capai turun angka miskin makro indonesia nasional kaji ketidakcukupan konsumsi kalori defisit protein hubung erat alih daya beli rumah tangga pos barang non nutritif program lindung sosial kendali inflasi pangan kunci strategis sempit indeks miskin jamin penuh standar gizi minimal
2021,Profil Kemiskinan di DKI Jakarta Periode Maret 2021,"Pada Maret 2021 2021, persentase penduduk miskin di DKI Jakarta tercatat mengalami perubahan seiring dengan dinamika harga komoditas makanan dan garis kemiskinan. Garis Kemiskinan makanan memberikan sumbangan terbesar terhadap total Garis Kemiskinan, di mana komoditas beras, rokok kretek filter, telur ayam ras, dan daging ayam ras menjadi kontributor utama pengeluaran masyarakat berpenghasilan rendah. Indeks Kedalaman Kemiskinan (P1) dan Indeks Keparahan Kemiskinan (P2) mencerminkan disparitas pengeluaran yang perlu dimitigasi melalui penguatan jaring pengaman sosial, intervensi pemenuhan gizi protein, dan stabilisasi harga bahan pokok di perkotaan maupun perdesaan.",duduk miskin dki jakarta catat alami ubah iring dinamika harga komoditas makan garis miskin garis miskin makan sumbang total garis miskin komoditas beras rokok kretek filter telur ayam ras daging ayam ras kontributor utama masyarakat hasil rendah indeks miskin indeks parah miskin cermin disparitas dimitigasi kuat jaring kam sosial intervensi penuh gizi protein stabilisasi harga bahan pokok kota desa
2021,Statistik Kesejahteraan Rakyat Jawa Barat Tahun 2021,"Publikasi Statistik Kesejahteraan Rakyat menyajikan indikator komprehensif mengenai kondisi taraf hidup rumah tangga di Jawa Barat pada tahun 2021. Data mencakup aspek kependudukan, kesehatan, pendidikan, pola konsumsi makanan, dan perumahan bersumber dari Survei Sosial Ekonomi Nasional (Susenas). Terlihat pergeseran alokasi belanja rumah tangga di mana pengeluaran untuk produk tembakau dan zat adiktif bersaing ketat dengan belanja pangan bergizi seimbang seperti daging sapi, ikan segar, dan produk susu, yang berimplikasi pada prevalensi ketidakcukupan konsumsi pangan dan risiko gagal tumbuh balita di berbagai wilayah kabupaten/kota.",publikasi statistik sejahtera rakyat saji indikator komprehensif kondisi taraf hidup rumah tangga jawa barat data cakup aspek duduk sehat didik pola konsumsi makan rumah sumber survei sosial ekonomi nasional susenas geser alokasi belanja rumah tangga produk tembakau zat adiktif saing ketat belanja pangan gizi imbang daging sapi ikan segar produk susu implikasi prevalensi ketidakcukupan konsumsi pangan risiko gagal tumbuh balita wilayah kabupaten kota
2021,Perkembangan Tingkat Ketimpangan Pengeluaran dan Garis Kemiskinan Jawa Tengah 2021,Badan Pusat Statistik merilis perkembangan Gini Ratio dan Garis Kemiskinan di Jawa Tengah untuk tahun 2021. Distribusi pengeluaran menunjukkan adanya ketimpangan antara kelompok 20 persen terbawah dengan kelompok pendapatan atas. Komoditas rokok kretek filter menempati urutan kedua setelah beras sebagai penyumbang terbesar garis kemiskinan di daerah perkotaan dan perdesaan. Penyesuaian tarif cukai hasil tembakau dan fluktuasi daya beli mempengaruhi alokasi belanja protein rumah tangga rentan secara signifikan sepanjang tahun pengamatan.,badan pusat statistik rilis kembang gin ratio garis miskin jawa distribusi timpang kelompok kelompok komoditas rokok kretek filter urut beras sumbang garis miskin daerah kota desa sesuai tarif cukai hasil tembakau fluktuasi daya beli pengaruh alokasi belanja protein rumah tangga rentan signifikan
2021,Analisis Pola Konsumsi Pangan dan Ketahanan Gizi DI Yogyakarta 2021,"Laporan tematik konsumsi pangan DI Yogyakarta tahun 2021 menganalisis proporsi pengeluaran makanan terhadap total pengeluaran rumah tangga. Sesuai hukum Engel, semakin rendah tingkat pendapatan, semakin tinggi pangsa belanja untuk makanan. Namun, temuan survei memperlihatkan ironi di mana alokasi untuk rokok melampaui gabungan alokasi protein hewani daging dan ikan di sejumlah kabupaten/kota berpendapatan rendah, memperberat beban ketahanan pangan mikro serta menuntut integrasi bantuan sosial pangan dengan edukasi perilaku konsumsi sehat.",lapor tematik konsumsi pangan yogyakarta analis proporsi makan total rumah tangga sesuai hukum engel rendah tingkat pangsa belanja makan temu survei ironi alokasi rokok lampau gabung alokasi protein hewani daging ikan kabupaten kota rendah berat beban tahan pangan mikro tuntut integrasi bantu sosial pangan edukasi perilaku konsumsi sehat
2021,Indikator Kemiskinan Makro dan Ketahanan Pangan Jawa Timur 2021,Publikasi berkala BPS memaparkan capaian penurunan angka kemiskinan makro di Jawa Timur pada tahun 2021. Kajian menunjukkan bahwa ketidakcukupan konsumsi kalori dan defisit protein berhubungan erat dengan pengalihan daya beli rumah tangga pada pos barang non-nutritif. Program perlindungan sosial dan pengendalian inflasi pangan menjadi kunci strategis untuk mempersempit indeks kedalaman kemiskinan dan menjamin pemenuhan standar gizi minimal.,publikasi papar capai turun angka miskin makro jawa timur kaji ketidakcukupan konsumsi kalori defisit protein hubung erat alih daya beli rumah tangga pos barang non nutritif program lindung sosial kendali inflasi pangan kunci strategis sempit indeks miskin jamin penuh standar gizi minimal
2021,Profil Kemiskinan di Banten Periode Maret 2021,"Pada Maret 2021 2021, persentase penduduk miskin di Banten tercatat mengalami perubahan seiring dengan dinamika harga komoditas makanan dan garis kemiskinan. Garis Kemiskinan makanan memberikan sumbangan terbesar terhadap total Garis Kemiskinan, di mana komoditas beras, rokok kretek filter, telur ayam ras, dan daging ayam ras menjadi kontributor utama pengeluaran masyarakat berpenghasilan rendah. Indeks Kedalaman Kemiskinan (P1) dan Indeks Keparahan Kemiskinan (P2) mencerminkan disparitas pengeluaran yang perlu dimitigasi melalui penguatan jaring pengaman sosial, intervensi pemenuhan gizi protein, dan stabilisasi harga bahan pokok di perkotaan maupun perdesaan.",duduk miskin banten catat alami ubah iring dinamika harga komoditas makan garis miskin garis miskin makan sumbang total garis miskin komoditas beras rokok kretek filter telur ayam ras daging ayam ras kontributor utama masyarakat hasil rendah indeks miskin indeks parah miskin cermin disparitas dimitigasi kuat jaring kam sosial intervensi penuh gizi protein stabilisasi harga bahan pokok kota desa
2021,Statistik Kesejahteraan Rakyat Aceh Tahun 2021,"Publikasi Statistik Kesejahteraan Rakyat menyajikan indikator komprehensif mengenai kondisi taraf hidup rumah tangga di Aceh pada tahun 2021. Data mencakup aspek kependudukan, kesehatan, pendidikan, pola konsumsi makanan, dan perumahan bersumber dari Survei Sosial Ekonomi Nasional (Susenas). Terlihat pergeseran alokasi belanja rumah tangga di mana pengeluaran untuk produk tembakau dan zat adiktif bersaing ketat dengan belanja pangan bergizi seimbang seperti daging sapi, ikan segar, dan produk susu, yang berimplikasi pada prevalensi ketidakcukupan konsumsi pangan dan risiko gagal tumbuh balita di berbagai wilayah kabupaten/kota.",publikasi statistik sejahtera rakyat saji indikator komprehensif kondisi taraf hidup rumah tangga aceh data cakup aspek duduk sehat didik pola konsumsi makan rumah sumber survei sosial ekonomi nasional susenas geser alokasi belanja rumah tangga produk tembakau zat adiktif saing ketat belanja pangan gizi imbang daging sapi ikan segar produk susu implikasi prevalensi ketidakcukupan konsumsi pangan risiko gagal tumbuh balita wilayah kabupaten kota
2021,Perkembangan Tingkat Ketimpangan Pengeluaran dan Garis Kemiskinan Indonesia (Nasional) 2021,Badan Pusat Statistik merilis perkembangan Gini Ratio dan Garis Kemiskinan di Indonesia (Nasional) untuk tahun 2021. Distribusi pengeluaran menunjukkan adanya ketimpangan antara kelompok 20 persen terbawah dengan kelompok pendapatan atas. Komoditas rokok kretek filter menempati urutan kedua setelah beras sebagai penyumbang terbesar garis kemiskinan di daerah perkotaan dan perdesaan. Penyesuaian tarif cukai hasil tembakau dan fluktuasi daya beli mempengaruhi alokasi belanja protein rumah tangga rentan secara signifikan sepanjang tahun pengamatan.,badan pusat statistik rilis kembang gin ratio garis miskin indonesia nasional distribusi timpang kelompok kelompok komoditas rokok kretek filter urut beras sumbang garis miskin daerah kota desa sesuai tarif cukai hasil tembakau fluktuasi daya beli pengaruh alokasi belanja protein rumah tangga rentan signifikan
2021,Analisis Pola Konsumsi Pangan dan Ketahanan Gizi DKI Jakarta 2021,"Laporan tematik konsumsi pangan DKI Jakarta tahun 2021 menganalisis proporsi pengeluaran makanan terhadap total pengeluaran rumah tangga. Sesuai hukum Engel, semakin rendah tingkat pendapatan, semakin tinggi pangsa belanja untuk makanan. Namun, temuan survei memperlihatkan ironi di mana alokasi untuk rokok melampaui gabungan alokasi protein hewani daging dan ikan di sejumlah kabupaten/kota berpendapatan rendah, memperberat beban ketahanan pangan mikro serta menuntut integrasi bantuan sosial pangan dengan edukasi perilaku konsumsi sehat.",lapor tematik konsumsi pangan dki jakarta analis proporsi makan total rumah tangga sesuai hukum engel rendah tingkat pangsa belanja makan temu survei ironi alokasi rokok lampau gabung alokasi protein hewani daging ikan kabupaten kota rendah berat beban tahan pangan mikro tuntut integrasi bantu sosial pangan edukasi perilaku konsumsi sehat
2021,Indikator Kemiskinan Makro dan Ketahanan Pangan Jawa Barat 2021,Publikasi berkala BPS memaparkan capaian penurunan angka kemiskinan makro di Jawa Barat pada tahun 2021. Kajian menunjukkan bahwa ketidakcukupan konsumsi kalori dan defisit protein berhubungan erat dengan pengalihan daya beli rumah tangga pada pos barang non-nutritif. Program perlindungan sosial dan pengendalian inflasi pangan menjadi kunci strategis untuk mempersempit indeks kedalaman kemiskinan dan menjamin pemenuhan standar gizi minimal.,publikasi papar capai turun angka miskin makro jawa barat kaji ketidakcukupan konsumsi kalori defisit protein hubung erat alih daya beli rumah tangga pos barang non nutritif program lindung sosial kendali inflasi pangan kunci strategis sempit indeks miskin jamin penuh standar gizi minimal
2021,Profil Kemiskinan di Jawa Tengah Periode September 2021,"Pada September 2021 2021, persentase penduduk miskin di Jawa Tengah tercatat mengalami perubahan seiring dengan dinamika harga komoditas makanan dan garis kemiskinan. Garis Kemiskinan makanan memberikan sumbangan terbesar terhadap total Garis Kemiskinan, di mana komoditas beras, rokok kretek filter, telur ayam ras, dan daging ayam ras menjadi kontributor utama pengeluaran masyarakat berpenghasilan rendah. Indeks Kedalaman Kemiskinan (P1) dan Indeks Keparahan Kemiskinan (P2) mencerminkan disparitas pengeluaran yang perlu dimitigasi melalui penguatan jaring pengaman sosial, intervensi pemenuhan gizi protein, dan stabilisasi harga bahan pokok di perkotaan maupun perdesaan.",duduk miskin jawa catat alami ubah iring dinamika harga komoditas makan garis miskin garis miskin makan sumbang total garis miskin komoditas beras rokok kretek filter telur ayam ras daging ayam ras kontributor utama masyarakat hasil rendah indeks miskin indeks parah miskin cermin disparitas dimitigasi kuat jaring kam sosial intervensi penuh gizi protein stabilisasi harga bahan pokok kota desa
2021,Statistik Kesejahteraan Rakyat DI Yogyakarta Tahun 2021,"Publikasi Statistik Kesejahteraan Rakyat menyajikan indikator komprehensif mengenai kondisi taraf hidup rumah tangga di DI Yogyakarta pada tahun 2021. Data mencakup aspek kependudukan, kesehatan, pendidikan, pola konsumsi makanan, dan perumahan bersumber dari Survei Sosial Ekonomi Nasional (Susenas). Terlihat pergeseran alokasi belanja rumah tangga di mana pengeluaran untuk produk tembakau dan zat adiktif bersaing ketat dengan belanja pangan bergizi seimbang seperti daging sapi, ikan segar, dan produk susu, yang berimplikasi pada prevalensi ketidakcukupan konsumsi pangan dan risiko gagal tumbuh balita di berbagai wilayah kabupaten/kota.",publikasi statistik sejahtera rakyat saji indikator komprehensif kondisi taraf hidup rumah tangga yogyakarta data cakup aspek duduk sehat didik pola konsumsi makan rumah sumber survei sosial ekonomi nasional susenas geser alokasi belanja rumah tangga produk tembakau zat adiktif saing ketat belanja pangan gizi imbang daging sapi ikan segar produk susu implikasi prevalensi ketidakcukupan konsumsi pangan risiko gagal tumbuh balita wilayah kabupaten kota
2021,Perkembangan Tingkat Ketimpangan Pengeluaran dan Garis Kemiskinan Jawa Timur 2021,Badan Pusat Statistik merilis perkembangan Gini Ratio dan Garis Kemiskinan di Jawa Timur untuk tahun 2021. Distribusi pengeluaran menunjukkan adanya ketimpangan antara kelompok 20 persen terbawah dengan kelompok pendapatan atas. Komoditas rokok kretek filter menempati urutan kedua setelah beras sebagai penyumbang terbesar garis kemiskinan di daerah perkotaan dan perdesaan. Penyesuaian tarif cukai hasil tembakau dan fluktuasi daya beli mempengaruhi alokasi belanja protein rumah tangga rentan secara signifikan sepanjang tahun pengamatan.,badan pusat statistik rilis kembang gin ratio garis miskin jawa timur distribusi timpang kelompok kelompok komoditas rokok kretek filter urut beras sumbang garis miskin daerah kota desa sesuai tarif cukai hasil tembakau fluktuasi daya beli pengaruh alokasi belanja protein rumah tangga rentan signifikan
2021,Analisis Pola Konsumsi Pangan dan Ketahanan Gizi Banten 2021,"Laporan tematik konsumsi pangan Banten tahun 2021 menganalisis proporsi pengeluaran makanan terhadap total pengeluaran rumah tangga. Sesuai hukum Engel, semakin rendah tingkat pendapatan, semakin tinggi pangsa belanja untuk makanan. Namun, temuan survei memperlihatkan ironi di mana alokasi untuk rokok melampaui gabungan alokasi protein hewani daging dan ikan di sejumlah kabupaten/kota berpendapatan rendah, memperberat beban ketahanan pangan mikro serta menuntut integrasi bantuan sosial pangan dengan edukasi perilaku konsumsi sehat.",lapor tematik konsumsi pangan banten analis proporsi makan total rumah tangga sesuai hukum engel rendah tingkat pangsa belanja makan temu survei ironi alokasi rokok lampau gabung alokasi protein hewani daging ikan kabupaten kota rendah berat beban tahan pangan mikro tuntut integrasi bantu sosial pangan edukasi perilaku konsumsi sehat
2021,Indikator Kemiskinan Makro dan Ketahanan Pangan Aceh 2021,Publikasi berkala BPS memaparkan capaian penurunan angka kemiskinan makro di Aceh pada tahun 2021. Kajian menunjukkan bahwa ketidakcukupan konsumsi kalori dan defisit protein berhubungan erat dengan pengalihan daya beli rumah tangga pada pos barang non-nutritif. Program perlindungan sosial dan pengendalian inflasi pangan menjadi kunci strategis untuk mempersempit indeks kedalaman kemiskinan dan menjamin pemenuhan standar gizi minimal.,publikasi papar capai turun angka miskin makro aceh kaji ketidakcukupan konsumsi kalori defisit protein hubung erat alih daya beli rumah tangga pos barang non nutritif program lindung sosial kendali inflasi pangan kunci strategis sempit indeks miskin jamin penuh standar gizi minimal
2022,Profil Kemiskinan di Indonesia (Nasional) Periode Maret 2022,"Pada Maret 2022 2022, persentase penduduk miskin di Indonesia (Nasional) tercatat mengalami perubahan seiring dengan dinamika harga komoditas makanan dan garis kemiskinan. Garis Kemiskinan makanan memberikan sumbangan terbesar terhadap total Garis Kemiskinan, di mana komoditas beras, rokok kretek filter, telur ayam ras, dan daging ayam ras menjadi kontributor utama pengeluaran masyarakat berpenghasilan rendah. Indeks Kedalaman Kemiskinan (P1) dan Indeks Keparahan Kemiskinan (P2) mencerminkan disparitas pengeluaran yang perlu dimitigasi melalui penguatan jaring pengaman sosial, intervensi pemenuhan gizi protein, dan stabilisasi harga bahan pokok di perkotaan maupun perdesaan.",duduk miskin indonesia nasional catat alami ubah iring dinamika harga komoditas makan garis miskin garis miskin makan sumbang total garis miskin komoditas beras rokok kretek filter telur ayam ras daging ayam ras kontributor utama masyarakat hasil rendah indeks miskin indeks parah miskin cermin disparitas dimitigasi kuat jaring kam sosial intervensi penuh gizi protein stabilisasi harga bahan pokok kota desa
2022,Statistik Kesejahteraan Rakyat DKI Jakarta Tahun 2022,"Publikasi Statistik Kesejahteraan Rakyat menyajikan indikator komprehensif mengenai kondisi taraf hidup rumah tangga di DKI Jakarta pada tahun 2022. Data mencakup aspek kependudukan, kesehatan, pendidikan, pola konsumsi makanan, dan perumahan bersumber dari Survei Sosial Ekonomi Nasional (Susenas). Terlihat pergeseran alokasi belanja rumah tangga di mana pengeluaran untuk produk tembakau dan zat adiktif bersaing ketat dengan belanja pangan bergizi seimbang seperti daging sapi, ikan segar, dan produk susu, yang berimplikasi pada prevalensi ketidakcukupan konsumsi pangan dan risiko gagal tumbuh balita di berbagai wilayah kabupaten/kota.",publikasi statistik sejahtera rakyat saji indikator komprehensif kondisi taraf hidup rumah tangga dki jakarta data cakup aspek duduk sehat didik pola konsumsi makan rumah sumber survei sosial ekonomi nasional susenas geser alokasi belanja rumah tangga produk tembakau zat adiktif saing ketat belanja pangan gizi imbang daging sapi ikan segar produk susu implikasi prevalensi ketidakcukupan konsumsi pangan risiko gagal tumbuh balita wilayah kabupaten kota
2022,Perkembangan Tingkat Ketimpangan Pengeluaran dan Garis Kemiskinan Jawa Barat 2022,Badan Pusat Statistik merilis perkembangan Gini Ratio dan Garis Kemiskinan di Jawa Barat untuk tahun 2022. Distribusi pengeluaran menunjukkan adanya ketimpangan antara kelompok 20 persen terbawah dengan kelompok pendapatan atas. Komoditas rokok kretek filter menempati urutan kedua setelah beras sebagai penyumbang terbesar garis kemiskinan di daerah perkotaan dan perdesaan. Penyesuaian tarif cukai hasil tembakau dan fluktuasi daya beli mempengaruhi alokasi belanja protein rumah tangga rentan secara signifikan sepanjang tahun pengamatan.,badan pusat statistik rilis kembang gin ratio garis miskin jawa barat distribusi timpang kelompok kelompok komoditas rokok kretek filter urut beras sumbang garis miskin daerah kota desa sesuai tarif cukai hasil tembakau fluktuasi daya beli pengaruh alokasi belanja protein rumah tangga rentan signifikan
2022,Analisis Pola Konsumsi Pangan dan Ketahanan Gizi Jawa Tengah 2022,"Laporan tematik konsumsi pangan Jawa Tengah tahun 2022 menganalisis proporsi pengeluaran makanan terhadap total pengeluaran rumah tangga. Sesuai hukum Engel, semakin rendah tingkat pendapatan, semakin tinggi pangsa belanja untuk makanan. Namun, temuan survei memperlihatkan ironi di mana alokasi untuk rokok melampaui gabungan alokasi protein hewani daging dan ikan di sejumlah kabupaten/kota berpendapatan rendah, memperberat beban ketahanan pangan mikro serta menuntut integrasi bantuan sosial pangan dengan edukasi perilaku konsumsi sehat.",lapor tematik konsumsi pangan jawa analis proporsi makan total rumah tangga sesuai hukum engel rendah tingkat pangsa belanja makan temu survei ironi alokasi rokok lampau gabung alokasi protein hewani daging ikan kabupaten kota rendah berat beban tahan pangan mikro tuntut integrasi bantu sosial pangan edukasi perilaku konsumsi sehat
2022,Indikator Kemiskinan Makro dan Ketahanan Pangan DI Yogyakarta 2022,Publikasi berkala BPS memaparkan capaian penurunan angka kemiskinan makro di DI Yogyakarta pada tahun 2022. Kajian menunjukkan bahwa ketidakcukupan konsumsi kalori dan defisit protein berhubungan erat dengan pengalihan daya beli rumah tangga pada pos barang non-nutritif. Program perlindungan sosial dan pengendalian inflasi pangan menjadi kunci strategis untuk mempersempit indeks kedalaman kemiskinan dan menjamin pemenuhan standar gizi minimal.,publikasi papar capai turun angka miskin makro yogyakarta kaji ketidakcukupan konsumsi kalori defisit protein hubung erat alih daya beli rumah tangga pos barang non nutritif program lindung sosial kendali inflasi pangan kunci strategis sempit indeks miskin jamin penuh standar gizi minimal
2022,Profil Kemiskinan di Jawa Timur Periode Maret 2022,"Pada Maret 2022 2022, persentase penduduk miskin di Jawa Timur tercatat mengalami perubahan seiring dengan dinamika harga komoditas makanan dan garis kemiskinan. Garis Kemiskinan makanan memberikan sumbangan terbesar terhadap total Garis Kemiskinan, di mana komoditas beras, rokok kretek filter, telur ayam ras, dan daging ayam ras menjadi kontributor utama pengeluaran masyarakat berpenghasilan rendah. Indeks Kedalaman Kemiskinan (P1) dan Indeks Keparahan Kemiskinan (P2) mencerminkan disparitas pengeluaran yang perlu dimitigasi melalui penguatan jaring pengaman sosial, intervensi pemenuhan gizi protein, dan stabilisasi harga bahan pokok di perkotaan maupun perdesaan.",duduk miskin jawa timur catat alami ubah iring dinamika harga komoditas makan garis miskin garis miskin makan sumbang total garis miskin komoditas beras rokok kretek filter telur ayam ras daging ayam ras kontributor utama masyarakat hasil rendah indeks miskin indeks parah miskin cermin disparitas dimitigasi kuat jaring kam sosial intervensi penuh gizi protein stabilisasi harga bahan pokok kota desa
2022,Statistik Kesejahteraan Rakyat Banten Tahun 2022,"Publikasi Statistik Kesejahteraan Rakyat menyajikan indikator komprehensif mengenai kondisi taraf hidup rumah tangga di Banten pada tahun 2022. Data mencakup aspek kependudukan, kesehatan, pendidikan, pola konsumsi makanan, dan perumahan bersumber dari Survei Sosial Ekonomi Nasional (Susenas). Terlihat pergeseran alokasi belanja rumah tangga di mana pengeluaran untuk produk tembakau dan zat adiktif bersaing ketat dengan belanja pangan bergizi seimbang seperti daging sapi, ikan segar, dan produk susu, yang berimplikasi pada prevalensi ketidakcukupan konsumsi pangan dan risiko gagal tumbuh balita di berbagai wilayah kabupaten/kota.",publikasi statistik sejahtera rakyat saji indikator komprehensif kondisi taraf hidup rumah tangga banten data cakup aspek duduk sehat didik pola konsumsi makan rumah sumber survei sosial ekonomi nasional susenas geser alokasi belanja rumah tangga produk tembakau zat adiktif saing ketat belanja pangan gizi imbang daging sapi ikan segar produk susu implikasi prevalensi ketidakcukupan konsumsi pangan risiko gagal tumbuh balita wilayah kabupaten kota
2022,Perkembangan Tingkat Ketimpangan Pengeluaran dan Garis Kemiskinan Aceh 2022,Badan Pusat Statistik merilis perkembangan Gini Ratio dan Garis Kemiskinan di Aceh untuk tahun 2022. Distribusi pengeluaran menunjukkan adanya ketimpangan antara kelompok 20 persen terbawah dengan kelompok pendapatan atas. Komoditas rokok kretek filter menempati urutan kedua setelah beras sebagai penyumbang terbesar garis kemiskinan di daerah perkotaan dan perdesaan. Penyesuaian tarif cukai hasil tembakau dan fluktuasi daya beli mempengaruhi alokasi belanja protein rumah tangga rentan secara signifikan sepanjang tahun pengamatan.,badan pusat statistik rilis kembang gin ratio garis miskin aceh distribusi timpang kelompok kelompok komoditas rokok kretek filter urut beras sumbang garis miskin daerah kota desa sesuai tarif cukai hasil tembakau fluktuasi daya beli pengaruh alokasi belanja protein rumah tangga rentan signifikan
2022,Analisis Pola Konsumsi Pangan dan Ketahanan Gizi Indonesia (Nasional) 2022,"Laporan tematik konsumsi pangan Indonesia (Nasional) tahun 2022 menganalisis proporsi pengeluaran makanan terhadap total pengeluaran rumah tangga. Sesuai hukum Engel, semakin rendah tingkat pendapatan, semakin tinggi pangsa belanja untuk makanan. Namun, temuan survei memperlihatkan ironi di mana alokasi untuk rokok melampaui gabungan alokasi protein hewani daging dan ikan di sejumlah kabupaten/kota berpendapatan rendah, memperberat beban ketahanan pangan mikro serta menuntut integrasi bantuan sosial pangan dengan edukasi perilaku konsumsi sehat.",lapor tematik konsumsi pangan indonesia nasional analis proporsi makan total rumah tangga sesuai hukum engel rendah tingkat pangsa belanja makan temu survei ironi alokasi rokok lampau gabung alokasi protein hewani daging ikan kabupaten kota rendah berat beban tahan pangan mikro tuntut integrasi bantu sosial pangan edukasi perilaku konsumsi sehat
2022,Indikator Kemiskinan Makro dan Ketahanan Pangan DKI Jakarta 2022,Publikasi berkala BPS memaparkan capaian penurunan angka kemiskinan makro di DKI Jakarta pada tahun 2022. Kajian menunjukkan bahwa ketidakcukupan konsumsi kalori dan defisit protein berhubungan erat dengan pengalihan daya beli rumah tangga pada pos barang non-nutritif. Program perlindungan sosial dan pengendalian inflasi pangan menjadi kunci strategis untuk mempersempit indeks kedalaman kemiskinan dan menjamin pemenuhan standar gizi minimal.,publikasi papar capai turun angka miskin makro dki jakarta kaji ketidakcukupan konsumsi kalori defisit protein hubung erat alih daya beli rumah tangga pos barang non nutritif program lindung sosial kendali inflasi pangan kunci strategis sempit indeks miskin jamin penuh standar gizi minimal
2022,Profil Kemiskinan di Jawa Barat Periode September 2022,"Pada September 2022 2022, persentase penduduk miskin di Jawa Barat tercatat mengalami perubahan seiring dengan dinamika harga komoditas makanan dan garis kemiskinan. Garis Kemiskinan makanan memberikan sumbangan terbesar terhadap total Garis Kemiskinan, di mana komoditas beras, rokok kretek filter, telur ayam ras, dan daging ayam ras menjadi kontributor utama pengeluaran masyarakat berpenghasilan rendah. Indeks Kedalaman Kemiskinan (P1) dan Indeks Keparahan Kemiskinan (P2) mencerminkan disparitas pengeluaran yang perlu dimitigasi melalui penguatan jaring pengaman sosial, intervensi pemenuhan gizi protein, dan stabilisasi harga bahan pokok di perkotaan maupun perdesaan.",duduk miskin jawa barat catat alami ubah iring dinamika harga komoditas makan garis miskin garis miskin makan sumbang total garis miskin komoditas beras rokok kretek filter telur ayam ras daging ayam ras kontributor utama masyarakat hasil rendah indeks miskin indeks parah miskin cermin disparitas dimitigasi kuat jaring kam sosial intervensi penuh gizi protein stabilisasi harga bahan pokok kota desa
2022,Statistik Kesejahteraan Rakyat Jawa Tengah Tahun 2022,"Publikasi Statistik Kesejahteraan Rakyat menyajikan indikator komprehensif mengenai kondisi taraf hidup rumah tangga di Jawa Tengah pada tahun 2022. Data mencakup aspek kependudukan, kesehatan, pendidikan, pola konsumsi makanan, dan perumahan bersumber dari Survei Sosial Ekonomi Nasional (Susenas). Terlihat pergeseran alokasi belanja rumah tangga di mana pengeluaran untuk produk tembakau dan zat adiktif bersaing ketat dengan belanja pangan bergizi seimbang seperti daging sapi, ikan segar, dan produk susu, yang berimplikasi pada prevalensi ketidakcukupan konsumsi pangan dan risiko gagal tumbuh balita di berbagai wilayah kabupaten/kota.",publikasi statistik sejahtera rakyat saji indikator komprehensif kondisi taraf hidup rumah tangga jawa data cakup aspek duduk sehat didik pola konsumsi makan rumah sumber survei sosial ekonomi nasional susenas geser alokasi belanja rumah tangga produk tembakau zat adiktif saing ketat belanja pangan gizi imbang daging sapi ikan segar produk susu implikasi prevalensi ketidakcukupan konsumsi pangan risiko gagal tumbuh balita wilayah kabupaten kota
2022,Perkembangan Tingkat Ketimpangan Pengeluaran dan Garis Kemiskinan DI Yogyakarta 2022,Badan Pusat Statistik merilis perkembangan Gini Ratio dan Garis Kemiskinan di DI Yogyakarta untuk tahun 2022. Distribusi pengeluaran menunjukkan adanya ketimpangan antara kelompok 20 persen terbawah dengan kelompok pendapatan atas. Komoditas rokok kretek filter menempati urutan kedua setelah beras sebagai penyumbang terbesar garis kemiskinan di daerah perkotaan dan perdesaan. Penyesuaian tarif cukai hasil tembakau dan fluktuasi daya beli mempengaruhi alokasi belanja protein rumah tangga rentan secara signifikan sepanjang tahun pengamatan.,badan pusat statistik rilis kembang gin ratio garis miskin yogyakarta distribusi timpang kelompok kelompok komoditas rokok kretek filter urut beras sumbang garis miskin daerah kota desa sesuai tarif cukai hasil tembakau fluktuasi daya beli pengaruh alokasi belanja protein rumah tangga rentan signifikan
2022,Analisis Pola Konsumsi Pangan dan Ketahanan Gizi Jawa Timur 2022,"Laporan tematik konsumsi pangan Jawa Timur tahun 2022 menganalisis proporsi pengeluaran makanan terhadap total pengeluaran rumah tangga. Sesuai hukum Engel, semakin rendah tingkat pendapatan, semakin tinggi pangsa belanja untuk makanan. Namun, temuan survei memperlihatkan ironi di mana alokasi untuk rokok melampaui gabungan alokasi protein hewani daging dan ikan di sejumlah kabupaten/kota berpendapatan rendah, memperberat beban ketahanan pangan mikro serta menuntut integrasi bantuan sosial pangan dengan edukasi perilaku konsumsi sehat.",lapor tematik konsumsi pangan jawa timur analis proporsi makan total rumah tangga sesuai hukum engel rendah tingkat pangsa belanja makan temu survei ironi alokasi rokok lampau gabung alokasi protein hewani daging ikan kabupaten kota rendah berat beban tahan pangan mikro tuntut integrasi bantu sosial pangan edukasi perilaku konsumsi sehat
2022,Indikator Kemiskinan Makro dan Ketahanan Pangan Banten 2022,Publikasi berkala BPS memaparkan capaian penurunan angka kemiskinan makro di Banten pada tahun 2022. Kajian menunjukkan bahwa ketidakcukupan konsumsi kalori dan defisit protein berhubungan erat dengan pengalihan daya beli rumah tangga pada pos barang non-nutritif. Program perlindungan sosial dan pengendalian inflasi pangan menjadi kunci strategis untuk mempersempit indeks kedalaman kemiskinan dan menjamin pemenuhan standar gizi minimal.,publikasi papar capai turun angka miskin makro banten kaji ketidakcukupan konsumsi kalori defisit protein hubung erat alih daya beli rumah tangga pos barang non nutritif program lindung sosial kendali inflasi pangan kunci strategis sempit indeks miskin jamin penuh standar gizi minimal
2022,Profil Kemiskinan di Aceh Periode September 2022,"Pada September 2022 2022, persentase penduduk miskin di Aceh tercatat mengalami perubahan seiring dengan dinamika harga komoditas makanan dan garis kemiskinan. Garis Kemiskinan makanan memberikan sumbangan terbesar terhadap total Garis Kemiskinan, di mana komoditas beras, rokok kretek filter, telur ayam ras, dan daging ayam ras menjadi kontributor utama pengeluaran masyarakat berpenghasilan rendah. Indeks Kedalaman Kemiskinan (P1) dan Indeks Keparahan Kemiskinan (P2) mencerminkan disparitas pengeluaran yang perlu dimitigasi melalui penguatan jaring pengaman sosial, intervensi pemenuhan gizi protein, dan stabilisasi harga bahan pokok di perkotaan maupun perdesaan.",duduk miskin aceh catat alami ubah iring dinamika harga komoditas makan garis miskin garis miskin makan sumbang total garis miskin komoditas beras rokok kretek filter telur ayam ras daging ayam ras kontributor utama masyarakat hasil rendah indeks miskin indeks parah miskin cermin disparitas dimitigasi kuat jaring kam sosial intervensi penuh gizi protein stabilisasi harga bahan pokok kota desa
2023,Statistik Kesejahteraan Rakyat Indonesia (Nasional) Tahun 2023,"Publikasi Statistik Kesejahteraan Rakyat menyajikan indikator komprehensif mengenai kondisi taraf hidup rumah tangga di Indonesia (Nasional) pada tahun 2023. Data mencakup aspek kependudukan, kesehatan, pendidikan, pola konsumsi makanan, dan perumahan bersumber dari Survei Sosial Ekonomi Nasional (Susenas). Terlihat pergeseran alokasi belanja rumah tangga di mana pengeluaran untuk produk tembakau dan zat adiktif bersaing ketat dengan belanja pangan bergizi seimbang seperti daging sapi, ikan segar, dan produk susu, yang berimplikasi pada prevalensi ketidakcukupan konsumsi pangan dan risiko gagal tumbuh balita di berbagai wilayah kabupaten/kota.",publikasi statistik sejahtera rakyat saji indikator komprehensif kondisi taraf hidup rumah tangga indonesia nasional data cakup aspek duduk sehat didik pola konsumsi makan rumah sumber survei sosial ekonomi nasional susenas geser alokasi belanja rumah tangga produk tembakau zat adiktif saing ketat belanja pangan gizi imbang daging sapi ikan segar produk susu implikasi prevalensi ketidakcukupan konsumsi pangan risiko gagal tumbuh balita wilayah kabupaten kota
2023,Perkembangan Tingkat Ketimpangan Pengeluaran dan Garis Kemiskinan DKI Jakarta 2023,Badan Pusat Statistik merilis perkembangan Gini Ratio dan Garis Kemiskinan di DKI Jakarta untuk tahun 2023. Distribusi pengeluaran menunjukkan adanya ketimpangan antara kelompok 20 persen terbawah dengan kelompok pendapatan atas. Komoditas rokok kretek filter menempati urutan kedua setelah beras sebagai penyumbang terbesar garis kemiskinan di daerah perkotaan dan perdesaan. Penyesuaian tarif cukai hasil tembakau dan fluktuasi daya beli mempengaruhi alokasi belanja protein rumah tangga rentan secara signifikan sepanjang tahun pengamatan.,badan pusat statistik rilis kembang gin ratio garis miskin dki jakarta distribusi timpang kelompok kelompok komoditas rokok kretek filter urut beras sumbang garis miskin daerah kota desa sesuai tarif cukai hasil tembakau fluktuasi daya beli pengaruh alokasi belanja protein rumah tangga rentan signifikan
2023,Analisis Pola Konsumsi Pangan dan Ketahanan Gizi Jawa Barat 2023,"Laporan tematik konsumsi pangan Jawa Barat tahun 2023 menganalisis proporsi pengeluaran makanan terhadap total pengeluaran rumah tangga. Sesuai hukum Engel, semakin rendah tingkat pendapatan, semakin tinggi pangsa belanja untuk makanan. Namun, temuan survei memperlihatkan ironi di mana alokasi untuk rokok melampaui gabungan alokasi protein hewani daging dan ikan di sejumlah kabupaten/kota berpendapatan rendah, memperberat beban ketahanan pangan mikro serta menuntut integrasi bantuan sosial pangan dengan edukasi perilaku konsumsi sehat.",lapor tematik konsumsi pangan jawa barat analis proporsi makan total rumah tangga sesuai hukum engel rendah tingkat pangsa belanja makan temu survei ironi alokasi rokok lampau gabung alokasi protein hewani daging ikan kabupaten kota rendah berat beban tahan pangan mikro tuntut integrasi bantu sosial pangan edukasi perilaku konsumsi sehat
2023,Indikator Kemiskinan Makro dan Ketahanan Pangan Jawa Tengah 2023,Publikasi berkala BPS memaparkan capaian penurunan angka kemiskinan makro di Jawa Tengah pada tahun 2023. Kajian menunjukkan bahwa ketidakcukupan konsumsi kalori dan defisit protein berhubungan erat dengan pengalihan daya beli rumah tangga pada pos barang non-nutritif. Program perlindungan sosial dan pengendalian inflasi pangan menjadi kunci strategis untuk mempersempit indeks kedalaman kemiskinan dan menjamin pemenuhan standar gizi minimal.,publikasi papar capai turun angka miskin makro jawa kaji ketidakcukupan konsumsi kalori defisit protein hubung erat alih daya beli rumah tangga pos barang non nutritif program lindung sosial kendali inflasi pangan kunci strategis sempit indeks miskin jamin penuh standar gizi minimal
2023,Profil Kemiskinan di DI Yogyakarta Periode Maret 2023,"Pada Maret 2023 2023, persentase penduduk miskin di DI Yogyakarta tercatat mengalami perubahan seiring dengan dinamika harga komoditas makanan dan garis kemiskinan. Garis Kemiskinan makanan memberikan sumbangan terbesar terhadap total Garis Kemiskinan, di mana komoditas beras, rokok kretek filter, telur ayam ras, dan daging ayam ras menjadi kontributor utama pengeluaran masyarakat berpenghasilan rendah. Indeks Kedalaman Kemiskinan (P1) dan Indeks Keparahan Kemiskinan (P2) mencerminkan disparitas pengeluaran yang perlu dimitigasi melalui penguatan jaring pengaman sosial, intervensi pemenuhan gizi protein, dan stabilisasi harga bahan pokok di perkotaan maupun perdesaan.",duduk miskin yogyakarta catat alami ubah iring dinamika harga komoditas makan garis miskin garis miskin makan sumbang total garis miskin komoditas beras rokok kretek filter telur ayam ras daging ayam ras kontributor utama masyarakat hasil rendah indeks miskin indeks parah miskin cermin disparitas dimitigasi kuat jaring kam sosial intervensi penuh gizi protein stabilisasi harga bahan pokok kota desa
2023,Statistik Kesejahteraan Rakyat Jawa Timur Tahun 2023,"Publikasi Statistik Kesejahteraan Rakyat menyajikan indikator komprehensif mengenai kondisi taraf hidup rumah tangga di Jawa Timur pada tahun 2023. Data mencakup aspek kependudukan, kesehatan, pendidikan, pola konsumsi makanan, dan perumahan bersumber dari Survei Sosial Ekonomi Nasional (Susenas). Terlihat pergeseran alokasi belanja rumah tangga di mana pengeluaran untuk produk tembakau dan zat adiktif bersaing ketat dengan belanja pangan bergizi seimbang seperti daging sapi, ikan segar, dan produk susu, yang berimplikasi pada prevalensi ketidakcukupan konsumsi pangan dan risiko gagal tumbuh balita di berbagai wilayah kabupaten/kota.",publikasi statistik sejahtera rakyat saji indikator komprehensif kondisi taraf hidup rumah tangga jawa timur data cakup aspek duduk sehat didik pola konsumsi makan rumah sumber survei sosial ekonomi nasional susenas geser alokasi belanja rumah tangga produk tembakau zat adiktif saing ketat belanja pangan gizi imbang daging sapi ikan segar produk susu implikasi prevalensi ketidakcukupan konsumsi pangan risiko gagal tumbuh balita wilayah kabupaten kota
2023,Perkembangan Tingkat Ketimpangan Pengeluaran dan Garis Kemiskinan Banten 2023,Badan Pusat Statistik merilis perkembangan Gini Ratio dan Garis Kemiskinan di Banten untuk tahun 2023. Distribusi pengeluaran menunjukkan adanya ketimpangan antara kelompok 20 persen terbawah dengan kelompok pendapatan atas. Komoditas rokok kretek filter menempati urutan kedua setelah beras sebagai penyumbang terbesar garis kemiskinan di daerah perkotaan dan perdesaan. Penyesuaian tarif cukai hasil tembakau dan fluktuasi daya beli mempengaruhi alokasi belanja protein rumah tangga rentan secara signifikan sepanjang tahun pengamatan.,badan pusat statistik rilis kembang gin ratio garis miskin banten distribusi timpang kelompok kelompok komoditas rokok kretek filter urut beras sumbang garis miskin daerah kota desa sesuai tarif cukai hasil tembakau fluktuasi daya beli pengaruh alokasi belanja protein rumah tangga rentan signifikan
2023,Analisis Pola Konsumsi Pangan dan Ketahanan Gizi Aceh 2023,"Laporan tematik konsumsi pangan Aceh tahun 2023 menganalisis proporsi pengeluaran makanan terhadap total pengeluaran rumah tangga. Sesuai hukum Engel, semakin rendah tingkat pendapatan, semakin tinggi pangsa belanja untuk makanan. Namun, temuan survei memperlihatkan ironi di mana alokasi untuk rokok melampaui gabungan alokasi protein hewani daging dan ikan di sejumlah kabupaten/kota berpendapatan rendah, memperberat beban ketahanan pangan mikro serta menuntut integrasi bantuan sosial pangan dengan edukasi perilaku konsumsi sehat.",lapor tematik konsumsi pangan aceh analis proporsi makan total rumah tangga sesuai hukum engel rendah tingkat pangsa belanja makan temu survei ironi alokasi rokok lampau gabung alokasi protein hewani daging ikan kabupaten kota rendah berat beban tahan pangan mikro tuntut integrasi bantu sosial pangan edukasi perilaku konsumsi sehat
2023,Indikator Kemiskinan Makro dan Ketahanan Pangan Indonesia (Nasional) 2023,Publikasi berkala BPS memaparkan capaian penurunan angka kemiskinan makro di Indonesia (Nasional) pada tahun 2023. Kajian menunjukkan bahwa ketidakcukupan konsumsi kalori dan defisit protein berhubungan erat dengan pengalihan daya beli rumah tangga pada pos barang non-nutritif. Program perlindungan sosial dan pengendalian inflasi pangan menjadi kunci strategis untuk mempersempit indeks kedalaman kemiskinan dan menjamin pemenuhan standar gizi minimal.,publikasi papar capai turun angka miskin makro indonesia nasional kaji ketidakcukupan konsumsi kalori defisit protein hubung erat alih daya beli rumah tangga pos barang non nutritif program lindung sosial kendali inflasi pangan kunci strategis sempit indeks miskin jamin penuh standar gizi minimal
2023,Profil Kemiskinan di DKI Jakarta Periode September 2023,"Pada September 2023 2023, persentase penduduk miskin di DKI Jakarta tercatat mengalami perubahan seiring dengan dinamika harga komoditas makanan dan garis kemiskinan. Garis Kemiskinan makanan memberikan sumbangan terbesar terhadap total Garis Kemiskinan, di mana komoditas beras, rokok kretek filter, telur ayam ras, dan daging ayam ras menjadi kontributor utama pengeluaran masyarakat berpenghasilan rendah. Indeks Kedalaman Kemiskinan (P1) dan Indeks Keparahan Kemiskinan (P2) mencerminkan disparitas pengeluaran yang perlu dimitigasi melalui penguatan jaring pengaman sosial, intervensi pemenuhan gizi protein, dan stabilisasi harga bahan pokok di perkotaan maupun perdesaan.",duduk miskin dki jakarta catat alami ubah iring dinamika harga komoditas makan garis miskin garis miskin makan sumbang total garis miskin komoditas beras rokok kretek filter telur ayam ras daging ayam ras kontributor utama masyarakat hasil rendah indeks miskin indeks parah miskin cermin disparitas dimitigasi kuat jaring kam sosial intervensi penuh gizi protein stabilisasi harga bahan pokok kota desa
2023,Statistik Kesejahteraan Rakyat Jawa Barat Tahun 2023,"Publikasi Statistik Kesejahteraan Rakyat menyajikan indikator komprehensif mengenai kondisi taraf hidup rumah tangga di Jawa Barat pada tahun 2023. Data mencakup aspek kependudukan, kesehatan, pendidikan, pola konsumsi makanan, dan perumahan bersumber dari Survei Sosial Ekonomi Nasional (Susenas). Terlihat pergeseran alokasi belanja rumah tangga di mana pengeluaran untuk produk tembakau dan zat adiktif bersaing ketat dengan belanja pangan bergizi seimbang seperti daging sapi, ikan segar, dan produk susu, yang berimplikasi pada prevalensi ketidakcukupan konsumsi pangan dan risiko gagal tumbuh balita di berbagai wilayah kabupaten/kota.",publikasi statistik sejahtera rakyat saji indikator komprehensif kondisi taraf hidup rumah tangga jawa barat data cakup aspek duduk sehat didik pola konsumsi makan rumah sumber survei sosial ekonomi nasional susenas geser alokasi belanja rumah tangga produk tembakau zat adiktif saing ketat belanja pangan gizi imbang daging sapi ikan segar produk susu implikasi prevalensi ketidakcukupan konsumsi pangan risiko gagal tumbuh balita wilayah kabupaten kota
2023,Perkembangan Tingkat Ketimpangan Pengeluaran dan Garis Kemiskinan Jawa Tengah 2023,Badan Pusat Statistik merilis perkembangan Gini Ratio dan Garis Kemiskinan di Jawa Tengah untuk tahun 2023. Distribusi pengeluaran menunjukkan adanya ketimpangan antara kelompok 20 persen terbawah dengan kelompok pendapatan atas. Komoditas rokok kretek filter menempati urutan kedua setelah beras sebagai penyumbang terbesar garis kemiskinan di daerah perkotaan dan perdesaan. Penyesuaian tarif cukai hasil tembakau dan fluktuasi daya beli mempengaruhi alokasi belanja protein rumah tangga rentan secara signifikan sepanjang tahun pengamatan.,badan pusat statistik rilis kembang gin ratio garis miskin jawa distribusi timpang kelompok kelompok komoditas rokok kretek filter urut beras sumbang garis miskin daerah kota desa sesuai tarif cukai hasil tembakau fluktuasi daya beli pengaruh alokasi belanja protein rumah tangga rentan signifikan
2023,Analisis Pola Konsumsi Pangan dan Ketahanan Gizi DI Yogyakarta 2023,"Laporan tematik konsumsi pangan DI Yogyakarta tahun 2023 menganalisis proporsi pengeluaran makanan terhadap total pengeluaran rumah tangga. Sesuai hukum Engel, semakin rendah tingkat pendapatan, semakin tinggi pangsa belanja untuk makanan. Namun, temuan survei memperlihatkan ironi di mana alokasi untuk rokok melampaui gabungan alokasi protein hewani daging dan ikan di sejumlah kabupaten/kota berpendapatan rendah, memperberat beban ketahanan pangan mikro serta menuntut integrasi bantuan sosial pangan dengan edukasi perilaku konsumsi sehat.",lapor tematik konsumsi pangan yogyakarta analis proporsi makan total rumah tangga sesuai hukum engel rendah tingkat pangsa belanja makan temu survei ironi alokasi rokok lampau gabung alokasi protein hewani daging ikan kabupaten kota rendah berat beban tahan pangan mikro tuntut integrasi bantu sosial pangan edukasi perilaku konsumsi sehat
2023,Indikator Kemiskinan Makro dan Ketahanan Pangan Jawa Timur 2023,Publikasi berkala BPS memaparkan capaian penurunan angka kemiskinan makro di Jawa Timur pada tahun 2023. Kajian menunjukkan bahwa ketidakcukupan konsumsi kalori dan defisit protein berhubungan erat dengan pengalihan daya beli rumah tangga pada pos barang non-nutritif. Program perlindungan sosial dan pengendalian inflasi pangan menjadi kunci strategis untuk mempersempit indeks kedalaman kemiskinan dan menjamin pemenuhan standar gizi minimal.,publikasi papar capai turun angka miskin makro jawa timur kaji ketidakcukupan konsumsi kalori defisit protein hubung erat alih daya beli rumah tangga pos barang non nutritif program lindung sosial kendali inflasi pangan kunci strategis sempit indeks miskin jamin penuh standar gizi minimal
2023,Profil Kemiskinan di Banten Periode September 2023,"Pada September 2023 2023, persentase penduduk miskin di Banten tercatat mengalami perubahan seiring dengan dinamika harga komoditas makanan dan garis kemiskinan. Garis Kemiskinan makanan memberikan sumbangan terbesar terhadap total Garis Kemiskinan, di mana komoditas beras, rokok kretek filter, telur ayam ras, dan daging ayam ras menjadi kontributor utama pengeluaran masyarakat berpenghasilan rendah. Indeks Kedalaman Kemiskinan (P1) dan Indeks Keparahan Kemiskinan (P2) mencerminkan disparitas pengeluaran yang perlu dimitigasi melalui penguatan jaring pengaman sosial, intervensi pemenuhan gizi protein, dan stabilisasi harga bahan pokok di perkotaan maupun perdesaan.",duduk miskin banten catat alami ubah iring dinamika harga komoditas makan garis miskin garis miskin makan sumbang total garis miskin komoditas beras rokok kretek filter telur ayam ras daging ayam ras kontributor utama masyarakat hasil rendah indeks miskin indeks parah miskin cermin disparitas dimitigasi kuat jaring kam sosial intervensi penuh gizi protein stabilisasi harga bahan pokok kota desa
2023,Statistik Kesejahteraan Rakyat Aceh Tahun 2023,"Publikasi Statistik Kesejahteraan Rakyat menyajikan indikator komprehensif mengenai kondisi taraf hidup rumah tangga di Aceh pada tahun 2023. Data mencakup aspek kependudukan, kesehatan, pendidikan, pola konsumsi makanan, dan perumahan bersumber dari Survei Sosial Ekonomi Nasional (Susenas). Terlihat pergeseran alokasi belanja rumah tangga di mana pengeluaran untuk produk tembakau dan zat adiktif bersaing ketat dengan belanja pangan bergizi seimbang seperti daging sapi, ikan segar, dan produk susu, yang berimplikasi pada prevalensi ketidakcukupan konsumsi pangan dan risiko gagal tumbuh balita di berbagai wilayah kabupaten/kota.",publikasi statistik sejahtera rakyat saji indikator komprehensif kondisi taraf hidup rumah tangga aceh data cakup aspek duduk sehat didik pola konsumsi makan rumah sumber survei sosial ekonomi nasional susenas geser alokasi belanja rumah tangga produk tembakau zat adiktif saing ketat belanja pangan gizi imbang daging sapi ikan segar produk susu implikasi prevalensi ketidakcukupan konsumsi pangan risiko gagal tumbuh balita wilayah kabupaten kota
2024,Perkembangan Tingkat Ketimpangan Pengeluaran dan Garis Kemiskinan Indonesia (Nasional) 2024,Badan Pusat Statistik merilis perkembangan Gini Ratio dan Garis Kemiskinan di Indonesia (Nasional) untuk tahun 2024. Distribusi pengeluaran menunjukkan adanya ketimpangan antara kelompok 20 persen terbawah dengan kelompok pendapatan atas. Komoditas rokok kretek filter menempati urutan kedua setelah beras sebagai penyumbang terbesar garis kemiskinan di daerah perkotaan dan perdesaan. Penyesuaian tarif cukai hasil tembakau dan fluktuasi daya beli mempengaruhi alokasi belanja protein rumah tangga rentan secara signifikan sepanjang tahun pengamatan.,badan pusat statistik rilis kembang gin ratio garis miskin indonesia nasional distribusi timpang kelompok kelompok komoditas rokok kretek filter urut beras sumbang garis miskin daerah kota desa sesuai tarif cukai hasil tembakau fluktuasi daya beli pengaruh alokasi belanja protein rumah tangga rentan signifikan
2024,Analisis Pola Konsumsi Pangan dan Ketahanan Gizi DKI Jakarta 2024,"Laporan tematik konsumsi pangan DKI Jakarta tahun 2024 menganalisis proporsi pengeluaran makanan terhadap total pengeluaran rumah tangga. Sesuai hukum Engel, semakin rendah tingkat pendapatan, semakin tinggi pangsa belanja untuk makanan. Namun, temuan survei memperlihatkan ironi di mana alokasi untuk rokok melampaui gabungan alokasi protein hewani daging dan ikan di sejumlah kabupaten/kota berpendapatan rendah, memperberat beban ketahanan pangan mikro serta menuntut integrasi bantuan sosial pangan dengan edukasi perilaku konsumsi sehat.",lapor tematik konsumsi pangan dki jakarta analis proporsi makan total rumah tangga sesuai hukum engel rendah tingkat pangsa belanja makan temu survei ironi alokasi rokok lampau gabung alokasi protein hewani daging ikan kabupaten kota rendah berat beban tahan pangan mikro tuntut integrasi bantu sosial pangan edukasi perilaku konsumsi sehat
2024,Indikator Kemiskinan Makro dan Ketahanan Pangan Jawa Barat 2024,Publikasi berkala BPS memaparkan capaian penurunan angka kemiskinan makro di Jawa Barat pada tahun 2024. Kajian menunjukkan bahwa ketidakcukupan konsumsi kalori dan defisit protein berhubungan erat dengan pengalihan daya beli rumah tangga pada pos barang non-nutritif. Program perlindungan sosial dan pengendalian inflasi pangan menjadi kunci strategis untuk mempersempit indeks kedalaman kemiskinan dan menjamin pemenuhan standar gizi minimal.,publikasi papar capai turun angka miskin makro jawa barat kaji ketidakcukupan konsumsi kalori defisit protein hubung erat alih daya beli rumah tangga pos barang non nutritif program lindung sosial kendali inflasi pangan kunci strategis sempit indeks miskin jamin penuh standar gizi minimal
2024,Profil Kemiskinan di Jawa Tengah Periode Maret 2024,"Pada Maret 2024 2024, persentase penduduk miskin di Jawa Tengah tercatat mengalami perubahan seiring dengan dinamika harga komoditas makanan dan garis kemiskinan. Garis Kemiskinan makanan memberikan sumbangan terbesar terhadap total Garis Kemiskinan, di mana komoditas beras, rokok kretek filter, telur ayam ras, dan daging ayam ras menjadi kontributor utama pengeluaran masyarakat berpenghasilan rendah. Indeks Kedalaman Kemiskinan (P1) dan Indeks Keparahan Kemiskinan (P2) mencerminkan disparitas pengeluaran yang perlu dimitigasi melalui penguatan jaring pengaman sosial, intervensi pemenuhan gizi protein, dan stabilisasi harga bahan pokok di perkotaan maupun perdesaan.",duduk miskin jawa catat alami ubah iring dinamika harga komoditas makan garis miskin garis miskin makan sumbang total garis miskin komoditas beras rokok kretek filter telur ayam ras daging ayam ras kontributor utama masyarakat hasil rendah indeks miskin indeks parah miskin cermin disparitas dimitigasi kuat jaring kam sosial intervensi penuh gizi protein stabilisasi harga bahan pokok kota desa
2024,Statistik Kesejahteraan Rakyat DI Yogyakarta Tahun 2024,"Publikasi Statistik Kesejahteraan Rakyat menyajikan indikator komprehensif mengenai kondisi taraf hidup rumah tangga di DI Yogyakarta pada tahun 2024. Data mencakup aspek kependudukan, kesehatan, pendidikan, pola konsumsi makanan, dan perumahan bersumber dari Survei Sosial Ekonomi Nasional (Susenas). Terlihat pergeseran alokasi belanja rumah tangga di mana pengeluaran untuk produk tembakau dan zat adiktif bersaing ketat dengan belanja pangan bergizi seimbang seperti daging sapi, ikan segar, dan produk susu, yang berimplikasi pada prevalensi ketidakcukupan konsumsi pangan dan risiko gagal tumbuh balita di berbagai wilayah kabupaten/kota.",publikasi statistik sejahtera rakyat saji indikator komprehensif kondisi taraf hidup rumah tangga yogyakarta data cakup aspek duduk sehat didik pola konsumsi makan rumah sumber survei sosial ekonomi nasional susenas geser alokasi belanja rumah tangga produk tembakau zat adiktif saing ketat belanja pangan gizi imbang daging sapi ikan segar produk susu implikasi prevalensi ketidakcukupan konsumsi pangan risiko gagal tumbuh balita wilayah kabupaten kota
2024,Perkembangan Tingkat Ketimpangan Pengeluaran dan Garis Kemiskinan Jawa Timur 2024,Badan Pusat Statistik merilis perkembangan Gini Ratio dan Garis Kemiskinan di Jawa Timur untuk tahun 2024. Distribusi pengeluaran menunjukkan adanya ketimpangan antara kelompok 20 persen terbawah dengan kelompok pendapatan atas. Komoditas rokok kretek filter menempati urutan kedua setelah beras sebagai penyumbang terbesar garis kemiskinan di daerah perkotaan dan perdesaan. Penyesuaian tarif cukai hasil tembakau dan fluktuasi daya beli mempengaruhi alokasi belanja protein rumah tangga rentan secara signifikan sepanjang tahun pengamatan.,badan pusat statistik rilis kembang gin ratio garis miskin jawa timur distribusi timpang kelompok kelompok komoditas rokok kretek filter urut beras sumbang garis miskin daerah kota desa sesuai tarif cukai hasil tembakau fluktuasi daya beli pengaruh alokasi belanja protein rumah tangga rentan signifikan
2024,Analisis Pola Konsumsi Pangan dan Ketahanan Gizi Banten 2024,"Laporan tematik konsumsi pangan Banten tahun 2024 menganalisis proporsi pengeluaran makanan terhadap total pengeluaran rumah tangga. Sesuai hukum Engel, semakin rendah tingkat pendapatan, semakin tinggi pangsa belanja untuk makanan. Namun, temuan survei memperlihatkan ironi di mana alokasi untuk rokok melampaui gabungan alokasi protein hewani daging dan ikan di sejumlah kabupaten/kota berpendapatan rendah, memperberat beban ketahanan pangan mikro serta menuntut integrasi bantuan sosial pangan dengan edukasi perilaku konsumsi sehat.",lapor tematik konsumsi pangan banten analis proporsi makan total rumah tangga sesuai hukum engel rendah tingkat pangsa belanja makan temu survei ironi alokasi rokok lampau gabung alokasi protein hewani daging ikan kabupaten kota rendah berat beban tahan pangan mikro tuntut integrasi bantu sosial pangan edukasi perilaku konsumsi sehat
2024,Indikator Kemiskinan Makro dan Ketahanan Pangan Aceh 2024,Publikasi berkala BPS memaparkan capaian penurunan angka kemiskinan makro di Aceh pada tahun 2024. Kajian menunjukkan bahwa ketidakcukupan konsumsi kalori dan defisit protein berhubungan erat dengan pengalihan daya beli rumah tangga pada pos barang non-nutritif. Program perlindungan sosial dan pengendalian inflasi pangan menjadi kunci strategis untuk mempersempit indeks kedalaman kemiskinan dan menjamin pemenuhan standar gizi minimal.,publikasi papar capai turun angka miskin makro aceh kaji ketidakcukupan konsumsi kalori defisit protein hubung erat alih daya beli rumah tangga pos barang non nutritif program lindung sosial kendali inflasi pangan kunci strategis sempit indeks miskin jamin penuh standar gizi minimal
2024,Profil Kemiskinan di Indonesia (Nasional) Periode September 2024,"Pada September 2024 2024, persentase penduduk miskin di Indonesia (Nasional) tercatat mengalami perubahan seiring dengan dinamika harga komoditas makanan dan garis kemiskinan. Garis Kemiskinan makanan memberikan sumbangan terbesar terhadap total Garis Kemiskinan, di mana komoditas beras, rokok kretek filter, telur ayam ras, dan daging ayam ras menjadi kontributor utama pengeluaran masyarakat berpenghasilan rendah. Indeks Kedalaman Kemiskinan (P1) dan Indeks Keparahan Kemiskinan (P2) mencerminkan disparitas pengeluaran yang perlu dimitigasi melalui penguatan jaring pengaman sosial, intervensi pemenuhan gizi protein, dan stabilisasi harga bahan pokok di perkotaan maupun perdesaan.",duduk miskin indonesia nasional catat alami ubah iring dinamika harga komoditas makan garis miskin garis miskin makan sumbang total garis miskin komoditas beras rokok kretek filter telur ayam ras daging ayam ras kontributor utama masyarakat hasil rendah indeks miskin indeks parah miskin cermin disparitas dimitigasi kuat jaring kam sosial intervensi penuh gizi protein stabilisasi harga bahan pokok kota desa
2024,Statistik Kesejahteraan Rakyat DKI Jakarta Tahun 2024,"Publikasi Statistik Kesejahteraan Rakyat menyajikan indikator komprehensif mengenai kondisi taraf hidup rumah tangga di DKI Jakarta pada tahun 2024. Data mencakup aspek kependudukan, kesehatan, pendidikan, pola konsumsi makanan, dan perumahan bersumber dari Survei Sosial Ekonomi Nasional (Susenas). Terlihat pergeseran alokasi belanja rumah tangga di mana pengeluaran untuk produk tembakau dan zat adiktif bersaing ketat dengan belanja pangan bergizi seimbang seperti daging sapi, ikan segar, dan produk susu, yang berimplikasi pada prevalensi ketidakcukupan konsumsi pangan dan risiko gagal tumbuh balita di berbagai wilayah kabupaten/kota.",publikasi statistik sejahtera rakyat saji indikator komprehensif kondisi taraf hidup rumah tangga dki jakarta data cakup aspek duduk sehat didik pola konsumsi makan rumah sumber survei sosial ekonomi nasional susenas geser alokasi belanja rumah tangga produk tembakau zat adiktif saing ketat belanja pangan gizi imbang daging sapi ikan segar produk susu implikasi prevalensi ketidakcukupan konsumsi pangan risiko gagal tumbuh balita wilayah kabupaten kota
2024,Perkembangan Tingkat Ketimpangan Pengeluaran dan Garis Kemiskinan Jawa Barat 2024,Badan Pusat Statistik merilis perkembangan Gini Ratio dan Garis Kemiskinan di Jawa Barat untuk tahun 2024. Distribusi pengeluaran menunjukkan adanya ketimpangan antara kelompok 20 persen terbawah dengan kelompok pendapatan atas. Komoditas rokok kretek filter menempati urutan kedua setelah beras sebagai penyumbang terbesar garis kemiskinan di daerah perkotaan dan perdesaan. Penyesuaian tarif cukai hasil tembakau dan fluktuasi daya beli mempengaruhi alokasi belanja protein rumah tangga rentan secara signifikan sepanjang tahun pengamatan.,badan pusat statistik rilis kembang gin ratio garis miskin jawa barat distribusi timpang kelompok kelompok komoditas rokok kretek filter urut beras sumbang garis miskin daerah kota desa sesuai tarif cukai hasil tembakau fluktuasi daya beli pengaruh alokasi belanja protein rumah tangga rentan signifikan
2024,Analisis Pola Konsumsi Pangan dan Ketahanan Gizi Jawa Tengah 2024,"Laporan tematik konsumsi pangan Jawa Tengah tahun 2024 menganalisis proporsi pengeluaran makanan terhadap total pengeluaran rumah tangga. Sesuai hukum Engel, semakin rendah tingkat pendapatan, semakin tinggi pangsa belanja untuk makanan. Namun, temuan survei memperlihatkan ironi di mana alokasi untuk rokok melampaui gabungan alokasi protein hewani daging dan ikan di sejumlah kabupaten/kota berpendapatan rendah, memperberat beban ketahanan pangan mikro serta menuntut integrasi bantuan sosial pangan dengan edukasi perilaku konsumsi sehat.",lapor tematik konsumsi pangan jawa analis proporsi makan total rumah tangga sesuai hukum engel rendah tingkat pangsa belanja makan temu survei ironi alokasi rokok lampau gabung alokasi protein hewani daging ikan kabupaten kota rendah berat beban tahan pangan mikro tuntut integrasi bantu sosial pangan edukasi perilaku konsumsi sehat
2024,Indikator Kemiskinan Makro dan Ketahanan Pangan DI Yogyakarta 2024,Publikasi berkala BPS memaparkan capaian penurunan angka kemiskinan makro di DI Yogyakarta pada tahun 2024. Kajian menunjukkan bahwa ketidakcukupan konsumsi kalori dan defisit protein berhubungan erat dengan pengalihan daya beli rumah tangga pada pos barang non-nutritif. Program perlindungan sosial dan pengendalian inflasi pangan menjadi kunci strategis untuk mempersempit indeks kedalaman kemiskinan dan menjamin pemenuhan standar gizi minimal.,publikasi papar capai turun angka miskin makro yogyakarta kaji ketidakcukupan konsumsi kalori defisit protein hubung erat alih daya beli rumah tangga pos barang non nutritif program lindung sosial kendali inflasi pangan kunci strategis sempit indeks miskin jamin penuh standar gizi minimal
2024,Profil Kemiskinan di Jawa Timur Periode September 2024,"Pada September 2024 2024, persentase penduduk miskin di Jawa Timur tercatat mengalami perubahan seiring dengan dinamika harga komoditas makanan dan garis kemiskinan. Garis Kemiskinan makanan memberikan sumbangan terbesar terhadap total Garis Kemiskinan, di mana komoditas beras, rokok kretek filter, telur ayam ras, dan daging ayam ras menjadi kontributor utama pengeluaran masyarakat berpenghasilan rendah. Indeks Kedalaman Kemiskinan (P1) dan Indeks Keparahan Kemiskinan (P2) mencerminkan disparitas pengeluaran yang perlu dimitigasi melalui penguatan jaring pengaman sosial, intervensi pemenuhan gizi protein, dan stabilisasi harga bahan pokok di perkotaan maupun perdesaan.",duduk miskin jawa timur catat alami ubah iring dinamika harga komoditas makan garis miskin garis miskin makan sumbang total garis miskin komoditas beras rokok kretek filter telur ayam ras daging ayam ras kontributor utama masyarakat hasil rendah indeks miskin indeks parah miskin cermin disparitas dimitigasi kuat jaring kam sosial intervensi penuh gizi protein stabilisasi harga bahan pokok kota desa
